id_compte,numero_compte,rib,RIB,iban,IBAN,type_compte,devise,date_ouverture,statut,solde_actuel,id_entreprise,entreprise_id,id_agence,agence_id,id_conseiller,conseiller_id,id_compte_courant_parent,compte_parent_id,date_dernier_mouvement,solde_moyen_trimestriel,classification
1,8707228672184453,0114788707228672184453,0114788707228672184453,MA640114788707228672184453,MA640114788707228672184453,COURANT,MAD,2021-03-13,INACTIF,2351007.4,1,1,1,1,10,10,,,2022-07-21,2425111.28,Inactif
2,2363717233271861,0118532363717233271861,0118532363717233271861,MA640118532363717233271861,MA640118532363717233271861,DAT,MAD,2022-02-06,ACTIF,835384.37,1,1,1,1,10,10,1.0,1.0,2022-02-06,797974.17,Actif
3,4962000222170582,0112974962000222170582,0112974962000222170582,MA640112974962000222170582,MA640112974962000222170582,COURANT,MAD,2015-10-26,ACTIF,726810.76,2,2,1,1,11,11,,,2016-10-16,745918.23,Inactif
4,3627677117244245,0114713627677117244245,0114713627677117244245,MA640114713627677117244245,MA640114713627677117244245,COURANT,MAD,2017-12-05,ACTIF,79468.38,3,3,1,1,10,10,,,2018-08-19,78266.22,Inactif
5,5124669649840192,0119275124669649840192,0119275124669649840192,MA640119275124669649840192,MA640119275124669649840192,DAT,MAD,2018-02-03,ACTIF,22869.33,3,3,1,1,10,10,4.0,4.0,2018-02-03,22869.33,Actif
6,2339603916368984,0117872339603916368984,0117872339603916368984,MA640117872339603916368984,MA640117872339603916368984,COURANT,MAD,2019-08-24,ACTIF,38729.71,4,4,1,1,11,11,,,2023-02-06,37215.52,Inactif
7,5199163852918356,0118865199163852918356,0118865199163852918356,MA640118865199163852918356,MA640118865199163852918356,COURANT,MAD,2011-03-22,INACTIF,3669569.34,5,5,1,1,10,10,,,2021-06-17,3785213.91,Inactif
8,5074525826063090,0114335074525826063090,0114335074525826063090,MA640114335074525826063090,MA640114335074525826063090,COURANT,MAD,2012-03-30,ACTIF,4378373.22,6,6,1,1,11,11,,,2024-10-07,4485179.86,Actif
9,9239285490255641,0115169239285490255641,0115169239285490255641,MA640115169239285490255641,MA640115169239285490255641,COURANT,MAD,2019-11-21,ACTIF,1919244.42,7,7,1,1,10,10,,,2021-05-20,1919546.06,Inactif
10,2382157913074636,0119222382157913074636,0119222382157913074636,MA640119222382157913074636,MA640119222382157913074636,COURANT,MAD,2012-12-02,INACTIF,2270142.25,8,8,1,1,11,11,,,2022-04-29,2190664.23,Inactif
11,6107459492659260,0117566107459492659260,0117566107459492659260,MA640117566107459492659260,MA640117566107459492659260,DAT,MAD,2013-07-15,ACTIF,867039.43,8,8,1,1,11,11,10.0,10.0,2013-07-15,867039.43,Actif
12,8065708395422636,0119708065708395422636,0119708065708395422636,MA640119708065708395422636,MA640119708065708395422636,COURANT,MAD,2007-03-31,ACTIF,768398.31,9,9,1,1,10,10,,,2010-03-19,774922.75,Inactif
13,8187993228977763,0115148187993228977763,0115148187993228977763,MA640115148187993228977763,MA640115148187993228977763,DAT,MAD,2007-07-02,ACTIF,255107.79,9,9,1,1,10,10,12.0,12.0,2007-07-02,255107.79,Actif
14,2123653094935617,0112552123653094935617,0112552123653094935617,MA640112552123653094935617,MA640112552123653094935617,COURANT,MAD,2017-10-27,ACTIF,4232292.1,10,10,1,1,11,11,,,2023-06-02,4072984.53,Inactif
15,8630019461198497,0117338630019461198497,0117338630019461198497,MA640117338630019461198497,MA640117338630019461198497,COURANT,MAD,2012-09-03,ACTIF,89397.11,11,11,1,1,10,10,,,2015-12-13,88503.58,Inactif
16,2158974010521062,0118252158974010521062,0118252158974010521062,MA640118252158974010521062,MA640118252158974010521062,COURANT,MAD,2017-11-17,ACTIF,139140.08,12,12,1,1,11,11,,,2018-01-01,136325.23,Inactif
17,5720371076072249,0117485720371076072249,0117485720371076072249,MA640117485720371076072249,MA640117485720371076072249,COURANT,MAD,2017-06-23,ACTIF,332714.12,13,13,1,1,10,10,,,2018-12-05,322052.21,Inactif
18,1409438416258097,0112491409438416258097,0112491409438416258097,MA640112491409438416258097,MA640112491409438416258097,COURANT,MAD,2012-05-02,ACTIF,230653.21,14,14,1,1,11,11,,,2022-09-22,233244.21,Inactif
19,3568586384692313,0113603568586384692313,0113603568586384692313,MA640113603568586384692313,MA640113603568586384692313,COURANT,MAD,2008-03-14,ACTIF,173102.16,15,15,1,1,10,10,,,2018-08-02,165363.88,Inactif
20,1599898354450585,0118341599898354450585,0118341599898354450585,MA640118341599898354450585,MA640118341599898354450585,COURANT,MAD,2012-02-28,INACTIF,3561516.74,16,16,1,1,11,11,,,2023-08-21,3690906.48,Inactif
21,7925748063611078,0117467925748063611078,0117467925748063611078,MA640117467925748063611078,MA640117467925748063611078,COURANT,MAD,2021-12-10,ACTIF,5307022.22,17,17,1,1,10,10,,,2022-01-11,5052173.31,Inactif
22,1171714466171331,0113681171714466171331,0113681171714466171331,MA640113681171714466171331,MA640113681171714466171331,COURANT,MAD,2020-08-19,INACTIF,219154.61,18,18,1,1,11,11,,,2022-08-23,212291.91,Inactif
23,6357158191468439,0115616357158191468439,0115616357158191468439,MA640115616357158191468439,MA640115616357158191468439,DAT,MAD,2021-01-30,ACTIF,59292.34,18,18,1,1,11,11,22.0,22.0,2021-01-30,61517.94,Actif
24,2119799695169781,0119912119799695169781,0119912119799695169781,MA640119912119799695169781,MA640119912119799695169781,COURANT,MAD,2017-06-09,ACTIF,345922.15,19,19,1,1,10,10,,,2023-01-27,332755.64,Inactif
25,6263248444840947,0115466263248444840947,0115466263248444840947,MA640115466263248444840947,MA640115466263248444840947,DAT,MAD,2017-12-25,ACTIF,137267.14,19,19,1,1,10,10,24.0,24.0,2017-12-25,137267.14,Actif
26,5756933167903564,0119615756933167903564,0119615756933167903564,MA640119615756933167903564,MA640119615756933167903564,COURANT,MAD,2007-05-14,ACTIF,84592.42,20,20,1,1,11,11,,,2010-05-20,80731.05,Inactif
27,7851149469431275,0116207851149469431275,0116207851149469431275,MA640116207851149469431275,MA640116207851149469431275,DAT,MAD,2008-03-10,ACTIF,34186.18,20,20,1,1,11,11,26.0,26.0,2008-03-10,34186.18,Actif
28,9232142693676743,0118139232142693676743,0118139232142693676743,MA640118139232142693676743,MA640118139232142693676743,COURANT,MAD,2012-06-04,ACTIF,7307251.92,21,21,1,1,10,10,,,2017-10-02,7094624.41,Inactif
29,8940028013091047,0112418940028013091047,0112418940028013091047,MA640112418940028013091047,MA640112418940028013091047,COURANT,MAD,2011-06-08,ACTIF,479695.89,22,22,1,1,11,11,,,2013-05-30,483830.18,Inactif
30,7469219389070577,0113867469219389070577,0113867469219389070577,MA640113867469219389070577,MA640113867469219389070577,COURANT,MAD,2010-05-01,ACTIF,434727.4,23,23,1,1,10,10,,,2016-07-17,456245.7,Inactif
31,3876541678308735,0111153876541678308735,0111153876541678308735,MA640111153876541678308735,MA640111153876541678308735,COURANT,MAD,2005-10-29,ACTIF,441692.51,24,24,1,1,11,11,,,2006-03-14,443409.56,Inactif
32,5330563743003049,0117005330563743003049,0117005330563743003049,MA640117005330563743003049,MA640117005330563743003049,COURANT,MAD,2006-03-21,ACTIF,361910.34,25,25,1,1,10,10,,,2018-10-12,345072.4,Inactif
33,7168666185612600,0113657168666185612600,0113657168666185612600,MA640113657168666185612600,MA640113657168666185612600,COURANT,MAD,2014-10-17,ACTIF,22041382.54,26,26,1,1,11,11,,,2022-12-28,20947424.65,Inactif
34,2719943985268530,0115512719943985268530,0115512719943985268530,MA640115512719943985268530,MA640115512719943985268530,DAT,MAD,2015-04-22,ACTIF,7653596.22,26,26,1,1,11,11,33.0,33.0,2015-04-22,7653596.22,Actif
35,6487349373650357,0118536487349373650357,0118536487349373650357,MA640118536487349373650357,MA640118536487349373650357,COURANT,MAD,2007-03-03,INACTIF,2469748.03,27,27,1,1,10,10,,,2011-12-28,2530371.94,Inactif
36,1105045984704673,0116051105045984704673,0116051105045984704673,MA640116051105045984704673,MA640116051105045984704673,COURANT,MAD,2011-07-16,ACTIF,123648.4,28,28,1,1,11,11,,,2017-04-10,124790.92,Inactif
37,9412626180963668,0119349412626180963668,0119349412626180963668,MA640119349412626180963668,MA640119349412626180963668,DAT,MAD,2012-03-08,ACTIF,45385.27,28,28,1,1,11,11,36.0,36.0,2012-03-08,45385.27,Actif
38,6100244798695038,0114396100244798695038,0114396100244798695038,MA640114396100244798695038,MA640114396100244798695038,COURANT,MAD,2019-03-12,ACTIF,75073252.11,29,29,1,1,10,10,,,2020-11-12,75778802.95,Inactif
39,3490695831320523,0117793490695831320523,0117793490695831320523,MA640117793490695831320523,MA640117793490695831320523,COURANT,MAD,2005-02-25,ACTIF,77655538.37,30,30,1,1,11,11,,,2016-12-09,75509247.87,Inactif
40,3930426530704750,0116393930426530704750,0116393930426530704750,MA640116393930426530704750,MA640116393930426530704750,COURANT,MAD,2010-10-17,ACTIF,90205944.63,31,31,1,1,10,10,,,2016-04-18,86023118.04,Inactif
41,5000037966694280,0116485000037966694280,0116485000037966694280,MA640116485000037966694280,MA640116485000037966694280,COURANT,MAD,2017-09-15,ACTIF,449647.5,32,32,1,1,11,11,,,2023-02-22,430711.04,Inactif
42,5347953384043097,0113855347953384043097,0113855347953384043097,MA640113855347953384043097,MA640113855347953384043097,COURANT,MAD,2011-09-24,ACTIF,253679.0,33,33,1,1,10,10,,,2016-08-20,244959.53,Inactif
43,5492575429670856,0115865492575429670856,0115865492575429670856,MA640115865492575429670856,MA640115865492575429670856,COURANT,MAD,2012-12-24,ACTIF,143959.58,34,34,1,1,11,11,,,2014-10-05,146703.0,Inactif
44,5425870290490408,0114525425870290490408,0114525425870290490408,MA640114525425870290490408,MA640114525425870290490408,COURANT,MAD,2014-10-21,ACTIF,56688.24,35,35,1,1,10,10,,,2021-11-07,57804.8,Inactif
45,4710235721675008,0115684710235721675008,0115684710235721675008,MA640115684710235721675008,MA640115684710235721675008,COURANT,MAD,2007-06-16,ACTIF,62642595.73,36,36,1,1,11,11,,,2022-11-02,64135675.01,Inactif
46,6751798169560834,0112606751798169560834,0112606751798169560834,MA640112606751798169560834,MA640112606751798169560834,COURANT,MAD,2009-09-15,INACTIF,97102515.2,37,37,1,1,10,10,,,2016-12-14,97657357.93,Inactif
47,6696210944517026,0116046696210944517026,0116046696210944517026,MA640116046696210944517026,MA640116046696210944517026,COURANT,MAD,2018-01-30,ACTIF,6553945.81,38,38,1,1,11,11,,,2021-10-31,6599558.37,Inactif
48,9607733268496151,0114669607733268496151,0114669607733268496151,MA640114669607733268496151,MA640114669607733268496151,COURANT,MAD,2008-08-28,ACTIF,181018.39,39,39,1,1,10,10,,,2015-08-17,172581.69,Inactif
49,1106518816686777,0118391106518816686777,0118391106518816686777,MA640118391106518816686777,MA640118391106518816686777,COURANT,MAD,2017-11-10,ACTIF,4461937.17,40,40,1,1,11,11,,,2024-03-15,4541606.01,Inactif
50,3572568015051841,0119033572568015051841,0119033572568015051841,MA640119033572568015051841,MA640119033572568015051841,COURANT,MAD,2014-05-06,ACTIF,195310.02,41,41,1,1,10,10,,,2015-04-22,191852.53,Inactif
51,9580558230835124,0117679580558230835124,0117679580558230835124,MA640117679580558230835124,MA640117679580558230835124,DAT,MAD,2015-02-03,ACTIF,59326.8,41,41,1,1,10,10,50.0,50.0,2015-02-03,59326.8,Actif
52,4768355282672212,0116364768355282672212,0116364768355282672212,MA640116364768355282672212,MA640116364768355282672212,COURANT,MAD,2016-07-09,ACTIF,1808264.32,42,42,1,1,11,11,,,2024-11-15,1724236.21,Actif
53,6505742984262295,0114906505742984262295,0114906505742984262295,MA640114906505742984262295,MA640114906505742984262295,COURANT,MAD,2009-04-30,ACTIF,7745704.45,43,43,1,1,10,10,,,2010-06-03,7931065.0,Inactif
54,9506295077934407,0111849506295077934407,0111849506295077934407,MA640111849506295077934407,MA640111849506295077934407,COURANT,MAD,2014-11-15,ACTIF,2614993.7,44,44,1,1,11,11,,,2015-04-01,2647171.57,Inactif
55,5478092439416977,0111735478092439416977,0111735478092439416977,MA640111735478092439416977,MA640111735478092439416977,COURANT,MAD,2014-01-27,ACTIF,102284.86,45,45,1,1,10,10,,,2018-12-28,100667.82,Inactif
56,2400251556428671,0115972400251556428671,0115972400251556428671,MA640115972400251556428671,MA640115972400251556428671,COURANT,MAD,2016-05-14,ACTIF,8823328.39,46,46,1,1,11,11,,,2020-01-10,8384440.86,Inactif
57,9255118468709308,0111419255118468709308,0111419255118468709308,MA640111419255118468709308,MA640111419255118468709308,COURANT,MAD,2019-01-31,ACTIF,161590.45,47,47,1,1,10,10,,,2024-07-07,161797.3,Faiblement actif
58,2849334076541473,0117482849334076541473,0117482849334076541473,MA640117482849334076541473,MA640117482849334076541473,DAT,MAD,2019-09-24,ACTIF,94557.46,47,47,1,1,10,10,57.0,57.0,2019-09-24,94557.46,Actif
59,6302777750119360,0113116302777750119360,0113116302777750119360,MA640113116302777750119360,MA640113116302777750119360,COURANT,MAD,2013-04-01,ACTIF,14467269.11,48,48,1,1,11,11,,,2014-08-29,15016961.46,Inactif
60,6965273194092422,0115186965273194092422,0115186965273194092422,MA640115186965273194092422,MA640115186965273194092422,COURANT,MAD,2017-09-23,ACTIF,7134913.74,49,49,1,1,10,10,,,2019-06-13,7120645.57,Inactif
61,5308151897108374,0114655308151897108374,0114655308151897108374,MA640114655308151897108374,MA640114655308151897108374,COURANT,MAD,2008-12-06,ACTIF,53010.71,50,50,1,1,11,11,,,2023-08-26,54202.88,Inactif
62,5295310883688558,0119955295310883688558,0119955295310883688558,MA640119955295310883688558,MA640119955295310883688558,COURANT,MAD,2009-01-12,ACTIF,16469.52,51,51,1,1,10,10,,,2012-02-22,17245.39,Inactif
63,5976531763373687,0117215976531763373687,0117215976531763373687,MA640117215976531763373687,MA640117215976531763373687,COURANT,MAD,2018-12-04,ACTIF,95284.54,52,52,1,1,11,11,,,2024-04-12,94268.96,Inactif
64,1300323474491302,0119521300323474491302,0119521300323474491302,MA640119521300323474491302,MA640119521300323474491302,COURANT,MAD,2016-10-15,ACTIF,53482095.34,53,53,1,1,10,10,,,2020-08-21,54767647.92,Inactif
65,8643941023429142,0118138643941023429142,0118138643941023429142,MA640118138643941023429142,MA640118138643941023429142,DAT,MAD,2017-08-29,ACTIF,21608345.7,53,53,1,1,10,10,64.0,64.0,2017-08-29,21608345.7,Actif
66,3055903386851275,0111703055903386851275,0111703055903386851275,MA640111703055903386851275,MA640111703055903386851275,COURANT,MAD,2006-06-19,ACTIF,212855.37,54,54,1,1,11,11,,,2021-08-29,220088.74,Inactif
67,3217429355506952,0117183217429355506952,0117183217429355506952,MA640117183217429355506952,MA640117183217429355506952,DAT,MAD,2006-12-23,ACTIF,92683.82,54,54,1,1,11,11,66.0,66.0,2006-12-23,92683.82,Actif
68,3386968579795026,0116543386968579795026,0116543386968579795026,MA640116543386968579795026,MA640116543386968579795026,COURANT,MAD,2005-06-16,ACTIF,83817.63,55,55,1,1,10,10,,,2022-06-27,83863.69,Inactif
69,9898146686553029,0114449898146686553029,0114449898146686553029,MA640114449898146686553029,MA640114449898146686553029,DAT,MAD,2006-06-10,ACTIF,23156.66,55,55,1,1,10,10,68.0,68.0,2006-06-10,23156.66,Actif
70,6090010652847571,0114586090010652847571,0114586090010652847571,MA640114586090010652847571,MA640114586090010652847571,COURANT,MAD,2013-01-18,ACTIF,4811100.46,56,56,1,1,11,11,,,2013-11-14,4814427.94,Inactif
71,3821885395717754,0119123821885395717754,0119123821885395717754,MA640119123821885395717754,MA640119123821885395717754,COURANT,MAD,2007-01-15,ACTIF,3099624.55,57,57,1,1,10,10,,,2013-11-25,3105677.55,Inactif
72,6510003185655486,0114446510003185655486,0114446510003185655486,MA640114446510003185655486,MA640114446510003185655486,COURANT,MAD,2019-02-06,ACTIF,5416730.29,58,58,1,1,11,11,,,2021-01-21,5644140.15,Inactif
73,1721664275347509,0119791721664275347509,0119791721664275347509,MA640119791721664275347509,MA640119791721664275347509,COURANT,MAD,2018-03-17,ACTIF,415883.87,59,59,1,1,10,10,,,2022-09-30,429089.31,Inactif
74,7262883826775788,0115747262883826775788,0115747262883826775788,MA640115747262883826775788,MA640115747262883826775788,COURANT,MAD,2008-07-02,ACTIF,1961451.41,60,60,1,1,11,11,,,2009-08-23,1956076.51,Inactif
75,4385791672054715,0117584385791672054715,0117584385791672054715,MA640117584385791672054715,MA640117584385791672054715,DAT,MAD,2009-01-18,ACTIF,1093284.42,60,60,1,1,11,11,74.0,74.0,2009-01-18,1093284.42,Actif
76,4226485999014851,0113694226485999014851,0113694226485999014851,MA640113694226485999014851,MA640113694226485999014851,COURANT,MAD,2016-04-17,ACTIF,30267270.75,61,61,1,1,10,10,,,2017-02-04,29932154.3,Inactif
77,2791697633212792,0115952791697633212792,0115952791697633212792,MA640115952791697633212792,MA640115952791697633212792,DAT,MAD,2017-02-15,ACTIF,15763291.04,61,61,1,1,10,10,76.0,76.0,2017-02-15,15763291.04,Actif
78,5520003063860348,0116125520003063860348,0116125520003063860348,MA640116125520003063860348,MA640116125520003063860348,COURANT,MAD,2016-03-20,ACTIF,179436.82,62,62,1,1,11,11,,,2019-01-26,186753.15,Inactif
79,2278164562815737,0114162278164562815737,0114162278164562815737,MA640114162278164562815737,MA640114162278164562815737,COURANT,MAD,2005-11-06,ACTIF,325838.11,63,63,1,1,10,10,,,2017-10-28,324378.29,Inactif
80,4191526629403500,0112554191526629403500,0112554191526629403500,MA640112554191526629403500,MA640112554191526629403500,COURANT,MAD,2017-02-15,ACTIF,236458.54,64,64,1,1,11,11,,,2023-02-21,246182.65,Inactif
81,8812451756172299,0118678812451756172299,0118678812451756172299,MA640118678812451756172299,MA640118678812451756172299,COURANT,MAD,2007-01-26,ACTIF,5571608.13,65,65,1,1,10,10,,,2017-12-20,5486731.55,Inactif
82,6486608164016186,0117696486608164016186,0117696486608164016186,MA640117696486608164016186,MA640117696486608164016186,COURANT,MAD,2008-06-17,INACTIF,4929211.34,66,66,1,1,11,11,,,2009-06-14,4686541.68,Inactif
83,2577833935959953,0117552577833935959953,0117552577833935959953,MA640117552577833935959953,MA640117552577833935959953,COURANT,MAD,2011-04-14,ACTIF,5355940.17,67,67,1,1,10,10,,,2020-06-28,5134631.03,Inactif
84,6959798510252457,0114096959798510252457,0114096959798510252457,MA640114096959798510252457,MA640114096959798510252457,COURANT,MAD,2007-08-17,ACTIF,369350.71,68,68,1,1,11,11,,,2014-05-14,361260.21,Inactif
85,2288704944156455,0117482288704944156455,0117482288704944156455,MA640117482288704944156455,MA640117482288704944156455,COURANT,MAD,2017-01-25,ACTIF,203221.35,69,69,1,1,10,10,,,2022-08-05,206293.36,Inactif
86,2670816884621165,0113972670816884621165,0113972670816884621165,MA640113972670816884621165,MA640113972670816884621165,COURANT,MAD,2007-08-04,ACTIF,8112639.18,70,70,1,1,11,11,,,2015-06-04,8435082.28,Inactif
87,4803745660044865,0116114803745660044865,0116114803745660044865,MA640116114803745660044865,MA640116114803745660044865,COURANT,MAD,2009-04-10,ACTIF,497373.53,71,71,1,1,10,10,,,2018-04-19,488517.63,Inactif
88,2044657971755903,0111192044657971755903,0111192044657971755903,MA640111192044657971755903,MA640111192044657971755903,COURANT,MAD,2019-11-22,ACTIF,1990538.69,72,72,1,1,11,11,,,2021-11-03,1938795.64,Inactif
89,1473330761434597,0118671473330761434597,0118671473330761434597,MA640118671473330761434597,MA640118671473330761434597,COURANT,MAD,2006-07-01,ACTIF,8479200.02,73,73,1,1,10,10,,,2016-10-24,8900439.21,Inactif
90,9017931433903905,0118179017931433903905,0118179017931433903905,MA640118179017931433903905,MA640118179017931433903905,COURANT,MAD,2006-09-08,ACTIF,289438.9,74,74,1,1,11,11,,,2018-07-20,290453.87,Inactif
91,5901164987618227,0118675901164987618227,0118675901164987618227,MA640118675901164987618227,MA640118675901164987618227,COURANT,MAD,2006-04-26,ACTIF,4038897.84,75,75,1,1,10,10,,,2024-06-28,4160723.36,Inactif
92,6392925243552643,0115556392925243552643,0115556392925243552643,MA640115556392925243552643,MA640115556392925243552643,COURANT,MAD,2015-02-24,ACTIF,7729439.33,76,76,1,1,11,11,,,2019-02-08,7505382.42,Inactif
93,8075799789771817,0114648075799789771817,0114648075799789771817,MA640114648075799789771817,MA640114648075799789771817,COURANT,MAD,2017-04-14,ACTIF,190832.55,77,77,1,1,10,10,,,2021-11-08,197950.66,Inactif
94,8166937682253547,0112368166937682253547,0112368166937682253547,MA640112368166937682253547,MA640112368166937682253547,DAT,MAD,2017-07-18,ACTIF,55136.94,77,77,1,1,10,10,93.0,93.0,2017-07-18,55136.94,Actif
95,4093502956359602,0113184093502956359602,0113184093502956359602,MA640113184093502956359602,MA640113184093502956359602,COURANT,MAD,2005-07-10,ACTIF,2222547.56,78,78,1,1,11,11,,,2023-12-02,2299031.85,Inactif
96,7282671851592392,0117187282671851592392,0117187282671851592392,MA640117187282671851592392,MA640117187282671851592392,COURANT,MAD,2021-01-23,ACTIF,14517567.22,79,79,1,1,10,10,,,2021-12-26,14427220.71,Inactif
97,4020112952097153,0117884020112952097153,0117884020112952097153,MA640117884020112952097153,MA640117884020112952097153,COURANT,MAD,2012-09-16,ACTIF,309170.82,80,80,1,1,11,11,,,2023-06-21,301510.48,Inactif
98,4597439479814700,0111644597439479814700,0111644597439479814700,MA640111644597439479814700,MA640111644597439479814700,COURANT,MAD,2014-08-14,ACTIF,209952.95,81,81,1,1,10,10,,,2014-11-13,210983.48,Inactif
99,7124045440645572,0111527124045440645572,0111527124045440645572,MA640111527124045440645572,MA640111527124045440645572,COURANT,MAD,2021-03-03,ACTIF,9736582.36,82,82,1,1,11,11,,,2023-03-18,10123871.4,Inactif
100,1338092978943105,0119441338092978943105,0119441338092978943105,MA640119441338092978943105,MA640119441338092978943105,COURANT,MAD,2017-09-24,ACTIF,185554.92,83,83,1,1,10,10,,,2019-09-07,186791.19,Inactif
101,7319984689362602,0118467319984689362602,0118467319984689362602,MA640118467319984689362602,MA640118467319984689362602,COURANT,MAD,2021-01-03,ACTIF,474548.85,84,84,1,1,11,11,,,2022-06-28,485185.76,Inactif
102,6239057767601447,0116356239057767601447,0116356239057767601447,MA640116356239057767601447,MA640116356239057767601447,COURANT,MAD,2018-03-21,ACTIF,75037.78,85,85,1,1,10,10,,,2024-10-04,77444.55,Actif
103,3231329420141335,0113003231329420141335,0113003231329420141335,MA640113003231329420141335,MA640113003231329420141335,COURANT,MAD,2013-01-04,ACTIF,406072.7,86,86,1,1,11,11,,,2018-12-05,396861.23,Inactif
104,8859533375663590,0112108859533375663590,0112108859533375663590,MA640112108859533375663590,MA640112108859533375663590,COURANT,MAD,2021-09-20,ACTIF,434034.91,87,87,1,1,10,10,,,2024-10-13,419568.73,Actif
105,5108860562923987,0117335108860562923987,0117335108860562923987,MA640117335108860562923987,MA640117335108860562923987,COURANT,MAD,2008-11-18,ACTIF,9786654.5,88,88,1,1,11,11,,,2016-01-09,9933010.97,Inactif
106,3882596034275084,0118163882596034275084,0118163882596034275084,MA640118163882596034275084,MA640118163882596034275084,COURANT,MAD,2008-01-05,ACTIF,316412.17,89,89,1,1,10,10,,,2016-06-01,314702.35,Inactif
107,8144724799353132,0118918144724799353132,0118918144724799353132,MA640118918144724799353132,MA640118918144724799353132,COURANT,MAD,2006-12-02,ACTIF,103350.89,90,90,1,1,11,11,,,2024-01-24,100369.61,Inactif
108,7041750035176593,0114917041750035176593,0114917041750035176593,MA640114917041750035176593,MA640114917041750035176593,DAT,MAD,2007-04-20,ACTIF,43422.16,90,90,1,1,11,11,107.0,107.0,2007-04-20,43422.16,Actif
109,8417098196982204,0113118417098196982204,0113118417098196982204,MA640113118417098196982204,MA640113118417098196982204,COURANT,MAD,2017-06-07,ACTIF,3445597.13,91,91,1,1,10,10,,,2024-08-24,3547387.99,Faiblement actif
110,6966772067557861,0113216966772067557861,0113216966772067557861,MA640113216966772067557861,MA640113216966772067557861,DAT,MAD,2018-05-06,ACTIF,1715375.92,91,91,1,1,10,10,109.0,109.0,2018-05-06,1715375.92,Actif
111,4750826176659916,0118974750826176659916,0118974750826176659916,MA640118974750826176659916,MA640118974750826176659916,COURANT,MAD,2015-02-20,ACTIF,51786113.28,92,92,1,1,11,11,,,2016-01-14,54332493.92,Inactif
112,8009219542726323,0117778009219542726323,0117778009219542726323,MA640117778009219542726323,MA640117778009219542726323,COURANT,MAD,2016-10-22,ACTIF,87077.19,93,93,1,1,10,10,,,2019-01-12,83723.83,Inactif
113,3779096462233161,0116543779096462233161,0116543779096462233161,MA640116543779096462233161,MA640116543779096462233161,COURANT,MAD,2019-01-10,ACTIF,38096.92,94,94,1,1,11,11,,,2019-02-25,36237.19,Inactif
114,7290957074814358,0113987290957074814358,0113987290957074814358,MA640113987290957074814358,MA640113987290957074814358,DAT,MAD,2019-08-30,ACTIF,12538.78,94,94,1,1,11,11,113.0,113.0,2019-08-30,12538.78,Actif
115,9925641774849775,0117779925641774849775,0117779925641774849775,MA640117779925641774849775,MA640117779925641774849775,COURANT,MAD,2009-09-25,ACTIF,27873.89,95,95,1,1,10,10,,,2019-07-02,26887.82,Inactif
116,6008690710346771,0117186008690710346771,0117186008690710346771,MA640117186008690710346771,MA640117186008690710346771,COURANT,MAD,2019-05-13,ACTIF,388862.41,96,96,1,1,11,11,,,2024-10-12,398413.61,Actif
117,3490299522590849,0115263490299522590849,0115263490299522590849,MA640115263490299522590849,MA640115263490299522590849,COURANT,MAD,2007-10-08,ACTIF,243976.26,97,97,1,1,10,10,,,2018-12-16,252371.66,Inactif
118,9815026950239060,0111509815026950239060,0111509815026950239060,MA640111509815026950239060,MA640111509815026950239060,COURANT,MAD,2009-05-13,INACTIF,5283170.77,98,98,1,1,11,11,,,2011-09-03,5538058.05,Inactif
119,4991273197824206,0114964991273197824206,0114964991273197824206,MA640114964991273197824206,MA640114964991273197824206,COURANT,MAD,2020-09-19,ACTIF,1761593.08,99,99,1,1,10,10,,,2022-07-23,1703929.32,Inactif
120,5006541624654999,0115785006541624654999,0115785006541624654999,MA640115785006541624654999,MA640115785006541624654999,DAT,MAD,2021-05-26,ACTIF,539873.3,99,99,1,1,10,10,119.0,119.0,2021-05-26,531479.12,Actif
121,4096282091768943,0118014096282091768943,0118014096282091768943,MA640118014096282091768943,MA640118014096282091768943,COURANT,MAD,2009-08-08,ACTIF,180074.38,100,100,1,1,11,11,,,2024-11-21,173509.87,Actif
122,8638704914454734,0119158638704914454734,0119158638704914454734,MA640119158638704914454734,MA640119158638704914454734,DAT,MAD,2010-01-13,ACTIF,116392.67,100,100,1,1,11,11,121.0,121.0,2010-01-13,116392.67,Actif
123,9659364412075786,0115989659364412075786,0115989659364412075786,MA640115989659364412075786,MA640115989659364412075786,COURANT,MAD,2013-05-15,ACTIF,482801.78,101,101,1,1,10,10,,,2018-07-07,489837.09,Inactif
124,1712431726560162,0117991712431726560162,0117991712431726560162,MA640117991712431726560162,MA640117991712431726560162,COURANT,MAD,2015-10-16,INACTIF,263580.29,102,102,1,1,11,11,,,2021-12-25,267094.83,Inactif
125,2340043835209875,0116872340043835209875,0116872340043835209875,MA640116872340043835209875,MA640116872340043835209875,DAT,MAD,2016-08-27,ACTIF,69111.53,102,102,1,1,11,11,124.0,124.0,2016-08-27,69111.53,Actif
126,7235042511446148,0115007235042511446148,0115007235042511446148,MA640115007235042511446148,MA640115007235042511446148,COURANT,MAD,2014-11-28,ACTIF,201567.49,103,103,1,1,10,10,,,2020-02-03,198928.12,Inactif
127,2859548955758595,0115072859548955758595,0115072859548955758595,MA640115072859548955758595,MA640115072859548955758595,COURANT,MAD,2009-07-18,ACTIF,121909.85,104,104,1,1,11,11,,,2013-05-25,123168.02,Inactif
128,6683363986690234,0112156683363986690234,0112156683363986690234,MA640112156683363986690234,MA640112156683363986690234,DAT,MAD,2009-11-14,ACTIF,47486.5,104,104,1,1,11,11,127.0,127.0,2009-11-14,47486.5,Actif
129,7845695571135583,0118247845695571135583,0118247845695571135583,MA640118247845695571135583,MA640118247845695571135583,COURANT,MAD,2019-04-22,ACTIF,73762081.18,105,105,1,1,10,10,,,2023-06-02,71779818.37,Inactif
130,3670755259399803,0113373670755259399803,0113373670755259399803,MA640113373670755259399803,MA640113373670755259399803,COURANT,MAD,2019-08-29,ACTIF,1501489.09,106,106,1,1,11,11,,,2022-09-18,1554289.62,Inactif
131,2109751010571999,0117542109751010571999,0117542109751010571999,MA640117542109751010571999,MA640117542109751010571999,COURANT,MAD,2020-06-06,ACTIF,152531.05,107,107,1,1,10,10,,,2022-09-20,146122.26,Inactif
132,5537524644053876,0114185537524644053876,0114185537524644053876,MA640114185537524644053876,MA640114185537524644053876,COURANT,MAD,2011-07-03,ACTIF,402701.4,108,108,1,1,11,11,,,2019-12-19,419135.75,Inactif
133,5083684316319628,0111835083684316319628,0111835083684316319628,MA640111835083684316319628,MA640111835083684316319628,COURANT,MAD,2016-03-30,ACTIF,274798.02,109,109,1,1,10,10,,,2024-10-28,280729.0,Actif
134,3542061521647488,0113503542061521647488,0113503542061521647488,MA640113503542061521647488,MA640113503542061521647488,DAT,MAD,2017-02-01,ACTIF,79681.11,109,109,1,1,10,10,133.0,133.0,2017-02-01,79681.11,Actif
135,8823641174718584,0117508823641174718584,0117508823641174718584,MA640117508823641174718584,MA640117508823641174718584,COURANT,MAD,2015-04-12,INACTIF,287821.61,110,110,1,1,11,11,,,2021-08-17,290589.26,Inactif
136,2341724476140069,0115642341724476140069,0115642341724476140069,MA640115642341724476140069,MA640115642341724476140069,COURANT,MAD,2008-08-07,ACTIF,172743.01,111,111,1,1,10,10,,,2019-08-28,170714.82,Inactif
137,8692412950730353,0111588692412950730353,0111588692412950730353,MA640111588692412950730353,MA640111588692412950730353,COURANT,MAD,2017-04-10,INACTIF,249380.64,112,112,1,1,11,11,,,2018-02-05,237011.84,Inactif
138,5428642822512134,0111045428642822512134,0111045428642822512134,MA640111045428642822512134,MA640111045428642822512134,DAT,MAD,2017-11-21,ACTIF,116193.77,112,112,1,1,11,11,137.0,137.0,2017-11-21,116193.77,Actif
139,9517355194717794,0113379517355194717794,0113379517355194717794,MA640113379517355194717794,MA640113379517355194717794,COURANT,MAD,2021-11-10,ACTIF,96354458.67,113,113,1,1,10,10,,,2024-12-21,92656499.64,Actif
140,2547574884806586,0113652547574884806586,0113652547574884806586,MA640113652547574884806586,MA640113652547574884806586,COURANT,MAD,2019-09-28,ACTIF,2167455.58,114,114,1,1,11,11,,,2022-04-13,2073354.8,Inactif
141,1126029662046108,0111621126029662046108,0111621126029662046108,MA640111621126029662046108,MA640111621126029662046108,COURANT,MAD,2014-06-19,ACTIF,4701403.45,115,115,1,1,10,10,,,2017-08-08,4632888.92,Inactif
142,7107530995231261,0117017107530995231261,0117017107530995231261,MA640117017107530995231261,MA640117017107530995231261,COURANT,MAD,2015-01-01,INACTIF,477313.55,116,116,1,1,11,11,,,2022-06-30,465501.13,Inactif
143,4055421140306132,0111454055421140306132,0111454055421140306132,MA640111454055421140306132,MA640111454055421140306132,COURANT,MAD,2012-04-09,ACTIF,321331.11,117,117,1,1,10,10,,,2016-03-29,320886.04,Inactif
144,7709175945437132,0114417709175945437132,0114417709175945437132,MA640114417709175945437132,MA640114417709175945437132,COURANT,MAD,2010-08-04,ACTIF,7509326.86,118,118,1,1,11,11,,,2018-03-22,7420596.64,Inactif
145,8873865150731130,0111448873865150731130,0111448873865150731130,MA640111448873865150731130,MA640111448873865150731130,COURANT,MAD,2006-04-10,ACTIF,5474166.95,119,119,1,1,10,10,,,2021-12-28,5250908.53,Inactif
146,5622974661944504,0111945622974661944504,0111945622974661944504,MA640111945622974661944504,MA640111945622974661944504,COURANT,MAD,2015-06-01,INACTIF,8039728.85,120,120,1,1,11,11,,,2015-08-20,8197171.44,Inactif
147,5830209287808888,0116975830209287808888,0116975830209287808888,MA640116975830209287808888,MA640116975830209287808888,COURANT,MAD,2014-01-02,INACTIF,1226219.89,121,121,1,1,10,10,,,2022-01-21,1219862.49,Inactif
148,2575273324117849,0119512575273324117849,0119512575273324117849,MA640119512575273324117849,MA640119512575273324117849,DAT,MAD,2014-08-31,ACTIF,479539.68,121,121,1,1,10,10,147.0,147.0,2014-08-31,479539.68,Actif
149,6264082451161009,0115846264082451161009,0115846264082451161009,MA640115846264082451161009,MA640115846264082451161009,COURANT,MAD,2008-03-23,ACTIF,1164275.47,122,122,1,1,11,11,,,2018-04-22,1160111.52,Inactif
150,8586984371192114,0116248586984371192114,0116248586984371192114,MA640116248586984371192114,MA640116248586984371192114,COURANT,MAD,2016-12-12,ACTIF,178791.18,123,123,1,1,10,10,,,2018-08-25,184884.5,Inactif
151,1331908537275395,0117961331908537275395,0117961331908537275395,MA640117961331908537275395,MA640117961331908537275395,COURANT,MAD,2014-06-28,ACTIF,108993.72,124,124,1,1,11,11,,,2020-12-28,105981.72,Inactif
152,6595031811531126,0114576595031811531126,0114576595031811531126,MA640114576595031811531126,MA640114576595031811531126,COURANT,MAD,2012-12-22,ACTIF,478535.94,125,125,1,1,10,10,,,2022-09-15,496854.12,Inactif
153,6472373719083766,0117656472373719083766,0117656472373719083766,MA640117656472373719083766,MA640117656472373719083766,COURANT,MAD,2009-04-10,INACTIF,300742.27,126,126,1,1,11,11,,,2014-03-04,305052.88,Inactif
154,6943956969150727,0118856943956969150727,0118856943956969150727,MA640118856943956969150727,MA640118856943956969150727,COURANT,MAD,2019-10-21,ACTIF,7839698.87,127,127,1,1,10,10,,,2024-10-17,8067529.4,Actif
155,3753082186437408,0117693753082186437408,0117693753082186437408,MA640117693753082186437408,MA640117693753082186437408,COURANT,MAD,2006-03-12,ACTIF,6001819.56,128,128,1,1,11,11,,,2018-11-12,5769359.63,Inactif
156,6959793919362905,0112886959793919362905,0112886959793919362905,MA640112886959793919362905,MA640112886959793919362905,COURANT,MAD,2017-07-21,ACTIF,3824860.33,129,129,1,1,10,10,,,2018-07-05,3709491.08,Inactif
157,9013790666296684,0116679013790666296684,0116679013790666296684,MA640116679013790666296684,MA640116679013790666296684,COURANT,MAD,2005-05-19,ACTIF,2459792.57,130,130,1,1,11,11,,,2009-03-31,2359438.2,Inactif
158,4857680937073895,0112714857680937073895,0112714857680937073895,MA640112714857680937073895,MA640112714857680937073895,COURANT,MAD,2006-12-04,ACTIF,206398.98,131,131,1,1,10,10,,,2010-08-08,201565.25,Inactif
159,4084125343853894,0117034084125343853894,0117034084125343853894,MA640117034084125343853894,MA640117034084125343853894,COURANT,MAD,2011-01-24,ACTIF,244706.69,132,132,1,1,11,11,,,2017-05-05,237106.23,Inactif
160,6071361485967070,0119546071361485967070,0119546071361485967070,MA640119546071361485967070,MA640119546071361485967070,DAT,MAD,2011-03-09,ACTIF,144569.63,132,132,1,1,11,11,159.0,159.0,2011-03-09,144569.63,Actif
161,1030952163529606,0117961030952163529606,0117961030952163529606,MA640117961030952163529606,MA640117961030952163529606,COURANT,MAD,2013-01-25,ACTIF,492530.78,133,133,1,1,10,10,,,2020-10-11,494192.09,Inactif
162,2886762990367654,0118972886762990367654,0118972886762990367654,MA640118972886762990367654,MA640118972886762990367654,COURANT,MAD,2015-12-24,ACTIF,4432695.68,134,134,1,1,11,11,,,2019-05-28,4600796.1,Inactif
163,6134367245554422,0111336134367245554422,0111336134367245554422,MA640111336134367245554422,MA640111336134367245554422,COURANT,MAD,2018-07-19,INACTIF,125007.85,135,135,1,1,10,10,,,2021-05-23,123444.93,Inactif
164,4293822924312148,0114484293822924312148,0114484293822924312148,MA640114484293822924312148,MA640114484293822924312148,COURANT,MAD,2006-06-06,ACTIF,171484.22,136,136,1,1,11,11,,,2009-01-14,174479.67,Inactif
165,3237659058601581,0113623237659058601581,0113623237659058601581,MA640113623237659058601581,MA640113623237659058601581,COURANT,MAD,2005-04-07,INACTIF,7670220.07,137,137,1,1,10,10,,,2013-02-11,7351131.57,Inactif
166,5062546427718376,0115205062546427718376,0115205062546427718376,MA640115205062546427718376,MA640115205062546427718376,COURANT,MAD,2016-05-23,ACTIF,34691521.38,138,138,1,1,11,11,,,2020-06-26,33362815.52,Inactif
167,6694545483906799,0119806694545483906799,0119806694545483906799,MA640119806694545483906799,MA640119806694545483906799,DAT,MAD,2017-04-03,ACTIF,18719799.7,138,138,1,1,11,11,166.0,166.0,2017-04-03,18719799.7,Actif
168,1367931334216402,0115061367931334216402,0115061367931334216402,MA640115061367931334216402,MA640115061367931334216402,COURANT,MAD,2012-12-22,ACTIF,267366.82,139,139,1,1,10,10,,,2013-12-01,269320.72,Inactif
169,1458791822486279,0115921458791822486279,0115921458791822486279,MA640115921458791822486279,MA640115921458791822486279,COURANT,MAD,2015-06-23,INACTIF,1078924.3,140,140,1,1,11,11,,,2022-06-11,1045278.71,Inactif
170,6566085538031039,0115106566085538031039,0115106566085538031039,MA640115106566085538031039,MA640115106566085538031039,DAT,MAD,2016-05-04,ACTIF,308683.38,140,140,1,1,11,11,169.0,169.0,2016-05-04,308683.38,Actif
171,8247026973347457,0112348247026973347457,0112348247026973347457,MA640112348247026973347457,MA640112348247026973347457,COURANT,MAD,2006-09-23,ACTIF,9519063.15,141,141,1,1,10,10,,,2019-06-02,9088649.54,Inactif
172,2023929143768952,0119462023929143768952,0119462023929143768952,MA640119462023929143768952,MA640119462023929143768952,COURANT,MAD,2019-06-08,ACTIF,460244.35,142,142,1,1,11,11,,,2023-12-05,480998.04,Inactif
173,2518006373604365,0119372518006373604365,0119372518006373604365,MA640119372518006373604365,MA640119372518006373604365,COURANT,MAD,2014-02-04,ACTIF,36867013.98,143,143,1,1,10,10,,,2024-05-12,38173244.64,Inactif
174,3452846382732852,0112993452846382732852,0112993452846382732852,MA640112993452846382732852,MA640112993452846382732852,COURANT,MAD,2013-07-10,ACTIF,3074128.88,144,144,1,1,11,11,,,2024-11-18,3126416.82,Actif
175,3399778680742278,0111423399778680742278,0111423399778680742278,MA640111423399778680742278,MA640111423399778680742278,COURANT,MAD,2017-08-09,ACTIF,11195.73,145,145,1,1,10,10,,,2023-01-27,11489.75,Inactif
176,9805804610486734,0118209805804610486734,0118209805804610486734,MA640118209805804610486734,MA640118209805804610486734,COURANT,MAD,2012-05-21,ACTIF,1167369.61,146,146,1,1,11,11,,,2014-03-25,1169012.72,Inactif
177,4645232618968863,0114754645232618968863,0114754645232618968863,MA640114754645232618968863,MA640114754645232618968863,DAT,MAD,2012-11-19,ACTIF,418254.02,146,146,1,1,11,11,176.0,176.0,2012-11-19,418254.02,Actif
178,9838888619147043,0112409838888619147043,0112409838888619147043,MA640112409838888619147043,MA640112409838888619147043,COURANT,MAD,2010-01-15,ACTIF,202182.68,147,147,1,1,10,10,,,2011-04-15,206907.19,Inactif
179,1240336223109745,0117651240336223109745,0117651240336223109745,MA640117651240336223109745,MA640117651240336223109745,COURANT,MAD,2007-10-04,ACTIF,210450.95,148,148,1,1,11,11,,,2015-09-24,209987.5,Inactif
180,1681836540844816,0119451681836540844816,0119451681836540844816,MA640119451681836540844816,MA640119451681836540844816,COURANT,MAD,2016-09-18,ACTIF,287720.39,149,149,1,1,10,10,,,2024-10-20,285639.01,Actif
181,8286048435318739,0113998286048435318739,0113998286048435318739,MA640113998286048435318739,MA640113998286048435318739,COURANT,MAD,2018-01-05,INACTIF,4864686.41,150,150,1,1,11,11,,,2020-04-10,4878764.21,Inactif
182,8454328039013495,0113438454328039013495,0113438454328039013495,MA640113438454328039013495,MA640113438454328039013495,COURANT,MAD,2007-04-11,ACTIF,256305.86,151,151,1,1,10,10,,,2016-03-13,251568.09,Inactif
183,5503984369785168,0113655503984369785168,0113655503984369785168,MA640113655503984369785168,MA640113655503984369785168,COURANT,MAD,2008-01-14,ACTIF,215991.11,152,152,1,1,11,11,,,2021-05-14,218035.56,Inactif
184,5593477477131360,0116445593477477131360,0116445593477477131360,MA640116445593477477131360,MA640116445593477477131360,COURANT,MAD,2018-06-06,ACTIF,4905722.95,153,153,1,1,10,10,,,2019-07-19,4893811.14,Inactif
185,9177945274879146,0116089177945274879146,0116089177945274879146,MA640116089177945274879146,MA640116089177945274879146,COURANT,MAD,2017-07-10,ACTIF,6505588.28,154,154,1,1,11,11,,,2019-01-02,6570833.86,Inactif
186,2754169516203566,0116852754169516203566,0116852754169516203566,MA640116852754169516203566,MA640116852754169516203566,DAT,MAD,2017-09-15,ACTIF,3964136.19,154,154,1,1,11,11,185.0,185.0,2017-09-15,3964136.19,Actif
187,5735625926955438,0118415735625926955438,0118415735625926955438,MA640118415735625926955438,MA640118415735625926955438,COURANT,MAD,2015-06-10,ACTIF,63983.24,155,155,1,1,10,10,,,2018-02-09,64849.98,Inactif
188,8722205096898625,0113758722205096898625,0113758722205096898625,MA640113758722205096898625,MA640113758722205096898625,COURANT,MAD,2010-12-21,ACTIF,5694510.24,156,156,1,1,11,11,,,2015-05-28,5899989.69,Inactif
189,8187711494776320,0114518187711494776320,0114518187711494776320,MA640114518187711494776320,MA640114518187711494776320,COURANT,MAD,2014-04-12,ACTIF,51046565.79,157,157,1,1,10,10,,,2024-06-19,52280262.22,Inactif
190,9111555996694511,0119219111555996694511,0119219111555996694511,MA640119219111555996694511,MA640119219111555996694511,COURANT,MAD,2006-06-29,ACTIF,1336440.21,158,158,1,1,11,11,,,2016-06-10,1299447.96,Inactif
191,7167176050628233,0114427167176050628233,0114427167176050628233,MA640114427167176050628233,MA640114427167176050628233,COURANT,MAD,2017-07-10,INACTIF,97385959.68,159,159,1,1,10,10,,,2018-10-06,100774367.53,Inactif
192,4197386288225298,0115784197386288225298,0115784197386288225298,MA640115784197386288225298,MA640115784197386288225298,COURANT,MAD,2021-04-06,ACTIF,457796.45,160,160,1,1,11,11,,,2023-07-28,452548.18,Inactif
193,1940730333866225,0113431940730333866225,0113431940730333866225,MA640113431940730333866225,MA640113431940730333866225,COURANT,MAD,2011-10-03,INACTIF,302638.61,161,161,1,1,10,10,,,2018-06-28,301965.17,Inactif
194,4162631896672985,0115604162631896672985,0115604162631896672985,MA640115604162631896672985,MA640115604162631896672985,COURANT,MAD,2010-12-31,ACTIF,9681678.54,162,162,1,1,11,11,,,2020-09-26,9480177.18,Inactif
195,9527609051032588,0112959527609051032588,0112959527609051032588,MA640112959527609051032588,MA640112959527609051032588,COURANT,MAD,2018-07-10,ACTIF,90066.29,163,163,1,1,10,10,,,2020-09-26,88849.55,Inactif
196,3211786291013993,0116073211786291013993,0116073211786291013993,MA640116073211786291013993,MA640116073211786291013993,COURANT,MAD,2010-06-27,ACTIF,3112576.56,164,164,1,1,11,11,,,2018-12-05,3005771.28,Inactif
197,3990377179595566,0114143990377179595566,0114143990377179595566,MA640114143990377179595566,MA640114143990377179595566,COURANT,MAD,2016-09-16,INACTIF,9049635.43,165,165,1,1,10,10,,,2024-04-17,8922272.65,Inactif
198,4038614446267057,0119254038614446267057,0119254038614446267057,MA640119254038614446267057,MA640119254038614446267057,COURANT,MAD,2009-10-07,ACTIF,61724950.39,166,166,1,1,11,11,,,2021-09-28,62417193.54,Inactif
199,1678667394085288,0115281678667394085288,0115281678667394085288,MA640115281678667394085288,MA640115281678667394085288,COURANT,MAD,2010-07-24,ACTIF,67053.72,167,167,1,1,10,10,,,2011-03-31,69088.13,Inactif
200,7414027065727155,0113337414027065727155,0113337414027065727155,MA640113337414027065727155,MA640113337414027065727155,COURANT,MAD,2019-08-21,ACTIF,1434393.63,168,168,1,1,11,11,,,2020-05-08,1378824.18,Inactif
201,2857855626896770,0118112857855626896770,0118112857855626896770,MA640118112857855626896770,MA640118112857855626896770,DAT,MAD,2020-04-02,ACTIF,504499.26,168,168,1,1,11,11,200.0,200.0,2020-04-02,504499.26,Actif
202,3963846465377078,0111333963846465377078,0111333963846465377078,MA640111333963846465377078,MA640111333963846465377078,COURANT,MAD,2008-11-02,ACTIF,186153.84,169,169,1,1,10,10,,,2022-04-14,190562.34,Inactif
203,9449395917871521,0119509449395917871521,0119509449395917871521,MA640119509449395917871521,MA640119509449395917871521,COURANT,MAD,2006-09-07,ACTIF,46841.65,170,170,1,1,11,11,,,2008-12-06,47020.46,Inactif
204,7175556634742591,0118707175556634742591,0118707175556634742591,MA640118707175556634742591,MA640118707175556634742591,COURANT,MAD,2009-04-30,INACTIF,124654.77,171,171,1,1,10,10,,,2013-06-01,121318.08,Inactif
205,8671588411711039,0115318671588411711039,0115318671588411711039,MA640115318671588411711039,MA640115318671588411711039,COURANT,MAD,2021-12-07,ACTIF,133019.21,172,172,1,1,11,11,,,2021-12-30,127147.83,Inactif
206,5428636591982796,0113225428636591982796,0113225428636591982796,MA640113225428636591982796,MA640113225428636591982796,COURANT,MAD,2012-11-20,ACTIF,13461498.43,173,173,1,1,10,10,,,2024-09-19,13342476.62,Faiblement actif
207,8720318682303626,0112618720318682303626,0112618720318682303626,MA640112618720318682303626,MA640112618720318682303626,COURANT,MAD,2016-08-21,ACTIF,140084.2,174,174,1,1,11,11,,,2023-10-14,136737.24,Inactif
208,6575921174598923,0115276575921174598923,0115276575921174598923,MA640115276575921174598923,MA640115276575921174598923,COURANT,MAD,2011-08-28,ACTIF,7640422.78,175,175,1,1,10,10,,,2022-05-06,7931668.04,Inactif
209,3265739232302166,0119083265739232302166,0119083265739232302166,MA640119083265739232302166,MA640119083265739232302166,COURANT,MAD,2019-01-04,ACTIF,179691.29,176,176,1,1,11,11,,,2023-11-05,182874.63,Inactif
210,5354657211422409,0115125354657211422409,0115125354657211422409,MA640115125354657211422409,MA640115125354657211422409,COURANT,MAD,2013-02-28,ACTIF,154091.46,177,177,1,1,10,10,,,2014-02-12,153649.87,Inactif
211,1746279068025539,0117511746279068025539,0117511746279068025539,MA640117511746279068025539,MA640117511746279068025539,COURANT,MAD,2007-12-26,ACTIF,5671399.41,178,178,1,1,11,11,,,2014-09-22,5913946.98,Inactif
212,7061408177543479,0112497061408177543479,0112497061408177543479,MA640112497061408177543479,MA640112497061408177543479,COURANT,MAD,2007-04-22,ACTIF,433009.31,179,179,1,1,10,10,,,2018-04-08,427048.52,Inactif
213,4813665133627166,0111534813665133627166,0111534813665133627166,MA640111534813665133627166,MA640111534813665133627166,COURANT,MAD,2005-11-20,ACTIF,165818.59,180,180,1,1,11,11,,,2020-04-08,161202.25,Inactif
214,6809855169441626,0118526809855169441626,0118526809855169441626,MA640118526809855169441626,MA640118526809855169441626,COURANT,MAD,2008-10-25,ACTIF,3688894.25,181,181,1,1,10,10,,,2016-12-21,3542619.06,Inactif
215,9347977736367463,0113309347977736367463,0113309347977736367463,MA640113309347977736367463,MA640113309347977736367463,DAT,MAD,2009-09-12,ACTIF,1288927.95,181,181,1,1,10,10,214.0,214.0,2009-09-12,1288927.95,Actif
216,4720201452877828,0111194720201452877828,0111194720201452877828,MA640111194720201452877828,MA640111194720201452877828,COURANT,MAD,2011-10-08,ACTIF,2235672.82,182,182,1,1,11,11,,,2016-07-09,2319287.83,Inactif
217,5654128833423339,0119105654128833423339,0119105654128833423339,MA640119105654128833423339,MA640119105654128833423339,DAT,MAD,2012-02-08,ACTIF,891519.69,182,182,1,1,11,11,216.0,216.0,2012-02-08,891519.69,Actif
218,7129369336592292,0114427129369336592292,0114427129369336592292,MA640114427129369336592292,MA640114427129369336592292,COURANT,MAD,2021-01-19,INACTIF,259125.16,183,183,1,1,10,10,,,2022-06-11,248772.99,Inactif
219,4720974455685959,0113384720974455685959,0113384720974455685959,MA640113384720974455685959,MA640113384720974455685959,COURANT,MAD,2011-01-17,INACTIF,32498.52,184,184,1,1,11,11,,,2016-08-14,32007.01,Inactif
220,3426502340870449,0111513426502340870449,0111513426502340870449,MA640111513426502340870449,MA640111513426502340870449,DAT,MAD,2011-06-02,ACTIF,21312.43,184,184,1,1,11,11,219.0,219.0,2011-06-02,21312.43,Actif
221,7384107944023937,0118767384107944023937,0118767384107944023937,MA640118767384107944023937,MA640118767384107944023937,COURANT,MAD,2013-02-19,ACTIF,2726506.99,185,185,1,1,10,10,,,2013-08-15,2735991.14,Inactif
222,7155711831110104,0118317155711831110104,0118317155711831110104,MA640118317155711831110104,MA640118317155711831110104,DAT,MAD,2013-06-26,ACTIF,1562188.89,185,185,1,1,10,10,221.0,221.0,2013-06-26,1562188.89,Actif
223,6365503016468993,0111746365503016468993,0111746365503016468993,MA640111746365503016468993,MA640111746365503016468993,COURANT,MAD,2018-03-16,ACTIF,122188.1,186,186,1,1,11,11,,,2019-08-12,126278.66,Inactif
224,1380337075427611,0119381380337075427611,0119381380337075427611,MA640119381380337075427611,MA640119381380337075427611,DAT,MAD,2018-06-03,ACTIF,12594.29,186,186,1,1,11,11,223.0,223.0,2018-06-03,12594.29,Actif
225,8171540676928515,0114328171540676928515,0114328171540676928515,MA640114328171540676928515,MA640114328171540676928515,COURANT,MAD,2016-09-28,INACTIF,7116147.57,187,187,1,1,10,10,,,2017-05-07,7254650.83,Inactif
226,3038572230443052,0113793038572230443052,0113793038572230443052,MA640113793038572230443052,MA640113793038572230443052,COURANT,MAD,2007-05-24,ACTIF,137052.71,188,188,1,1,11,11,,,2021-12-01,136072.66,Inactif
227,8968926193302209,0111808968926193302209,0111808968926193302209,MA640111808968926193302209,MA640111808968926193302209,COURANT,MAD,2008-04-26,ACTIF,473420.14,189,189,1,1,10,10,,,2011-10-28,459628.47,Inactif
228,1477725475271974,0119201477725475271974,0119201477725475271974,MA640119201477725475271974,MA640119201477725475271974,COURANT,MAD,2018-04-27,ACTIF,48362.69,190,190,1,1,11,11,,,2024-02-12,50160.78,Inactif
229,1286172656881785,0114531286172656881785,0114531286172656881785,MA640114531286172656881785,MA640114531286172656881785,COURANT,MAD,2017-03-15,ACTIF,128485.77,191,191,1,1,10,10,,,2019-09-15,124783.44,Inactif
230,7314221024774041,0117317314221024774041,0117317314221024774041,MA640117317314221024774041,MA640117317314221024774041,COURANT,MAD,2020-04-26,INACTIF,480694.01,192,192,1,1,11,11,,,2022-03-09,482447.91,Inactif
231,6801463240952501,0115016801463240952501,0115016801463240952501,MA640115016801463240952501,MA640115016801463240952501,COURANT,MAD,2005-11-16,ACTIF,160459.19,193,193,1,1,10,10,,,2009-10-08,162612.37,Inactif
232,6779190926149695,0111176779190926149695,0111176779190926149695,MA640111176779190926149695,MA640111176779190926149695,COURANT,MAD,2012-09-21,INACTIF,70073.16,194,194,1,1,11,11,,,2021-12-05,71985.9,Inactif
233,6805926941869535,0114736805926941869535,0114736805926941869535,MA640114736805926941869535,MA640114736805926941869535,COURANT,MAD,2009-05-01,INACTIF,67463749.56,195,195,1,1,10,10,,,2016-06-01,67523177.91,Inactif
234,1557480648810636,0114201557480648810636,0114201557480648810636,MA640114201557480648810636,MA640114201557480648810636,COURANT,MAD,2008-03-06,ACTIF,107681.11,196,196,1,1,11,11,,,2011-08-18,110615.44,Inactif
235,9752754766375057,0117839752754766375057,0117839752754766375057,MA640117839752754766375057,MA640117839752754766375057,COURANT,MAD,2015-01-03,INACTIF,331467.58,197,197,1,1,10,10,,,2021-09-07,339901.73,Inactif
236,1321836477804968,0115321321836477804968,0115321321836477804968,MA640115321321836477804968,MA640115321321836477804968,COURANT,MAD,2010-02-04,ACTIF,156505.61,198,198,1,1,11,11,,,2011-01-14,149364.54,Inactif
237,2289120716718289,0115272289120716718289,0115272289120716718289,MA640115272289120716718289,MA640115272289120716718289,COURANT,MAD,2016-12-15,ACTIF,38826.83,199,199,1,1,10,10,,,2019-05-20,40110.93,Inactif
238,7722115084795262,0116377722115084795262,0116377722115084795262,MA640116377722115084795262,MA640116377722115084795262,DAT,MAD,2017-10-03,ACTIF,20278.79,199,199,1,1,10,10,237.0,237.0,2017-10-03,20278.79,Actif
239,6244412298106372,0113876244412298106372,0113876244412298106372,MA640113876244412298106372,MA640113876244412298106372,COURANT,MAD,2015-02-03,ACTIF,53590.78,200,200,1,1,11,11,,,2016-05-17,52377.78,Inactif
240,8189463457286830,0115848189463457286830,0115848189463457286830,MA640115848189463457286830,MA640115848189463457286830,COURANT,MAD,2013-05-31,ACTIF,263886.35,201,201,1,1,10,10,,,2015-05-26,254127.07,Inactif
241,9424987814722392,0114589424987814722392,0114589424987814722392,MA640114589424987814722392,MA640114589424987814722392,COURANT,MAD,2018-04-22,ACTIF,9332705.43,202,202,1,1,11,11,,,2024-12-07,9790848.47,Actif
242,3151673261028711,0118763151673261028711,0118763151673261028711,MA640118763151673261028711,MA640118763151673261028711,COURANT,MAD,2021-06-30,ACTIF,99332837.28,203,203,1,1,10,10,,,2024-03-06,96093218.86,Inactif
243,9567366384353367,0111019567366384353367,0111019567366384353367,MA640111019567366384353367,MA640111019567366384353367,COURANT,MAD,2010-03-06,INACTIF,3379271.67,204,204,1,1,11,11,,,2012-09-10,3286651.4,Inactif
244,3071486794862329,0115583071486794862329,0115583071486794862329,MA640115583071486794862329,MA640115583071486794862329,DAT,MAD,2010-08-31,ACTIF,1464485.68,204,204,1,1,11,11,243.0,243.0,2010-08-31,1464485.68,Actif
245,7922481039967614,0115777922481039967614,0115777922481039967614,MA640115777922481039967614,MA640115777922481039967614,COURANT,MAD,2010-03-08,ACTIF,1376361.21,205,205,1,1,10,10,,,2010-10-29,1407970.84,Inactif
246,6951812679850779,0117186951812679850779,0117186951812679850779,MA640117186951812679850779,MA640117186951812679850779,DAT,MAD,2010-10-28,ACTIF,635877.51,205,205,1,1,10,10,245.0,245.0,2010-10-28,635877.51,Actif
247,2385666696106475,0114802385666696106475,0114802385666696106475,MA640114802385666696106475,MA640114802385666696106475,COURANT,MAD,2020-09-28,ACTIF,381316.35,206,206,1,1,11,11,,,2022-03-04,364599.13,Inactif
248,4492510462013157,0111814492510462013157,0111814492510462013157,MA640111814492510462013157,MA640111814492510462013157,COURANT,MAD,2016-01-03,ACTIF,276569.23,207,207,1,1,10,10,,,2021-05-25,264750.82,Inactif
249,7032286660006068,0115277032286660006068,0115277032286660006068,MA640115277032286660006068,MA640115277032286660006068,COURANT,MAD,2017-10-27,ACTIF,220216.85,208,208,1,1,11,11,,,2018-08-03,215010.13,Inactif
250,1609802357123077,0115411609802357123077,0115411609802357123077,MA640115411609802357123077,MA640115411609802357123077,COURANT,MAD,2016-05-03,ACTIF,34010748.41,209,209,1,1,10,10,,,2023-11-02,35650898.42,Inactif
251,5075792543412670,0113125075792543412670,0113125075792543412670,MA640113125075792543412670,MA640113125075792543412670,DAT,MAD,2016-12-24,ACTIF,15640173.84,209,209,1,1,10,10,250.0,250.0,2016-12-24,15640173.84,Actif
252,6890756338119831,0117716890756338119831,0117716890756338119831,MA640117716890756338119831,MA640117716890756338119831,COURANT,MAD,2006-04-09,ACTIF,282584.57,210,210,1,1,11,11,,,2019-06-21,282846.9,Inactif
253,5690774981035534,0112375690774981035534,0112375690774981035534,MA640112375690774981035534,MA640112375690774981035534,DAT,MAD,2006-05-25,ACTIF,180848.95,210,210,1,1,11,11,252.0,252.0,2006-05-25,180848.95,Actif
254,3871294042242644,0118763871294042242644,0118763871294042242644,MA640118763871294042242644,MA640118763871294042242644,COURANT,MAD,2008-01-01,ACTIF,418272.76,211,211,1,1,10,10,,,2018-07-14,429498.0,Inactif
255,7645509784787394,0114877645509784787394,0114877645509784787394,MA640114877645509784787394,MA640114877645509784787394,COURANT,MAD,2018-03-17,ACTIF,124767.33,212,212,1,1,11,11,,,2023-08-08,119633.31,Inactif
256,3062912211693188,0117893062912211693188,0117893062912211693188,MA640117893062912211693188,MA640117893062912211693188,COURANT,MAD,2006-05-16,ACTIF,276197.7,213,213,1,1,10,10,,,2008-09-09,265682.08,Inactif
257,4893285355233421,0114834893285355233421,0114834893285355233421,MA640114834893285355233421,MA640114834893285355233421,DAT,MAD,2006-08-24,ACTIF,144428.69,213,213,1,1,10,10,256.0,256.0,2006-08-24,144428.69,Actif
258,8916886114207820,0114028916886114207820,0114028916886114207820,MA640114028916886114207820,MA640114028916886114207820,COURANT,MAD,2005-07-31,ACTIF,164018.7,214,214,1,1,11,11,,,2016-12-15,164689.62,Inactif
259,3802209186239493,0119633802209186239493,0119633802209186239493,MA640119633802209186239493,MA640119633802209186239493,COURANT,MAD,2006-08-05,ACTIF,334574.95,215,215,1,1,10,10,,,2017-09-19,317964.62,Inactif
260,2307236662576813,0114862307236662576813,0114862307236662576813,MA640114862307236662576813,MA640114862307236662576813,COURANT,MAD,2014-02-25,ACTIF,262612.05,216,216,1,1,11,11,,,2016-07-22,271994.21,Inactif
261,1369059014014272,0111601369059014014272,0111601369059014014272,MA640111601369059014014272,MA640111601369059014014272,COURANT,MAD,2019-01-30,ACTIF,249280.09,217,217,1,1,10,10,,,2019-12-21,256657.14,Inactif
262,9300847340336616,0114149300847340336616,0114149300847340336616,MA640114149300847340336616,MA640114149300847340336616,DAT,MAD,2020-01-09,ACTIF,137829.77,217,217,1,1,10,10,261.0,261.0,2020-01-09,137829.77,Actif
263,2427494068744804,0113842427494068744804,0113842427494068744804,MA640113842427494068744804,MA640113842427494068744804,COURANT,MAD,2012-09-24,ACTIF,9860566.52,218,218,1,1,11,11,,,2021-12-27,10208037.46,Inactif
264,5821453723391720,0112995821453723391720,0112995821453723391720,MA640112995821453723391720,MA640112995821453723391720,COURANT,MAD,2006-10-11,ACTIF,273990.92,219,219,1,1,10,10,,,2018-06-25,269893.29,Inactif
265,3083097970712265,0114443083097970712265,0114443083097970712265,MA640114443083097970712265,MA640114443083097970712265,DAT,MAD,2007-01-23,ACTIF,104533.52,219,219,1,1,10,10,264.0,264.0,2007-01-23,104533.52,Actif
266,3227122927098634,0111043227122927098634,0111043227122927098634,MA640111043227122927098634,MA640111043227122927098634,COURANT,MAD,2007-11-15,ACTIF,78020920.84,220,220,1,1,11,11,,,2013-06-22,75654086.45,Inactif
267,2370155334756755,0115622370155334756755,0115622370155334756755,MA640115622370155334756755,MA640115622370155334756755,COURANT,MAD,2013-09-29,ACTIF,6455912.19,221,221,1,1,10,10,,,2021-10-21,6187506.61,Inactif
268,1583577245217996,0118541583577245217996,0118541583577245217996,MA640118541583577245217996,MA640118541583577245217996,DAT,MAD,2014-08-13,ACTIF,3087924.22,221,221,1,1,10,10,267.0,267.0,2014-08-13,3087924.22,Actif
269,7802704411606904,0112697802704411606904,0112697802704411606904,MA640112697802704411606904,MA640112697802704411606904,COURANT,MAD,2008-03-10,ACTIF,1112660.93,222,222,1,1,11,11,,,2015-09-29,1065739.44,Inactif
270,3411796239193682,0119703411796239193682,0119703411796239193682,MA640119703411796239193682,MA640119703411796239193682,COURANT,MAD,2013-07-08,ACTIF,530100.74,223,223,1,1,10,10,,,2016-05-14,556132.45,Inactif
271,8834331984742338,0111348834331984742338,0111348834331984742338,MA640111348834331984742338,MA640111348834331984742338,COURANT,MAD,2005-07-16,ACTIF,386805.44,224,224,1,1,11,11,,,2014-02-05,400346.01,Inactif
272,8404192247829025,0114308404192247829025,0114308404192247829025,MA640114308404192247829025,MA640114308404192247829025,COURANT,MAD,2015-06-12,ACTIF,3331211.79,225,225,1,1,10,10,,,2018-11-03,3256312.61,Inactif
273,3002196543696985,0116683002196543696985,0116683002196543696985,MA640116683002196543696985,MA640116683002196543696985,COURANT,MAD,2021-07-27,ACTIF,84234.99,226,226,1,1,11,11,,,2024-07-30,86378.67,Faiblement actif
274,7194006741501634,0119897194006741501634,0119897194006741501634,MA640119897194006741501634,MA640119897194006741501634,COURANT,MAD,2011-05-19,ACTIF,199478.7,227,227,1,1,10,10,,,2021-09-27,206533.96,Inactif
275,1423673930468147,0116451423673930468147,0116451423673930468147,MA640116451423673930468147,MA640116451423673930468147,COURANT,MAD,2020-10-21,ACTIF,4423425.22,228,228,1,1,11,11,,,2022-12-08,4229997.25,Inactif
276,2631036491105461,0113692631036491105461,0113692631036491105461,MA640113692631036491105461,MA640113692631036491105461,DAT,MAD,2021-01-21,ACTIF,545184.67,228,228,1,1,11,11,275.0,275.0,2021-01-21,555484.05,Actif
277,6143690121444715,0111066143690121444715,0111066143690121444715,MA640111066143690121444715,MA640111066143690121444715,COURANT,MAD,2012-11-20,INACTIF,7646111.33,229,229,1,1,10,10,,,2013-06-08,7878365.97,Inactif
278,2666184323681577,0119532666184323681577,0119532666184323681577,MA640119532666184323681577,MA640119532666184323681577,COURANT,MAD,2012-06-07,INACTIF,395038.29,230,230,1,1,11,11,,,2015-03-29,388020.15,Inactif
279,5077182975256927,0112465077182975256927,0112465077182975256927,MA640112465077182975256927,MA640112465077182975256927,COURANT,MAD,2017-10-23,ACTIF,192290.72,231,231,1,1,10,10,,,2022-05-26,199086.41,Inactif
280,4770225522513974,0111804770225522513974,0111804770225522513974,MA640111804770225522513974,MA640111804770225522513974,COURANT,MAD,2015-05-17,ACTIF,1335679.42,232,232,1,1,11,11,,,2017-08-05,1383967.17,Inactif
281,8547907895025332,0119788547907895025332,0119788547907895025332,MA640119788547907895025332,MA640119788547907895025332,DAT,MAD,2015-08-11,ACTIF,857362.52,232,232,1,1,11,11,280.0,280.0,2015-08-11,857362.52,Actif
282,4106548131014788,0111874106548131014788,0111874106548131014788,MA640111874106548131014788,MA640111874106548131014788,COURANT,MAD,2020-06-07,ACTIF,114184.9,233,233,1,1,10,10,,,2022-03-13,114337.22,Inactif
283,1029882951569610,0117841029882951569610,0117841029882951569610,MA640117841029882951569610,MA640117841029882951569610,DAT,MAD,2021-05-03,ACTIF,11441.53,233,233,1,1,10,10,282.0,282.0,2021-05-03,11958.94,Actif
284,4689517516411095,0116864689517516411095,0116864689517516411095,MA640116864689517516411095,MA640116864689517516411095,COURANT,MAD,2016-09-10,ACTIF,2142408.74,234,234,1,1,11,11,,,2021-01-09,2062564.84,Inactif
285,8067463738545444,0115698067463738545444,0115698067463738545444,MA640115698067463738545444,MA640115698067463738545444,DAT,MAD,2017-06-24,ACTIF,1044600.67,234,234,1,1,11,11,284.0,284.0,2017-06-24,1044600.67,Actif
286,6230807046475851,0114626230807046475851,0114626230807046475851,MA640114626230807046475851,MA640114626230807046475851,COURANT,MAD,2016-05-19,INACTIF,66441.74,235,235,1,1,10,10,,,2019-11-29,64626.58,Inactif
287,5403982398770579,0115685403982398770579,0115685403982398770579,MA640115685403982398770579,MA640115685403982398770579,DAT,MAD,2016-09-04,ACTIF,13640.92,235,235,1,1,10,10,286.0,286.0,2016-09-04,13640.92,Actif
288,7106825345933985,0111557106825345933985,0111557106825345933985,MA640111557106825345933985,MA640111557106825345933985,COURANT,MAD,2011-09-29,INACTIF,488474.76,236,236,1,1,11,11,,,2012-05-09,496538.39,Inactif
289,8793009492334102,0117428793009492334102,0117428793009492334102,MA640117428793009492334102,MA640117428793009492334102,COURANT,MAD,2019-03-30,INACTIF,468992.75,237,237,1,1,10,10,,,2024-04-14,467860.39,Inactif
290,4877960121940221,0117294877960121940221,0117294877960121940221,MA640117294877960121940221,MA640117294877960121940221,COURANT,MAD,2010-11-17,ACTIF,82159.94,238,238,1,1,11,11,,,2015-01-17,80204.79,Inactif
291,1057807561715208,0111721057807561715208,0111721057807561715208,MA640111721057807561715208,MA640111721057807561715208,DAT,MAD,2011-05-19,ACTIF,45071.5,238,238,1,1,11,11,290.0,290.0,2011-05-19,45071.5,Actif
292,4137242718773494,0114594137242718773494,0114594137242718773494,MA640114594137242718773494,MA640114594137242718773494,COURANT,MAD,2016-01-25,ACTIF,10056.35,239,239,1,1,10,10,,,2023-12-12,10150.6,Inactif
293,4240497621756011,0115064240497621756011,0115064240497621756011,MA640115064240497621756011,MA640115064240497621756011,DAT,MAD,2016-10-31,ACTIF,3319.74,239,239,1,1,10,10,292.0,292.0,2016-10-31,3319.74,Actif
294,6449862396437170,0117176449862396437170,0117176449862396437170,MA640117176449862396437170,MA640117176449862396437170,COURANT,MAD,2014-03-20,ACTIF,208420.02,240,240,1,1,11,11,,,2017-12-10,215695.16,Inactif
295,4031433663172340,0114294031433663172340,0114294031433663172340,MA640114294031433663172340,MA640114294031433663172340,DAT,MAD,2014-07-12,ACTIF,135875.31,240,240,1,1,11,11,294.0,294.0,2014-07-12,135875.31,Actif
296,4770160169164829,0111624770160169164829,0111624770160169164829,MA640111624770160169164829,MA640111624770160169164829,COURANT,MAD,2010-07-01,ACTIF,23538.66,241,241,1,1,10,10,,,2017-01-05,24634.55,Inactif
297,9530578395382564,0118939530578395382564,0118939530578395382564,MA640118939530578395382564,MA640118939530578395382564,COURANT,MAD,2013-10-02,ACTIF,301726.32,242,242,1,1,11,11,,,2019-11-05,294286.3,Inactif
298,2429736613402843,0115152429736613402843,0115152429736613402843,MA640115152429736613402843,MA640115152429736613402843,COURANT,MAD,2020-12-12,ACTIF,236312.06,243,243,1,1,10,10,,,2021-03-31,229691.49,Inactif
299,3978607297757204,0115973978607297757204,0115973978607297757204,MA640115973978607297757204,MA640115973978607297757204,COURANT,MAD,2008-10-08,INACTIF,236924.98,244,244,1,1,11,11,,,2019-07-19,226476.22,Inactif
300,6961296680840807,0111376961296680840807,0111376961296680840807,MA640111376961296680840807,MA640111376961296680840807,COURANT,MAD,2014-03-28,INACTIF,5995631.46,245,245,1,1,10,10,,,2015-05-24,5849141.1,Inactif
301,1698882714900781,0115331698882714900781,0115331698882714900781,MA640115331698882714900781,MA640115331698882714900781,COURANT,MAD,2007-09-27,ACTIF,44792625.01,246,246,1,1,11,11,,,2013-12-21,43015093.65,Inactif
302,5787175054853899,0119295787175054853899,0119295787175054853899,MA640119295787175054853899,MA640119295787175054853899,COURANT,MAD,2016-11-13,ACTIF,1018973.01,247,247,1,1,10,10,,,2023-07-04,1053467.86,Inactif
303,9906579785785319,0114109906579785785319,0114109906579785785319,MA640114109906579785785319,MA640114109906579785785319,COURANT,MAD,2013-12-19,ACTIF,2400384.94,248,248,1,1,11,11,,,2022-02-26,2519632.17,Inactif
304,2461603974430538,0116812461603974430538,0116812461603974430538,MA640116812461603974430538,MA640116812461603974430538,COURANT,MAD,2010-02-12,ACTIF,174509.37,249,249,1,1,10,10,,,2010-09-17,168570.17,Inactif
305,1743582751757376,0118751743582751757376,0118751743582751757376,MA640118751743582751757376,MA640118751743582751757376,COURANT,MAD,2005-12-25,ACTIF,183295.58,250,250,1,1,11,11,,,2019-10-29,180728.7,Inactif
306,6179687924987846,0113196179687924987846,0113196179687924987846,MA640113196179687924987846,MA640113196179687924987846,COURANT,MAD,2021-12-30,ACTIF,18831119.69,251,251,1,1,10,10,,,2024-09-03,17973200.74,Faiblement actif
307,5072683667387731,0116815072683667387731,0116815072683667387731,MA640116815072683667387731,MA640116815072683667387731,COURANT,MAD,2016-12-22,ACTIF,3190500.44,252,252,1,1,11,11,,,2024-10-05,3348533.13,Actif
308,7647937330432836,0116187647937330432836,0116187647937330432836,MA640116187647937330432836,MA640116187647937330432836,DAT,MAD,2017-06-09,ACTIF,1427483.54,252,252,1,1,11,11,307.0,307.0,2017-06-09,1427483.54,Actif
309,5684144780605522,0119425684144780605522,0119425684144780605522,MA640119425684144780605522,MA640119425684144780605522,COURANT,MAD,2007-08-28,INACTIF,6966549.6,253,253,1,1,10,10,,,2016-02-03,6648953.88,Inactif
310,9344774230593541,0119559344774230593541,0119559344774230593541,MA640119559344774230593541,MA640119559344774230593541,DAT,MAD,2008-01-29,ACTIF,2331485.51,253,253,1,1,10,10,309.0,309.0,2008-01-29,2331485.51,Actif
311,7083217599091235,0116667083217599091235,0116667083217599091235,MA640116667083217599091235,MA640116667083217599091235,COURANT,MAD,2019-03-12,ACTIF,433549.59,254,254,1,1,11,11,,,2020-03-24,426582.15,Inactif
312,7463993591732965,0112277463993591732965,0112277463993591732965,MA640112277463993591732965,MA640112277463993591732965,COURANT,MAD,2007-11-14,ACTIF,66246535.51,255,255,1,1,10,10,,,2016-08-17,67672804.29,Inactif
313,5883344585056573,0114745883344585056573,0114745883344585056573,MA640114745883344585056573,MA640114745883344585056573,DAT,MAD,2007-12-17,ACTIF,26366923.02,255,255,1,1,10,10,312.0,312.0,2007-12-17,26366923.02,Actif
314,5287316972076710,0119445287316972076710,0119445287316972076710,MA640119445287316972076710,MA640119445287316972076710,COURANT,MAD,2020-12-29,INACTIF,322336.53,256,256,1,1,11,11,,,2024-05-26,327929.84,Inactif
315,8884592784798496,0119308884592784798496,0119308884592784798496,MA640119308884592784798496,MA640119308884592784798496,COURANT,MAD,2006-04-07,INACTIF,39385.25,257,257,1,1,10,10,,,2019-12-31,37534.9,Inactif
316,5056860463773543,0115025056860463773543,0115025056860463773543,MA640115025056860463773543,MA640115025056860463773543,DAT,MAD,2006-09-18,ACTIF,25725.15,257,257,1,1,10,10,315.0,315.0,2006-09-18,25725.15,Actif
317,7011080812090511,0117107011080812090511,0117107011080812090511,MA640117107011080812090511,MA640117107011080812090511,COURANT,MAD,2008-07-24,ACTIF,108269.83,258,258,1,1,11,11,,,2010-11-03,113117.22,Inactif
318,4097429790436654,0111054097429790436654,0111054097429790436654,MA640111054097429790436654,MA640111054097429790436654,COURANT,MAD,2018-10-31,ACTIF,316054.09,259,259,1,1,10,10,,,2021-06-29,303880.71,Inactif
319,6303207163355943,0116536303207163355943,0116536303207163355943,MA640116536303207163355943,MA640116536303207163355943,COURANT,MAD,2012-06-05,ACTIF,6986541.07,260,260,1,1,11,11,,,2015-10-24,7213822.26,Inactif
320,9336772733304838,0111249336772733304838,0111249336772733304838,MA640111249336772733304838,MA640111249336772733304838,COURANT,MAD,2011-04-30,ACTIF,417706.74,261,261,1,1,10,10,,,2020-01-23,407316.02,Inactif
321,2490970199553066,0119382490970199553066,0119382490970199553066,MA640119382490970199553066,MA640119382490970199553066,COURANT,MAD,2016-10-11,ACTIF,67014108.77,262,262,1,1,11,11,,,2017-05-25,65922604.62,Inactif
322,4461784243873665,0116754461784243873665,0116754461784243873665,MA640116754461784243873665,MA640116754461784243873665,COURANT,MAD,2009-01-28,ACTIF,595621.33,263,263,1,1,10,10,,,2023-01-22,609517.14,Inactif
323,4100269510162044,0119754100269510162044,0119754100269510162044,MA640119754100269510162044,MA640119754100269510162044,DAT,MAD,2009-04-12,ACTIF,234994.55,263,263,1,1,10,10,322.0,322.0,2009-04-12,234994.55,Actif
324,9793255135933188,0112439793255135933188,0112439793255135933188,MA640112439793255135933188,MA640112439793255135933188,COURANT,MAD,2019-03-08,ACTIF,5640999.46,264,264,1,1,11,11,,,2022-07-30,5565428.25,Inactif
325,8525350164341940,0118258525350164341940,0118258525350164341940,MA640118258525350164341940,MA640118258525350164341940,COURANT,MAD,2017-08-25,ACTIF,4248881.9,265,265,1,1,10,10,,,2023-01-04,4301855.9,Inactif
326,1823577645392686,0111751823577645392686,0111751823577645392686,MA640111751823577645392686,MA640111751823577645392686,DAT,MAD,2018-01-13,ACTIF,1523429.27,265,265,1,1,10,10,325.0,325.0,2018-01-13,1523429.27,Actif
327,7257282394301757,0117927257282394301757,0117927257282394301757,MA640117927257282394301757,MA640117927257282394301757,COURANT,MAD,2011-05-30,ACTIF,334328.71,266,266,1,1,11,11,,,2016-11-26,326144.42,Inactif
328,6623601119423062,0118426623601119423062,0118426623601119423062,MA640118426623601119423062,MA640118426623601119423062,COURANT,MAD,2013-01-21,ACTIF,90203424.92,267,267,1,1,10,10,,,2016-02-29,86297634.62,Inactif
329,1281739965117946,0112431281739965117946,0112431281739965117946,MA640112431281739965117946,MA640112431281739965117946,COURANT,MAD,2008-01-08,ACTIF,495700.91,268,268,1,1,11,11,,,2012-10-20,509381.37,Inactif
330,6159416518473232,0115926159416518473232,0115926159416518473232,MA640115926159416518473232,MA640115926159416518473232,COURANT,MAD,2015-06-15,INACTIF,492104.4,269,269,1,1,10,10,,,2022-08-10,505913.87,Inactif
331,2561871194260732,0118822561871194260732,0118822561871194260732,MA640118822561871194260732,MA640118822561871194260732,COURANT,MAD,2012-01-30,ACTIF,73714.74,270,270,1,1,11,11,,,2021-11-12,70294.9,Inactif
332,9397679191804256,0114249397679191804256,0114249397679191804256,MA640114249397679191804256,MA640114249397679191804256,DAT,MAD,2012-06-04,ACTIF,41840.7,270,270,1,1,11,11,331.0,331.0,2012-06-04,41840.7,Actif
333,4676425612006626,0115444676425612006626,0115444676425612006626,MA640115444676425612006626,MA640115444676425612006626,COURANT,MAD,2006-06-04,ACTIF,297572.19,271,271,1,1,10,10,,,2011-11-22,293854.8,Inactif
334,9839434734116894,0113339839434734116894,0113339839434734116894,MA640113339839434734116894,MA640113339839434734116894,COURANT,MAD,2008-05-11,INACTIF,66976090.26,272,272,1,1,11,11,,,2016-01-22,69383885.26,Inactif
335,7096356623649802,0115117096356623649802,0115117096356623649802,MA640115117096356623649802,MA640115117096356623649802,COURANT,MAD,2006-04-20,ACTIF,1576931.29,273,273,1,1,10,10,,,2010-03-22,1596511.98,Inactif
336,8619144053067540,0117398619144053067540,0117398619144053067540,MA640117398619144053067540,MA640117398619144053067540,COURANT,MAD,2008-09-28,ACTIF,4664844.21,274,274,1,1,11,11,,,2012-06-14,4458447.21,Inactif
337,5043775879824914,0113645043775879824914,0113645043775879824914,MA640113645043775879824914,MA640113645043775879824914,COURANT,MAD,2014-10-11,ACTIF,9079274.8,275,275,1,1,10,10,,,2017-11-24,9375015.36,Inactif
338,8276326568385552,0118208276326568385552,0118208276326568385552,MA640118208276326568385552,MA640118208276326568385552,COURANT,MAD,2009-06-15,INACTIF,461288.42,276,276,1,1,11,11,,,2020-10-30,442621.29,Inactif
339,1621859967188252,0113261621859967188252,0113261621859967188252,MA640113261621859967188252,MA640113261621859967188252,COURANT,MAD,2017-09-25,ACTIF,62492.66,277,277,1,1,10,10,,,2020-08-14,64733.11,Inactif
340,5482116252582456,0111875482116252582456,0111875482116252582456,MA640111875482116252582456,MA640111875482116252582456,COURANT,MAD,2010-12-11,ACTIF,17138.29,278,278,1,1,11,11,,,2018-09-28,17826.28,Inactif
341,3240086574623383,0114973240086574623383,0114973240086574623383,MA640114973240086574623383,MA640114973240086574623383,COURANT,MAD,2015-07-04,ACTIF,348654.7,279,279,1,1,10,10,,,2021-06-15,363936.56,Inactif
342,3039358612122168,0118043039358612122168,0118043039358612122168,MA640118043039358612122168,MA640118043039358612122168,COURANT,MAD,2009-10-22,INACTIF,90006.57,280,280,1,1,11,11,,,2015-10-13,94399.56,Inactif
343,6305221313018198,0115066305221313018198,0115066305221313018198,MA640115066305221313018198,MA640115066305221313018198,COURANT,MAD,2015-09-07,ACTIF,150436.5,281,281,1,1,10,10,,,2018-02-09,152497.44,Inactif
344,8183163610901068,0111748183163610901068,0111748183163610901068,MA640111748183163610901068,MA640111748183163610901068,DAT,MAD,2016-03-07,ACTIF,86204.73,281,281,1,1,10,10,343.0,343.0,2016-03-07,86204.73,Actif
345,8911292686205323,0117348911292686205323,0117348911292686205323,MA640117348911292686205323,MA640117348911292686205323,COURANT,MAD,2007-12-24,ACTIF,91728.5,282,282,1,1,11,11,,,2018-12-17,87568.78,Inactif
346,9075133258184565,0113009075133258184565,0113009075133258184565,MA640113009075133258184565,MA640113009075133258184565,COURANT,MAD,2020-12-13,ACTIF,230409.6,283,283,1,1,10,10,,,2023-09-10,227252.2,Inactif
347,2960233544206177,0119352960233544206177,0119352960233544206177,MA640119352960233544206177,MA640119352960233544206177,COURANT,MAD,2012-11-11,ACTIF,3527941.44,284,284,1,1,11,11,,,2022-12-27,3464700.68,Inactif
348,1159040739315566,0115661159040739315566,0115661159040739315566,MA640115661159040739315566,MA640115661159040739315566,COURANT,MAD,2012-02-21,INACTIF,36873.35,285,285,1,1,10,10,,,2023-12-22,37915.36,Inactif
349,2396843523879465,0115412396843523879465,0115412396843523879465,MA640115412396843523879465,MA640115412396843523879465,COURANT,MAD,2021-12-24,ACTIF,199507.71,286,286,1,1,11,11,,,2022-11-17,200430.33,Inactif
350,8288565715766156,0111148288565715766156,0111148288565715766156,MA640111148288565715766156,MA640111148288565715766156,COURANT,MAD,2017-05-12,ACTIF,4702794.41,287,287,1,1,10,10,,,2021-05-31,4573184.87,Inactif
351,2961630587582745,0118162961630587582745,0118162961630587582745,MA640118162961630587582745,MA640118162961630587582745,DAT,MAD,2018-02-26,ACTIF,2627010.44,287,287,1,1,10,10,350.0,350.0,2018-02-26,2627010.44,Actif
352,2869859478622351,0116722869859478622351,0116722869859478622351,MA640116722869859478622351,MA640116722869859478622351,COURANT,MAD,2013-04-25,INACTIF,482183.63,288,288,1,1,11,11,,,2023-10-10,501998.3,Inactif
353,8002171580432631,0115838002171580432631,0115838002171580432631,MA640115838002171580432631,MA640115838002171580432631,COURANT,MAD,2020-04-20,ACTIF,8658497.43,289,289,1,1,10,10,,,2021-06-09,8904815.67,Inactif
354,4900474883117599,0118804900474883117599,0118804900474883117599,MA640118804900474883117599,MA640118804900474883117599,COURANT,MAD,2010-09-24,ACTIF,118616.23,290,290,1,1,11,11,,,2018-07-22,121281.29,Inactif
355,4958438728485370,0116634958438728485370,0116634958438728485370,MA640116634958438728485370,MA640116634958438728485370,COURANT,MAD,2010-04-27,INACTIF,982308.23,291,291,1,1,10,10,,,2022-07-15,988569.12,Inactif
356,3149708575774300,0115473149708575774300,0115473149708575774300,MA640115473149708575774300,MA640115473149708575774300,DAT,MAD,2010-07-01,ACTIF,441661.57,291,291,1,1,10,10,355.0,355.0,2010-07-01,441661.57,Actif
357,9445390763091156,0113149445390763091156,0113149445390763091156,MA640113149445390763091156,MA640113149445390763091156,COURANT,MAD,2007-05-11,ACTIF,6169412.78,292,292,1,1,11,11,,,2014-09-03,6075715.99,Inactif
358,1261512312458919,0118001261512312458919,0118001261512312458919,MA640118001261512312458919,MA640118001261512312458919,COURANT,MAD,2006-09-19,ACTIF,366677.83,293,293,1,1,10,10,,,2014-11-13,383989.54,Inactif
359,4435072227300390,0118874435072227300390,0118874435072227300390,MA640118874435072227300390,MA640118874435072227300390,COURANT,MAD,2021-07-25,ACTIF,1236752.16,294,294,1,1,11,11,,,2022-04-14,1189434.23,Inactif
360,2731434542296424,0112372731434542296424,0112372731434542296424,MA640112372731434542296424,MA640112372731434542296424,COURANT,MAD,2007-06-03,ACTIF,236952.9,295,295,1,1,10,10,,,2014-08-24,234746.15,Inactif
361,1037856935555144,0113361037856935555144,0113361037856935555144,MA640113361037856935555144,MA640113361037856935555144,DAT,MAD,2008-03-29,ACTIF,109637.54,295,295,1,1,10,10,360.0,360.0,2008-03-29,109637.54,Actif
362,9586511346863976,0119389586511346863976,0119389586511346863976,MA640119389586511346863976,MA640119389586511346863976,COURANT,MAD,2015-08-09,ACTIF,336484.45,296,296,1,1,11,11,,,2017-10-25,319739.7,Inactif
363,8519606614044767,0112448519606614044767,0112448519606614044767,MA640112448519606614044767,MA640112448519606614044767,COURANT,MAD,2011-08-05,ACTIF,1460892.52,297,297,1,1,10,10,,,2014-02-06,1528252.91,Inactif
364,6664348767213325,0112266664348767213325,0112266664348767213325,MA640112266664348767213325,MA640112266664348767213325,DAT,MAD,2011-12-26,ACTIF,665750.16,297,297,1,1,10,10,363.0,363.0,2011-12-26,665750.16,Actif
365,5101005811241479,0118445101005811241479,0118445101005811241479,MA640118445101005811241479,MA640118445101005811241479,COURANT,MAD,2008-12-23,ACTIF,308047.07,298,298,1,1,11,11,,,2014-07-22,321551.47,Inactif
366,6228247323366770,0111196228247323366770,0111196228247323366770,MA640111196228247323366770,MA640111196228247323366770,COURANT,MAD,2007-03-18,ACTIF,190039.08,299,299,1,1,10,10,,,2016-12-25,181015.78,Inactif
367,5446470084131006,0113975446470084131006,0113975446470084131006,MA640113975446470084131006,MA640113975446470084131006,COURANT,MAD,2006-03-30,ACTIF,7120.67,300,300,1,1,11,11,,,2006-11-10,6883.74,Inactif
368,6541503132811161,0116946541503132811161,0116946541503132811161,MA640116946541503132811161,MA640116946541503132811161,COURANT,MAD,2010-11-06,ACTIF,1040338.56,301,301,1,1,10,10,,,2022-05-31,1037855.39,Inactif
369,1243718297804827,0119371243718297804827,0119371243718297804827,MA640119371243718297804827,MA640119371243718297804827,COURANT,MAD,2021-02-03,ACTIF,10493371.25,302,302,1,1,11,11,,,2024-07-05,10358937.57,Faiblement actif
370,2324936836191515,0115252324936836191515,0115252324936836191515,MA640115252324936836191515,MA640115252324936836191515,COURANT,MAD,2017-10-23,ACTIF,206932.99,303,303,1,1,10,10,,,2019-03-07,211343.76,Inactif
371,9867213884178712,0112369867213884178712,0112369867213884178712,MA640112369867213884178712,MA640112369867213884178712,COURANT,MAD,2013-12-20,ACTIF,109698.77,304,304,1,1,11,11,,,2024-06-16,110922.45,Inactif
372,7120718996962570,0112977120718996962570,0112977120718996962570,MA640112977120718996962570,MA640112977120718996962570,DAT,MAD,2014-10-26,ACTIF,59352.46,304,304,1,1,11,11,371.0,371.0,2014-10-26,59352.46,Actif
373,1768610751079014,0113771768610751079014,0113771768610751079014,MA640113771768610751079014,MA640113771768610751079014,COURANT,MAD,2012-12-04,ACTIF,4506031.2,305,305,1,1,10,10,,,2024-01-26,4580662.09,Inactif
374,5887302416271035,0117105887302416271035,0117105887302416271035,MA640117105887302416271035,MA640117105887302416271035,COURANT,MAD,2015-02-24,ACTIF,34646374.34,306,306,1,1,11,11,,,2023-10-20,35207396.28,Inactif
375,6843865834370847,0118026843865834370847,0118026843865834370847,MA640118026843865834370847,MA640118026843865834370847,COURANT,MAD,2012-05-23,ACTIF,111812.4,307,307,1,1,10,10,,,2022-10-10,106244.08,Inactif
376,6393753415419287,0112816393753415419287,0112816393753415419287,MA640112816393753415419287,MA640112816393753415419287,DAT,MAD,2013-03-24,ACTIF,56345.57,307,307,1,1,10,10,375.0,375.0,2013-03-24,56345.57,Actif
377,8886111112507322,0116448886111112507322,0116448886111112507322,MA640116448886111112507322,MA640116448886111112507322,COURANT,MAD,2006-08-20,INACTIF,2288385.8,308,308,1,1,11,11,,,2011-12-21,2351505.59,Inactif
378,7811533710938593,0119167811533710938593,0119167811533710938593,MA640119167811533710938593,MA640119167811533710938593,COURANT,MAD,2018-09-15,ACTIF,3651569.45,309,309,1,1,10,10,,,2023-12-26,3533630.5,Inactif
379,2761558233902952,0114162761558233902952,0114162761558233902952,MA640114162761558233902952,MA640114162761558233902952,COURANT,MAD,2011-08-14,ACTIF,1692705.54,310,310,1,1,11,11,,,2016-07-21,1642866.63,Inactif
380,5891771590028295,0118485891771590028295,0118485891771590028295,MA640118485891771590028295,MA640118485891771590028295,COURANT,MAD,2018-05-05,ACTIF,9600280.53,311,311,1,1,10,10,,,2020-05-15,9604153.1,Inactif
381,7656197890474851,0115557656197890474851,0115557656197890474851,MA640115557656197890474851,MA640115557656197890474851,COURANT,MAD,2017-04-15,ACTIF,3590981.91,312,312,1,1,11,11,,,2024-02-05,3746219.77,Inactif
382,8358513539997619,0119168358513539997619,0119168358513539997619,MA640119168358513539997619,MA640119168358513539997619,COURANT,MAD,2006-07-22,ACTIF,6838132.33,313,313,1,1,10,10,,,2006-12-19,6807077.62,Inactif
383,4356974953639349,0119954356974953639349,0119954356974953639349,MA640119954356974953639349,MA640119954356974953639349,COURANT,MAD,2013-06-15,ACTIF,4730585.31,314,314,1,1,11,11,,,2015-10-15,4551478.43,Inactif
384,8121685386563179,0114658121685386563179,0114658121685386563179,MA640114658121685386563179,MA640114658121685386563179,COURANT,MAD,2021-01-11,ACTIF,55399735.13,315,315,1,1,10,10,,,2023-08-20,55500007.42,Inactif
385,3436509025607603,0112713436509025607603,0112713436509025607603,MA640112713436509025607603,MA640112713436509025607603,COURANT,MAD,2007-02-27,ACTIF,379473.76,316,316,1,1,11,11,,,2024-07-28,364564.55,Faiblement actif
386,1815881311041851,0114841815881311041851,0114841815881311041851,MA640114841815881311041851,MA640114841815881311041851,COURANT,MAD,2021-09-07,ACTIF,3851265.16,317,317,1,1,10,10,,,2024-07-25,3738052.29,Faiblement actif
387,7812721495311448,0112337812721495311448,0112337812721495311448,MA640112337812721495311448,MA640112337812721495311448,COURANT,MAD,2020-09-04,ACTIF,4639213.3,318,318,1,1,11,11,,,2023-12-01,4450632.92,Inactif
388,6240073224203908,0113876240073224203908,0113876240073224203908,MA640113876240073224203908,MA640113876240073224203908,COURANT,MAD,2014-09-05,ACTIF,5777602.4,319,319,1,1,10,10,,,2022-12-24,6019406.55,Inactif
389,9577199474312353,0117189577199474312353,0117189577199474312353,MA640117189577199474312353,MA640117189577199474312353,DAT,MAD,2015-07-24,ACTIF,1465424.73,319,319,1,1,10,10,388.0,388.0,2015-07-24,1465424.73,Actif
390,7261824924110651,0112297261824924110651,0112297261824924110651,MA640112297261824924110651,MA640112297261824924110651,COURANT,MAD,2010-11-08,INACTIF,290771.47,320,320,1,1,11,11,,,2018-03-20,303331.41,Inactif
391,7991006975196261,0113167991006975196261,0113167991006975196261,MA640113167991006975196261,MA640113167991006975196261,COURANT,MAD,2007-08-17,ACTIF,9132416.85,321,321,1,1,10,10,,,2024-05-27,9022810.25,Inactif
392,9626286585272184,0114749626286585272184,0114749626286585272184,MA640114749626286585272184,MA640114749626286585272184,COURANT,MAD,2020-05-17,ACTIF,179619.09,322,322,1,1,11,11,,,2023-10-28,176623.41,Inactif
393,4152131087226248,0118944152131087226248,0118944152131087226248,MA640118944152131087226248,MA640118944152131087226248,COURANT,MAD,2017-07-16,ACTIF,1138642.54,323,323,1,1,10,10,,,2022-10-12,1155555.45,Inactif
394,1054664673117761,0117601054664673117761,0117601054664673117761,MA640117601054664673117761,MA640117601054664673117761,COURANT,MAD,2014-02-21,ACTIF,357323.31,324,324,1,1,11,11,,,2016-10-19,359253.69,Inactif
395,9770769849888019,0118459770769849888019,0118459770769849888019,MA640118459770769849888019,MA640118459770769849888019,COURANT,MAD,2014-05-30,ACTIF,5865685.15,325,325,1,1,10,10,,,2023-03-06,5577352.32,Inactif
396,5156815147192240,0119195156815147192240,0119195156815147192240,MA640119195156815147192240,MA640119195156815147192240,COURANT,MAD,2020-01-22,ACTIF,450824.25,326,326,1,1,11,11,,,2020-09-03,437185.15,Inactif
397,6718255428178143,0118616718255428178143,0118616718255428178143,MA640118616718255428178143,MA640118616718255428178143,COURANT,MAD,2008-12-13,INACTIF,204481.04,327,327,1,1,10,10,,,2017-08-06,196605.18,Inactif
398,8624171824646532,0114638624171824646532,0114638624171824646532,MA640114638624171824646532,MA640114638624171824646532,COURANT,MAD,2014-07-02,INACTIF,2200565.06,328,328,1,1,11,11,,,2022-03-25,2113453.14,Inactif
399,5575248287811261,0113555575248287811261,0113555575248287811261,MA640113555575248287811261,MA640113555575248287811261,DAT,MAD,2014-12-11,ACTIF,719046.45,328,328,1,1,11,11,398.0,398.0,2014-12-11,719046.45,Actif
400,7921939654209953,0117257921939654209953,0117257921939654209953,MA640117257921939654209953,MA640117257921939654209953,COURANT,MAD,2018-06-30,ACTIF,327868.41,329,329,1,1,10,10,,,2024-11-10,324830.31,Actif
401,6760534958838377,0116866760534958838377,0116866760534958838377,MA640116866760534958838377,MA640116866760534958838377,COURANT,MAD,2007-05-01,ACTIF,233720.31,330,330,1,1,11,11,,,2018-09-07,238913.87,Inactif
402,6592043699388087,0114376592043699388087,0114376592043699388087,MA640114376592043699388087,MA640114376592043699388087,COURANT,MAD,2012-07-03,ACTIF,379382.31,331,331,1,1,10,10,,,2024-11-20,394589.49,Actif
403,5114887815226870,0113235114887815226870,0113235114887815226870,MA640113235114887815226870,MA640113235114887815226870,COURANT,MAD,2006-09-18,ACTIF,4821818.29,332,332,1,1,11,11,,,2017-09-04,4599609.07,Inactif
404,7254155272504085,0112007254155272504085,0112007254155272504085,MA640112007254155272504085,MA640112007254155272504085,COURANT,MAD,2010-03-10,INACTIF,662212.9,333,333,1,1,10,10,,,2018-11-20,665518.95,Inactif
405,1035085176025664,0117411035085176025664,0117411035085176025664,MA640117411035085176025664,MA640117411035085176025664,COURANT,MAD,2012-07-14,ACTIF,234251.29,334,334,1,1,11,11,,,2023-12-04,236814.18,Inactif
406,3560167736490721,0112523560167736490721,0112523560167736490721,MA640112523560167736490721,MA640112523560167736490721,DAT,MAD,2012-11-01,ACTIF,85975.09,334,334,1,1,11,11,405.0,405.0,2012-11-01,85975.09,Actif
407,4171515435379284,0111134171515435379284,0111134171515435379284,MA640111134171515435379284,MA640111134171515435379284,COURANT,MAD,2008-10-01,ACTIF,359170.79,335,335,1,1,10,10,,,2017-12-01,352857.08,Inactif
408,1580062735137242,0118841580062735137242,0118841580062735137242,MA640118841580062735137242,MA640118841580062735137242,COURANT,MAD,2020-10-11,INACTIF,69298.44,336,336,1,1,11,11,,,2022-01-13,67555.95,Inactif
409,5228677336248617,0115025228677336248617,0115025228677336248617,MA640115025228677336248617,MA640115025228677336248617,COURANT,MAD,2006-07-13,ACTIF,73431.09,337,337,1,1,10,10,,,2010-02-01,74428.78,Inactif
410,9362689770463786,0113919362689770463786,0113919362689770463786,MA640113919362689770463786,MA640113919362689770463786,COURANT,MAD,2011-09-07,ACTIF,6742620.39,338,338,1,1,11,11,,,2015-03-06,6806768.33,Inactif
411,7470252975404146,0113747470252975404146,0113747470252975404146,MA640113747470252975404146,MA640113747470252975404146,COURANT,MAD,2008-11-26,ACTIF,98245.41,339,339,1,1,10,10,,,2010-08-01,100851.99,Inactif
412,5941151156261694,0114215941151156261694,0114215941151156261694,MA640114215941151156261694,MA640114215941151156261694,COURANT,MAD,2019-06-22,INACTIF,2182179.0,340,340,1,1,11,11,,,2023-05-15,2114454.75,Inactif
413,1549682165173320,0111371549682165173320,0111371549682165173320,MA640111371549682165173320,MA640111371549682165173320,DAT,MAD,2019-10-06,ACTIF,1182239.35,340,340,1,1,11,11,412.0,412.0,2019-10-06,1182239.35,Actif
414,5149584245630639,0115285149584245630639,0115285149584245630639,MA640115285149584245630639,MA640115285149584245630639,COURANT,MAD,2013-06-21,ACTIF,1224106.75,341,341,1,1,10,10,,,2021-07-21,1217619.3,Inactif
415,4345800198942324,0116774345800198942324,0116774345800198942324,MA640116774345800198942324,MA640116774345800198942324,COURANT,MAD,2015-02-11,ACTIF,50637940.87,342,342,1,1,11,11,,,2021-10-22,48831877.99,Inactif
416,1191517166166893,0117931191517166166893,0117931191517166166893,MA640117931191517166166893,MA640117931191517166166893,DAT,MAD,2015-11-12,ACTIF,29482405.63,342,342,1,1,11,11,415.0,415.0,2015-11-12,29482405.63,Actif
417,3064555632663997,0112053064555632663997,0112053064555632663997,MA640112053064555632663997,MA640112053064555632663997,COURANT,MAD,2009-05-24,ACTIF,33167845.52,343,343,1,1,10,10,,,2012-09-29,32696141.42,Inactif
418,6183532849733764,0114736183532849733764,0114736183532849733764,MA640114736183532849733764,MA640114736183532849733764,COURANT,MAD,2020-03-16,ACTIF,2444867.43,344,344,1,1,11,11,,,2021-10-17,2525497.37,Inactif
419,5564870687931150,0114315564870687931150,0114315564870687931150,MA640114315564870687931150,MA640114315564870687931150,COURANT,MAD,2006-06-23,INACTIF,1666431.83,345,345,1,1,10,10,,,2013-12-10,1708787.48,Inactif
420,5467172567539664,0118225467172567539664,0118225467172567539664,MA640118225467172567539664,MA640118225467172567539664,DAT,MAD,2006-11-08,ACTIF,892058.72,345,345,1,1,10,10,419.0,419.0,2006-11-08,892058.72,Actif
421,9129770951824047,0116519129770951824047,0116519129770951824047,MA640116519129770951824047,MA640116519129770951824047,COURANT,MAD,2021-02-04,ACTIF,165507.84,346,346,1,1,11,11,,,2022-04-23,172852.52,Inactif
422,9061197618283438,0118409061197618283438,0118409061197618283438,MA640118409061197618283438,MA640118409061197618283438,COURANT,MAD,2007-05-02,ACTIF,207921.55,347,347,1,1,10,10,,,2013-03-24,218033.92,Inactif
423,8590886760604064,0115098590886760604064,0115098590886760604064,MA640115098590886760604064,MA640115098590886760604064,COURANT,MAD,2009-03-23,INACTIF,14570.48,348,348,1,1,11,11,,,2024-01-16,14504.16,Inactif
424,1233163134661393,0116761233163134661393,0116761233163134661393,MA640116761233163134661393,MA640116761233163134661393,DAT,MAD,2009-11-25,ACTIF,4899.24,348,348,1,1,11,11,423.0,423.0,2009-11-25,4899.24,Actif
425,5525267413135833,0114835525267413135833,0114835525267413135833,MA640114835525267413135833,MA640114835525267413135833,COURANT,MAD,2015-12-03,ACTIF,5802476.79,349,349,1,1,10,10,,,2020-05-30,5861969.46,Inactif
426,9634427572039090,0115429634427572039090,0115429634427572039090,MA640115429634427572039090,MA640115429634427572039090,DAT,MAD,2016-01-21,ACTIF,3672288.54,349,349,1,1,10,10,425.0,425.0,2016-01-21,3672288.54,Actif
427,2447059433171812,0114482447059433171812,0114482447059433171812,MA640114482447059433171812,MA640114482447059433171812,COURANT,MAD,2019-11-04,ACTIF,16759.71,350,350,1,1,11,11,,,2020-01-22,17001.16,Inactif
428,6857579090414219,0115686857579090414219,0115686857579090414219,MA640115686857579090414219,MA640115686857579090414219,COURANT,MAD,2014-01-12,INACTIF,108348.63,351,351,2,2,14,14,,,2019-05-14,108497.16,Inactif
429,3598957041899620,0117643598957041899620,0117643598957041899620,MA640117643598957041899620,MA640117643598957041899620,COURANT,MAD,2020-11-10,ACTIF,194284.31,352,352,2,2,15,15,,,2024-09-15,200729.96,Faiblement actif
430,9002983531146177,0111749002983531146177,0111749002983531146177,MA640111749002983531146177,MA640111749002983531146177,COURANT,MAD,2013-02-10,ACTIF,296142.27,353,353,2,2,14,14,,,2021-08-02,286309.46,Inactif
431,7447604121413833,0111257447604121413833,0111257447604121413833,MA640111257447604121413833,MA640111257447604121413833,COURANT,MAD,2017-09-30,ACTIF,116680.1,354,354,2,2,15,15,,,2019-07-15,116213.82,Inactif
432,7857289141296026,0112487857289141296026,0112487857289141296026,MA640112487857289141296026,MA640112487857289141296026,COURANT,MAD,2021-05-15,ACTIF,8672331.55,355,355,2,2,14,14,,,2023-12-19,8406396.66,Inactif
433,7590030782675371,0114317590030782675371,0114317590030782675371,MA640114317590030782675371,MA640114317590030782675371,COURANT,MAD,2017-02-04,ACTIF,150991.62,356,356,2,2,15,15,,,2023-02-06,154528.68,Inactif
434,1834022363717874,0112481834022363717874,0112481834022363717874,MA640112481834022363717874,MA640112481834022363717874,DAT,MAD,2017-12-11,ACTIF,78753.23,356,356,2,2,15,15,433.0,433.0,2017-12-11,78753.23,Actif
435,1346175720623370,0118101346175720623370,0118101346175720623370,MA640118101346175720623370,MA640118101346175720623370,COURANT,MAD,2014-11-06,ACTIF,1475663.7,357,357,2,2,14,14,,,2016-09-21,1442182.21,Inactif
436,4472028165828839,0113984472028165828839,0113984472028165828839,MA640113984472028165828839,MA640113984472028165828839,DAT,MAD,2015-01-02,ACTIF,540141.55,357,357,2,2,14,14,435.0,435.0,2015-01-02,540141.55,Actif
437,2843536946339682,0114312843536946339682,0114312843536946339682,MA640114312843536946339682,MA640114312843536946339682,COURANT,MAD,2009-08-12,INACTIF,7066515.54,358,358,2,2,15,15,,,2020-08-16,7418095.53,Inactif
438,6725553145603856,0117626725553145603856,0117626725553145603856,MA640117626725553145603856,MA640117626725553145603856,COURANT,MAD,2018-07-10,ACTIF,211393.2,359,359,2,2,14,14,,,2023-06-16,215479.78,Inactif
439,7187865939194894,0114707187865939194894,0114707187865939194894,MA640114707187865939194894,MA640114707187865939194894,COURANT,MAD,2012-10-13,ACTIF,91764770.95,360,360,2,2,15,15,,,2022-12-11,91190102.25,Inactif
440,1189166569259655,0113671189166569259655,0113671189166569259655,MA640113671189166569259655,MA640113671189166569259655,COURANT,MAD,2017-09-02,ACTIF,237290.41,361,361,2,2,14,14,,,2017-09-16,243502.42,Inactif
441,1709444668247317,0115691709444668247317,0115691709444668247317,MA640115691709444668247317,MA640115691709444668247317,COURANT,MAD,2010-09-11,ACTIF,139929.38,362,362,2,2,15,15,,,2012-08-18,135875.88,Inactif
442,8325011451112891,0112568325011451112891,0112568325011451112891,MA640112568325011451112891,MA640112568325011451112891,COURANT,MAD,2017-11-22,ACTIF,5051219.31,363,363,2,2,14,14,,,2019-08-19,5146797.21,Inactif
443,1955641196422953,0115101955641196422953,0115101955641196422953,MA640115101955641196422953,MA640115101955641196422953,COURANT,MAD,2017-12-06,ACTIF,6027516.53,364,364,2,2,15,15,,,2022-03-01,5935014.34,Inactif
444,6694123614466147,0116286694123614466147,0116286694123614466147,MA640116286694123614466147,MA640116286694123614466147,COURANT,MAD,2007-01-06,ACTIF,789118.42,365,365,2,2,14,14,,,2014-07-09,784202.13,Inactif
445,1141928037013300,0116271141928037013300,0116271141928037013300,MA640116271141928037013300,MA640116271141928037013300,DAT,MAD,2007-11-09,ACTIF,340552.49,365,365,2,2,14,14,444.0,444.0,2007-11-09,340552.49,Actif
446,6073415251018867,0115116073415251018867,0115116073415251018867,MA640115116073415251018867,MA640115116073415251018867,COURANT,MAD,2010-09-08,ACTIF,87499.44,366,366,2,2,15,15,,,2021-04-09,89264.01,Inactif
447,2653705733380752,0112952653705733380752,0112952653705733380752,MA640112952653705733380752,MA640112952653705733380752,COURANT,MAD,2016-03-04,ACTIF,129638.2,367,367,2,2,14,14,,,2024-09-14,131831.18,Faiblement actif
448,8471154558447730,0112368471154558447730,0112368471154558447730,MA640112368471154558447730,MA640112368471154558447730,DAT,MAD,2016-08-15,ACTIF,57364.49,367,367,2,2,14,14,447.0,447.0,2016-08-15,57364.49,Actif
449,2116769863540735,0113762116769863540735,0113762116769863540735,MA640113762116769863540735,MA640113762116769863540735,COURANT,MAD,2010-03-27,ACTIF,2458401.66,368,368,2,2,15,15,,,2010-08-21,2403842.28,Inactif
450,1264684680101849,0116691264684680101849,0116691264684680101849,MA640116691264684680101849,MA640116691264684680101849,COURANT,MAD,2013-01-23,ACTIF,488666.54,369,369,2,2,14,14,,,2022-12-06,469157.2,Inactif
451,6373892275216242,0118416373892275216242,0118416373892275216242,MA640118416373892275216242,MA640118416373892275216242,COURANT,MAD,2005-05-12,ACTIF,4765682.93,370,370,2,2,15,15,,,2024-12-03,4908125.78,Actif
452,1735702273256226,0118411735702273256226,0118411735702273256226,MA640118411735702273256226,MA640118411735702273256226,COURANT,MAD,2014-06-06,ACTIF,2589054.44,371,371,2,2,14,14,,,2023-09-14,2695154.08,Inactif
453,8354753487709535,0115348354753487709535,0115348354753487709535,MA640115348354753487709535,MA640115348354753487709535,DAT,MAD,2014-10-29,ACTIF,1144434.31,371,371,2,2,14,14,452.0,452.0,2014-10-29,1144434.31,Actif
454,3035629896988751,0115633035629896988751,0115633035629896988751,MA640115633035629896988751,MA640115633035629896988751,COURANT,MAD,2007-05-23,ACTIF,189630.1,372,372,2,2,15,15,,,2013-12-22,191480.14,Inactif
455,1006761616877537,0116841006761616877537,0116841006761616877537,MA640116841006761616877537,MA640116841006761616877537,COURANT,MAD,2021-05-19,ACTIF,8552457.89,373,373,2,2,14,14,,,2024-01-04,8308208.63,Inactif
456,5860301213768437,0118545860301213768437,0118545860301213768437,MA640118545860301213768437,MA640118545860301213768437,DAT,MAD,2022-03-29,ACTIF,1313602.24,373,373,2,2,14,14,455.0,455.0,2022-03-29,1328396.89,Actif
457,4879696085879462,0117814879696085879462,0117814879696085879462,MA640117814879696085879462,MA640117814879696085879462,COURANT,MAD,2015-05-28,ACTIF,4445588.73,374,374,2,2,15,15,,,2020-09-17,4416748.92,Inactif
458,9291617133572013,0113359291617133572013,0113359291617133572013,MA640113359291617133572013,MA640113359291617133572013,DAT,MAD,2016-05-12,ACTIF,2846887.61,374,374,2,2,15,15,457.0,457.0,2016-05-12,2846887.61,Actif
459,5891892393801562,0115815891892393801562,0115815891892393801562,MA640115815891892393801562,MA640115815891892393801562,COURANT,MAD,2011-01-23,ACTIF,311930.71,375,375,2,2,14,14,,,2024-08-02,317788.84,Faiblement actif
460,9777205999068383,0115719777205999068383,0115719777205999068383,MA640115719777205999068383,MA640115719777205999068383,DAT,MAD,2012-01-19,ACTIF,112513.18,375,375,2,2,14,14,459.0,459.0,2012-01-19,112513.18,Actif
461,9041602866674905,0119889041602866674905,0119889041602866674905,MA640119889041602866674905,MA640119889041602866674905,COURANT,MAD,2011-01-28,ACTIF,8614946.19,376,376,2,2,15,15,,,2018-04-13,8396178.75,Inactif
462,3241413156512970,0118783241413156512970,0118783241413156512970,MA640118783241413156512970,MA640118783241413156512970,COURANT,MAD,2005-04-02,ACTIF,4567919.43,377,377,2,2,14,14,,,2008-08-23,4511797.22,Inactif
463,3224840017537175,0117643224840017537175,0117643224840017537175,MA640117643224840017537175,MA640117643224840017537175,COURANT,MAD,2019-08-14,ACTIF,309687.4,378,378,2,2,15,15,,,2021-03-12,311696.99,Inactif
464,1528138359175761,0113981528138359175761,0113981528138359175761,MA640113981528138359175761,MA640113981528138359175761,COURANT,MAD,2016-02-19,INACTIF,3557297.02,379,379,2,2,14,14,,,2017-03-05,3603601.26,Inactif
465,4083913469611267,0118854083913469611267,0118854083913469611267,MA640118854083913469611267,MA640118854083913469611267,COURANT,MAD,2015-01-16,ACTIF,24597190.66,380,380,2,2,15,15,,,2023-11-23,23539640.18,Inactif
466,7003406960911535,0117227003406960911535,0117227003406960911535,MA640117227003406960911535,MA640117227003406960911535,COURANT,MAD,2016-02-15,ACTIF,372071.51,381,381,2,2,14,14,,,2022-02-08,383218.75,Inactif
467,5298062856104466,0116425298062856104466,0116425298062856104466,MA640116425298062856104466,MA640116425298062856104466,COURANT,MAD,2015-04-20,INACTIF,191478.41,382,382,2,2,15,15,,,2020-11-12,192318.22,Inactif
468,5874386479922737,0119195874386479922737,0119195874386479922737,MA640119195874386479922737,MA640119195874386479922737,COURANT,MAD,2007-06-16,ACTIF,46322703.36,383,383,2,2,14,14,,,2014-02-22,48536666.88,Inactif
469,1467884479190320,0117261467884479190320,0117261467884479190320,MA640117261467884479190320,MA640117261467884479190320,COURANT,MAD,2015-09-09,INACTIF,5140485.34,384,384,2,2,15,15,,,2016-05-04,5103738.27,Inactif
470,1605761657712356,0118521605761657712356,0118521605761657712356,MA640118521605761657712356,MA640118521605761657712356,COURANT,MAD,2010-01-04,ACTIF,172017.55,385,385,2,2,14,14,,,2019-12-21,172016.01,Inactif
471,3451585444686834,0113143451585444686834,0113143451585444686834,MA640113143451585444686834,MA640113143451585444686834,COURANT,MAD,2006-02-26,ACTIF,284644.03,386,386,2,2,15,15,,,2014-07-16,275479.66,Inactif
472,2564441822150619,0111992564441822150619,0111992564441822150619,MA640111992564441822150619,MA640111992564441822150619,COURANT,MAD,2007-08-22,INACTIF,487137.07,387,387,2,2,14,14,,,2023-02-23,498395.4,Inactif
473,8170342243592725,0111728170342243592725,0111728170342243592725,MA640111728170342243592725,MA640111728170342243592725,COURANT,MAD,2017-04-19,INACTIF,261448.7,388,388,2,2,15,15,,,2021-11-24,270968.26,Inactif
474,9005474039846331,0114299005474039846331,0114299005474039846331,MA640114299005474039846331,MA640114299005474039846331,COURANT,MAD,2009-09-27,ACTIF,306795.59,389,389,2,2,14,14,,,2013-06-17,320161.13,Inactif
475,9846016270929450,0119389846016270929450,0119389846016270929450,MA640119389846016270929450,MA640119389846016270929450,COURANT,MAD,2010-08-14,ACTIF,213034.04,390,390,2,2,15,15,,,2015-01-26,209491.73,Inactif
476,1535303130964359,0111081535303130964359,0111081535303130964359,MA640111081535303130964359,MA640111081535303130964359,DAT,MAD,2011-06-12,ACTIF,77519.08,390,390,2,2,15,15,475.0,475.0,2011-06-12,77519.08,Actif
477,5646153192704915,0112585646153192704915,0112585646153192704915,MA640112585646153192704915,MA640112585646153192704915,COURANT,MAD,2007-12-31,ACTIF,1563187.43,391,391,2,2,14,14,,,2019-02-08,1629135.58,Inactif
478,3200706087100880,0119463200706087100880,0119463200706087100880,MA640119463200706087100880,MA640119463200706087100880,COURANT,MAD,2008-12-14,INACTIF,3415970.1,392,392,2,2,15,15,,,2020-07-19,3245980.73,Inactif
479,9184028128912125,0118359184028128912125,0118359184028128912125,MA640118359184028128912125,MA640118359184028128912125,COURANT,MAD,2009-11-08,INACTIF,461087.31,393,393,2,2,14,14,,,2011-04-18,439839.79,Inactif
480,8245507647586447,0118468245507647586447,0118468245507647586447,MA640118468245507647586447,MA640118468245507647586447,COURANT,MAD,2018-12-31,ACTIF,4757755.64,394,394,2,2,15,15,,,2024-01-04,4673111.88,Inactif
481,8350344243832258,0115938350344243832258,0115938350344243832258,MA640115938350344243832258,MA640115938350344243832258,COURANT,MAD,2016-03-02,ACTIF,12631146.22,395,395,2,2,14,14,,,2023-10-26,12487343.44,Inactif
482,4519866467684105,0111824519866467684105,0111824519866467684105,MA640111824519866467684105,MA640111824519866467684105,DAT,MAD,2016-07-02,ACTIF,5644841.37,395,395,2,2,14,14,481.0,481.0,2016-07-02,5644841.37,Actif
483,4642988956189300,0119284642988956189300,0119284642988956189300,MA640119284642988956189300,MA640119284642988956189300,COURANT,MAD,2010-08-06,INACTIF,29268.76,396,396,2,2,15,15,,,2013-10-29,30214.79,Inactif
484,6742606193171169,0115566742606193171169,0115566742606193171169,MA640115566742606193171169,MA640115566742606193171169,DAT,MAD,2011-04-09,ACTIF,14599.95,396,396,2,2,15,15,483.0,483.0,2011-04-09,14599.95,Actif
485,8914554782713551,0115658914554782713551,0115658914554782713551,MA640115658914554782713551,MA640115658914554782713551,COURANT,MAD,2020-12-03,ACTIF,9202880.54,397,397,2,2,14,14,,,2023-11-12,9336281.92,Inactif
486,4958228119297424,0115624958228119297424,0115624958228119297424,MA640115624958228119297424,MA640115624958228119297424,COURANT,MAD,2019-07-20,ACTIF,3002621.17,398,398,2,2,15,15,,,2020-11-13,3036875.3,Inactif
487,3859223965827709,0116953859223965827709,0116953859223965827709,MA640116953859223965827709,MA640116953859223965827709,COURANT,MAD,2006-11-08,INACTIF,307136.45,399,399,2,2,14,14,,,2006-12-04,301161.45,Inactif
488,1859026788037790,0117791859026788037790,0117791859026788037790,MA640117791859026788037790,MA640117791859026788037790,COURANT,MAD,2007-04-26,INACTIF,220307.28,400,400,2,2,15,15,,,2011-12-31,230135.77,Inactif
489,8086506148432274,0119618086506148432274,0119618086506148432274,MA640119618086506148432274,MA640119618086506148432274,COURANT,MAD,2021-08-27,ACTIF,164209.74,401,401,2,2,14,14,,,2023-04-22,159671.45,Inactif
490,2594888319382555,0115162594888319382555,0115162594888319382555,MA640115162594888319382555,MA640115162594888319382555,DAT,MAD,2022-03-23,ACTIF,96176.85,401,401,2,2,14,14,489.0,489.0,2022-03-23,98237.27,Actif
491,2826745427758737,0115112826745427758737,0115112826745427758737,MA640115112826745427758737,MA640115112826745427758737,COURANT,MAD,2020-10-31,ACTIF,98137649.81,402,402,2,2,15,15,,,2024-10-06,96959763.79,Actif
492,9821203466221870,0111289821203466221870,0111289821203466221870,MA640111289821203466221870,MA640111289821203466221870,COURANT,MAD,2013-06-11,ACTIF,6852061.27,403,403,2,2,14,14,,,2020-12-17,7170083.73,Inactif
493,2370874460837295,0113372370874460837295,0113372370874460837295,MA640113372370874460837295,MA640113372370874460837295,DAT,MAD,2013-12-19,ACTIF,1839271.33,403,403,2,2,14,14,492.0,492.0,2013-12-19,1839271.33,Actif
494,5019942642383040,0117505019942642383040,0117505019942642383040,MA640117505019942642383040,MA640117505019942642383040,COURANT,MAD,2012-08-20,INACTIF,447719.83,404,404,2,2,15,15,,,2018-03-14,432010.12,Inactif
495,7604290319047050,0118327604290319047050,0118327604290319047050,MA640118327604290319047050,MA640118327604290319047050,COURANT,MAD,2012-12-05,ACTIF,74639229.97,405,405,2,2,14,14,,,2024-12-20,73917449.17,Actif
496,4815391450030636,0112654815391450030636,0112654815391450030636,MA640112654815391450030636,MA640112654815391450030636,DAT,MAD,2013-12-02,ACTIF,21422743.2,405,405,2,2,14,14,495.0,495.0,2013-12-02,21422743.2,Actif
497,1840565624111630,0112921840565624111630,0112921840565624111630,MA640112921840565624111630,MA640112921840565624111630,COURANT,MAD,2014-09-06,ACTIF,4620025.8,406,406,2,2,15,15,,,2016-02-20,4627786.44,Inactif
498,8483989375534494,0112908483989375534494,0112908483989375534494,MA640112908483989375534494,MA640112908483989375534494,COURANT,MAD,2015-10-19,ACTIF,350771.61,407,407,2,2,14,14,,,2021-11-06,349231.64,Inactif
499,9356166178539231,0114559356166178539231,0114559356166178539231,MA640114559356166178539231,MA640114559356166178539231,COURANT,MAD,2019-12-03,ACTIF,148300.33,408,408,2,2,15,15,,,2021-10-11,154191.7,Inactif
500,5376886549789085,0115435376886549789085,0115435376886549789085,MA640115435376886549789085,MA640115435376886549789085,DAT,MAD,2020-07-01,ACTIF,52270.62,408,408,2,2,15,15,499.0,499.0,2020-07-01,52270.62,Actif
501,8395065680095667,0117438395065680095667,0117438395065680095667,MA640117438395065680095667,MA640117438395065680095667,COURANT,MAD,2007-01-19,ACTIF,891058.24,409,409,2,2,14,14,,,2010-12-30,856178.12,Inactif
502,6116725168088262,0116536116725168088262,0116536116725168088262,MA640116536116725168088262,MA640116536116725168088262,COURANT,MAD,2011-11-12,ACTIF,89821.14,410,410,2,2,15,15,,,2024-12-17,86078.7,Actif
503,6236011789098795,0113796236011789098795,0113796236011789098795,MA640113796236011789098795,MA640113796236011789098795,COURANT,MAD,2007-12-04,ACTIF,9260728.13,411,411,2,2,14,14,,,2023-12-15,9366324.71,Inactif
504,8148646348461227,0118098148646348461227,0118098148646348461227,MA640118098148646348461227,MA640118098148646348461227,COURANT,MAD,2015-01-14,ACTIF,18384708.69,412,412,2,2,15,15,,,2020-01-27,17647654.98,Inactif
505,9279808382530459,0112719279808382530459,0112719279808382530459,MA640112719279808382530459,MA640112719279808382530459,COURANT,MAD,2018-05-11,ACTIF,42753.07,413,413,2,2,14,14,,,2024-08-02,42763.93,Faiblement actif
506,3249314838133133,0111933249314838133133,0111933249314838133133,MA640111933249314838133133,MA640111933249314838133133,DAT,MAD,2019-01-31,ACTIF,9612.85,413,413,2,2,14,14,505.0,505.0,2019-01-31,9612.85,Actif
507,6806135061222220,0119886806135061222220,0119886806135061222220,MA640119886806135061222220,MA640119886806135061222220,COURANT,MAD,2006-11-19,ACTIF,374167.12,414,414,2,2,15,15,,,2018-08-12,358193.17,Inactif
508,8316746062237400,0115928316746062237400,0115928316746062237400,MA640115928316746062237400,MA640115928316746062237400,COURANT,MAD,2007-10-01,ACTIF,78977155.26,415,415,2,2,14,14,,,2010-10-20,81819275.9,Inactif
509,8102591272111726,0112478102591272111726,0112478102591272111726,MA640112478102591272111726,MA640112478102591272111726,COURANT,MAD,2007-07-03,ACTIF,333384.12,416,416,2,2,15,15,,,2024-01-27,347300.41,Inactif
510,8530126340399871,0115598530126340399871,0115598530126340399871,MA640115598530126340399871,MA640115598530126340399871,COURANT,MAD,2017-03-08,ACTIF,2003112.72,417,417,2,2,14,14,,,2020-03-12,2075534.06,Inactif
511,3442718499367274,0115163442718499367274,0115163442718499367274,MA640115163442718499367274,MA640115163442718499367274,DAT,MAD,2017-04-10,ACTIF,504576.47,417,417,2,2,14,14,510.0,510.0,2017-04-10,504576.47,Actif
512,9499946156568012,0117539499946156568012,0117539499946156568012,MA640117539499946156568012,MA640117539499946156568012,COURANT,MAD,2007-09-29,ACTIF,5415745.34,418,418,2,2,15,15,,,2024-08-29,5585632.0,Faiblement actif
513,5591898867080495,0113485591898867080495,0113485591898867080495,MA640113485591898867080495,MA640113485591898867080495,COURANT,MAD,2021-09-06,ACTIF,95639808.67,419,419,2,2,14,14,,,2022-08-27,98684557.61,Inactif
514,9647871914905748,0116119647871914905748,0116119647871914905748,MA640116119647871914905748,MA640116119647871914905748,COURANT,MAD,2009-01-20,ACTIF,430095.3,420,420,2,2,15,15,,,2010-04-23,438226.35,Inactif
515,1817327226888229,0113231817327226888229,0113231817327226888229,MA640113231817327226888229,MA640113231817327226888229,COURANT,MAD,2012-03-12,ACTIF,267716.57,421,421,2,2,14,14,,,2022-07-25,272161.69,Inactif
516,7015131413039386,0119297015131413039386,0119297015131413039386,MA640119297015131413039386,MA640119297015131413039386,COURANT,MAD,2008-06-03,ACTIF,276469.1,422,422,2,2,15,15,,,2015-06-04,271236.51,Inactif
517,3045384154435111,0118813045384154435111,0118813045384154435111,MA640118813045384154435111,MA640118813045384154435111,DAT,MAD,2008-07-24,ACTIF,136863.41,422,422,2,2,15,15,516.0,516.0,2008-07-24,136863.41,Actif
518,9101800639921388,0116339101800639921388,0116339101800639921388,MA640116339101800639921388,MA640116339101800639921388,COURANT,MAD,2017-03-14,INACTIF,174380.56,423,423,2,2,14,14,,,2023-09-09,177068.32,Inactif
519,2395850365776732,0112062395850365776732,0112062395850365776732,MA640112062395850365776732,MA640112062395850365776732,COURANT,MAD,2013-09-24,ACTIF,491616.67,424,424,2,2,15,15,,,2024-06-02,506275.82,Inactif
520,9558149248317707,0115319558149248317707,0115319558149248317707,MA640115319558149248317707,MA640115319558149248317707,COURANT,MAD,2005-09-26,ACTIF,9547969.43,425,425,2,2,14,14,,,2014-09-13,9948352.6,Inactif
521,6101798891701304,0114516101798891701304,0114516101798891701304,MA640114516101798891701304,MA640114516101798891701304,COURANT,MAD,2011-03-25,INACTIF,5323669.96,426,426,2,2,15,15,,,2011-06-16,5151823.59,Inactif
522,6787929077036526,0118646787929077036526,0118646787929077036526,MA640118646787929077036526,MA640118646787929077036526,COURANT,MAD,2019-01-12,ACTIF,259875.14,427,427,2,2,14,14,,,2021-08-03,254380.18,Inactif
523,9083768154331375,0116579083768154331375,0116579083768154331375,MA640116579083768154331375,MA640116579083768154331375,COURANT,MAD,2018-05-03,INACTIF,231483.62,428,428,2,2,15,15,,,2022-04-14,239119.67,Inactif
524,1141833898481085,0111291141833898481085,0111291141833898481085,MA640111291141833898481085,MA640111291141833898481085,DAT,MAD,2019-01-12,ACTIF,82198.22,428,428,2,2,15,15,523.0,523.0,2019-01-12,82198.22,Actif
525,9253855145134226,0117939253855145134226,0117939253855145134226,MA640117939253855145134226,MA640117939253855145134226,COURANT,MAD,2020-01-21,ACTIF,8505248.29,429,429,2,2,14,14,,,2021-10-22,8566499.37,Inactif
526,1426460075523712,0113811426460075523712,0113811426460075523712,MA640113811426460075523712,MA640113811426460075523712,COURANT,MAD,2006-05-18,ACTIF,421724.66,430,430,2,2,15,15,,,2015-08-18,408329.45,Inactif
527,4025118942875162,0111484025118942875162,0111484025118942875162,MA640111484025118942875162,MA640111484025118942875162,COURANT,MAD,2012-03-07,ACTIF,103187.15,431,431,2,2,14,14,,,2023-08-28,100246.85,Inactif
528,2222957160455290,0116102222957160455290,0116102222957160455290,MA640116102222957160455290,MA640116102222957160455290,DAT,MAD,2012-12-20,ACTIF,61713.17,431,431,2,2,14,14,527.0,527.0,2012-12-20,61713.17,Actif
529,1715931353012551,0117391715931353012551,0117391715931353012551,MA640117391715931353012551,MA640117391715931353012551,COURANT,MAD,2012-10-22,ACTIF,1022481.25,432,432,2,2,15,15,,,2014-07-04,988294.8,Inactif
530,3932116037743616,0114743932116037743616,0114743932116037743616,MA640114743932116037743616,MA640114743932116037743616,DAT,MAD,2013-01-19,ACTIF,500948.17,432,432,2,2,15,15,529.0,529.0,2013-01-19,500948.17,Actif
531,6418372171523286,0114336418372171523286,0114336418372171523286,MA640114336418372171523286,MA640114336418372171523286,COURANT,MAD,2008-08-22,ACTIF,46246394.9,433,433,2,2,14,14,,,2009-02-11,46626762.47,Inactif
532,5278460261133143,0111725278460261133143,0111725278460261133143,MA640111725278460261133143,MA640111725278460261133143,COURANT,MAD,2014-04-06,ACTIF,4960921.44,434,434,2,2,15,15,,,2018-05-13,4838769.51,Inactif
533,4970363357439688,0117834970363357439688,0117834970363357439688,MA640117834970363357439688,MA640117834970363357439688,COURANT,MAD,2005-11-21,ACTIF,187204.99,435,435,2,2,14,14,,,2016-12-25,194994.62,Inactif
534,5351474897045335,0114505351474897045335,0114505351474897045335,MA640114505351474897045335,MA640114505351474897045335,COURANT,MAD,2006-09-22,ACTIF,287170.97,436,436,2,2,15,15,,,2012-02-09,274766.58,Inactif
535,5031397278980674,0112175031397278980674,0112175031397278980674,MA640112175031397278980674,MA640112175031397278980674,COURANT,MAD,2011-03-25,INACTIF,283756.78,437,437,2,2,14,14,,,2019-05-28,288603.67,Inactif
536,5200244827580033,0112645200244827580033,0112645200244827580033,MA640112645200244827580033,MA640112645200244827580033,COURANT,MAD,2018-05-13,INACTIF,94587.66,438,438,2,2,15,15,,,2022-06-24,91035.38,Inactif
537,8108083796602341,0117848108083796602341,0117848108083796602341,MA640117848108083796602341,MA640117848108083796602341,DAT,MAD,2019-01-30,ACTIF,52093.71,438,438,2,2,15,15,536.0,536.0,2019-01-30,52093.71,Actif
538,5205512322922575,0117655205512322922575,0117655205512322922575,MA640117655205512322922575,MA640117655205512322922575,COURANT,MAD,2007-04-27,ACTIF,367191.02,439,439,2,2,14,14,,,2008-10-27,369213.94,Inactif
539,6023244375958085,0114066023244375958085,0114066023244375958085,MA640114066023244375958085,MA640114066023244375958085,DAT,MAD,2007-07-13,ACTIF,121184.86,439,439,2,2,14,14,538.0,538.0,2007-07-13,121184.86,Actif
540,3744879815417052,0111613744879815417052,0111613744879815417052,MA640111613744879815417052,MA640111613744879815417052,COURANT,MAD,2011-09-25,ACTIF,151221.13,440,440,2,2,15,15,,,2014-10-09,154442.11,Inactif
541,7883904783407060,0111267883904783407060,0111267883904783407060,MA640111267883904783407060,MA640111267883904783407060,COURANT,MAD,2012-09-27,ACTIF,313365.78,441,441,2,2,14,14,,,2015-11-30,297872.42,Inactif
542,3312609922289232,0113473312609922289232,0113473312609922289232,MA640113473312609922289232,MA640113473312609922289232,COURANT,MAD,2014-04-22,INACTIF,8243089.55,442,442,2,2,15,15,,,2023-02-12,8236188.62,Inactif
543,3320255588215320,0118193320255588215320,0118193320255588215320,MA640118193320255588215320,MA640118193320255588215320,COURANT,MAD,2014-03-29,ACTIF,87927279.65,443,443,2,2,14,14,,,2016-06-26,85583449.92,Inactif
544,8729256943623486,0111228729256943623486,0111228729256943623486,MA640111228729256943623486,MA640111228729256943623486,COURANT,MAD,2010-05-13,ACTIF,2966659.0,444,444,2,2,15,15,,,2012-05-21,3046888.65,Inactif
545,9858834332114515,0118359858834332114515,0118359858834332114515,MA640118359858834332114515,MA640118359858834332114515,COURANT,MAD,2017-09-05,ACTIF,82451327.87,445,445,2,2,14,14,,,2021-08-23,81665071.51,Inactif
546,7421685791575137,0119367421685791575137,0119367421685791575137,MA640119367421685791575137,MA640119367421685791575137,COURANT,MAD,2014-10-31,INACTIF,286250.63,446,446,2,2,15,15,,,2017-08-31,277300.2,Inactif
547,6457780011095361,0114096457780011095361,0114096457780011095361,MA640114096457780011095361,MA640114096457780011095361,COURANT,MAD,2017-11-06,ACTIF,329426.86,447,447,2,2,14,14,,,2018-10-25,335008.89,Inactif
548,5061489841302719,0119195061489841302719,0119195061489841302719,MA640119195061489841302719,MA640119195061489841302719,COURANT,MAD,2019-11-28,ACTIF,477631.86,448,448,2,2,15,15,,,2021-05-17,454598.06,Inactif
549,6803646233608983,0117386803646233608983,0117386803646233608983,MA640117386803646233608983,MA640117386803646233608983,COURANT,MAD,2016-08-02,ACTIF,172213.71,449,449,2,2,14,14,,,2021-10-06,167173.35,Inactif
550,4210711248970671,0116054210711248970671,0116054210711248970671,MA640116054210711248970671,MA640116054210711248970671,DAT,MAD,2016-12-05,ACTIF,66917.09,449,449,2,2,14,14,549.0,549.0,2016-12-05,66917.09,Actif
551,3220286593113767,0118913220286593113767,0118913220286593113767,MA640118913220286593113767,MA640118913220286593113767,COURANT,MAD,2018-12-14,ACTIF,255924.48,450,450,2,2,15,15,,,2019-12-02,261112.64,Inactif
552,4003636015292672,0111854003636015292672,0111854003636015292672,MA640111854003636015292672,MA640111854003636015292672,DAT,MAD,2019-09-27,ACTIF,154671.87,450,450,2,2,15,15,551.0,551.0,2019-09-27,154671.87,Actif
553,1461303831845432,0116731461303831845432,0116731461303831845432,MA640116731461303831845432,MA640116731461303831845432,COURANT,MAD,2018-11-18,ACTIF,50672.13,451,451,2,2,14,14,,,2024-10-10,51864.72,Actif
554,1942687487630954,0118281942687487630954,0118281942687487630954,MA640118281942687487630954,MA640118281942687487630954,COURANT,MAD,2014-10-26,ACTIF,602319.0,452,452,2,2,15,15,,,2019-01-28,576437.0,Inactif
555,8727111589200432,0117928727111589200432,0117928727111589200432,MA640117928727111589200432,MA640117928727111589200432,COURANT,MAD,2012-01-07,ACTIF,140305.28,453,453,2,2,14,14,,,2012-10-28,143034.22,Inactif
556,5307495762687851,0112965307495762687851,0112965307495762687851,MA640112965307495762687851,MA640112965307495762687851,DAT,MAD,2012-05-27,ACTIF,43124.22,453,453,2,2,14,14,555.0,555.0,2012-05-27,43124.22,Actif
557,2262991269360294,0113112262991269360294,0113112262991269360294,MA640113112262991269360294,MA640113112262991269360294,COURANT,MAD,2008-07-09,ACTIF,9645833.68,454,454,2,2,15,15,,,2011-12-02,10048578.19,Inactif
558,1928849874995354,0114071928849874995354,0114071928849874995354,MA640114071928849874995354,MA640114071928849874995354,COURANT,MAD,2018-11-13,ACTIF,431975.92,455,455,2,2,14,14,,,2019-10-27,435385.66,Inactif
559,2545537277938013,0117332545537277938013,0117332545537277938013,MA640117332545537277938013,MA640117332545537277938013,COURANT,MAD,2015-11-28,ACTIF,6938738.7,456,456,2,2,15,15,,,2024-10-19,7075853.76,Actif
560,2503433342101893,0111302503433342101893,0111302503433342101893,MA640111302503433342101893,MA640111302503433342101893,COURANT,MAD,2020-08-07,ACTIF,2976565.83,457,457,2,2,14,14,,,2024-08-25,3032514.48,Faiblement actif
561,4536591889515107,0113784536591889515107,0113784536591889515107,MA640113784536591889515107,MA640113784536591889515107,COURANT,MAD,2009-01-23,INACTIF,83649.65,458,458,2,2,15,15,,,2017-04-24,82861.66,Inactif
562,6245772956297382,0118886245772956297382,0118886245772956297382,MA640118886245772956297382,MA640118886245772956297382,COURANT,MAD,2008-04-20,ACTIF,42923.52,459,459,2,2,14,14,,,2009-08-08,42988.09,Inactif
563,9764669871636846,0118249764669871636846,0118249764669871636846,MA640118249764669871636846,MA640118249764669871636846,COURANT,MAD,2020-07-13,INACTIF,176642.46,460,460,2,2,15,15,,,2021-05-20,179464.37,Inactif
564,9887052676768369,0113009887052676768369,0113009887052676768369,MA640113009887052676768369,MA640113009887052676768369,COURANT,MAD,2008-11-02,ACTIF,257410.18,461,461,2,2,14,14,,,2023-04-01,259278.84,Inactif
565,1736456252339954,0119731736456252339954,0119731736456252339954,MA640119731736456252339954,MA640119731736456252339954,DAT,MAD,2009-10-31,ACTIF,121761.63,461,461,2,2,14,14,564.0,564.0,2009-10-31,121761.63,Actif
566,1415765335228013,0119671415765335228013,0119671415765335228013,MA640119671415765335228013,MA640119671415765335228013,COURANT,MAD,2022-01-03,ACTIF,9640364.65,462,462,2,2,15,15,,,2024-02-18,9982487.3,Inactif
567,5635477489699557,0111135635477489699557,0111135635477489699557,MA640111135635477489699557,MA640111135635477489699557,COURANT,MAD,2008-04-17,INACTIF,215140.15,463,463,2,2,14,14,,,2021-12-01,206601.44,Inactif
568,9114750842959096,0118029114750842959096,0118029114750842959096,MA640118029114750842959096,MA640118029114750842959096,COURANT,MAD,2012-07-16,ACTIF,8640358.09,464,464,2,2,15,15,,,2015-08-11,8660875.12,Inactif
569,5271822580184456,0117975271822580184456,0117975271822580184456,MA640117975271822580184456,MA640117975271822580184456,COURANT,MAD,2014-09-12,ACTIF,242117.92,465,465,2,2,14,14,,,2023-11-17,242528.41,Inactif
570,1881828846822400,0119871881828846822400,0119871881828846822400,MA640119871881828846822400,MA640119871881828846822400,DAT,MAD,2015-06-22,ACTIF,104442.87,465,465,2,2,14,14,569.0,569.0,2015-06-22,104442.87,Actif
571,3450892039018227,0113553450892039018227,0113553450892039018227,MA640113553450892039018227,MA640113553450892039018227,COURANT,MAD,2020-11-10,ACTIF,329702.36,466,466,2,2,15,15,,,2022-07-13,334249.78,Inactif
572,7589018349346274,0118967589018349346274,0118967589018349346274,MA640118967589018349346274,MA640118967589018349346274,COURANT,MAD,2011-06-24,ACTIF,7551097.98,467,467,2,2,14,14,,,2017-11-16,7666404.62,Inactif
573,7283004354970155,0113497283004354970155,0113497283004354970155,MA640113497283004354970155,MA640113497283004354970155,COURANT,MAD,2017-08-22,INACTIF,205727.09,468,468,2,2,15,15,,,2024-05-13,200101.85,Inactif
574,2907779380410475,0112902907779380410475,0112902907779380410475,MA640112902907779380410475,MA640112902907779380410475,DAT,MAD,2018-05-31,ACTIF,59708.62,468,468,2,2,15,15,573.0,573.0,2018-05-31,59708.62,Actif
575,2897479960175130,0119582897479960175130,0119582897479960175130,MA640119582897479960175130,MA640119582897479960175130,COURANT,MAD,2007-09-08,ACTIF,426204.41,469,469,2,2,14,14,,,2020-01-11,427425.32,Inactif
576,9324265725344844,0113169324265725344844,0113169324265725344844,MA640113169324265725344844,MA640113169324265725344844,COURANT,MAD,2019-04-13,INACTIF,3625100.15,470,470,2,2,15,15,,,2023-12-31,3590419.33,Inactif
577,4156905267494251,0118964156905267494251,0118964156905267494251,MA640118964156905267494251,MA640118964156905267494251,COURANT,MAD,2017-08-20,INACTIF,460072.26,471,471,2,2,14,14,,,2023-03-12,451690.73,Inactif
578,8550985895215627,0119998550985895215627,0119998550985895215627,MA640119998550985895215627,MA640119998550985895215627,COURANT,MAD,2008-11-03,ACTIF,5523260.89,472,472,2,2,15,15,,,2013-02-27,5322082.84,Inactif
579,4427063968918324,0115214427063968918324,0115214427063968918324,MA640115214427063968918324,MA640115214427063968918324,COURANT,MAD,2017-10-29,ACTIF,13412.01,473,473,2,2,14,14,,,2021-11-28,13306.55,Inactif
580,7437190045668220,0118557437190045668220,0118557437190045668220,MA640118557437190045668220,MA640118557437190045668220,COURANT,MAD,2015-07-17,ACTIF,449800.08,474,474,2,2,15,15,,,2016-08-22,466286.32,Inactif
581,5633292432636753,0114405633292432636753,0114405633292432636753,MA640114405633292432636753,MA640114405633292432636753,COURANT,MAD,2014-02-25,ACTIF,31457.73,475,475,2,2,14,14,,,2020-08-07,32266.86,Inactif
582,5809695678905447,0113665809695678905447,0113665809695678905447,MA640113665809695678905447,MA640113665809695678905447,DAT,MAD,2014-05-28,ACTIF,17268.85,475,475,2,2,14,14,581.0,581.0,2014-05-28,17268.85,Actif
583,4615218343965313,0118674615218343965313,0118674615218343965313,MA640118674615218343965313,MA640118674615218343965313,COURANT,MAD,2005-06-16,ACTIF,154445.28,476,476,2,2,15,15,,,2023-05-20,154398.44,Inactif
584,6090135219186124,0113196090135219186124,0113196090135219186124,MA640113196090135219186124,MA640113196090135219186124,COURANT,MAD,2018-05-08,ACTIF,274304.81,477,477,2,2,14,14,,,2019-03-01,261646.43,Inactif
585,3660775960338642,0119803660775960338642,0119803660775960338642,MA640119803660775960338642,MA640119803660775960338642,COURANT,MAD,2007-12-28,ACTIF,1109577.03,478,478,2,2,15,15,,,2009-09-11,1100207.71,Inactif
586,5586154255605194,0114405586154255605194,0114405586154255605194,MA640114405586154255605194,MA640114405586154255605194,COURANT,MAD,2014-10-21,ACTIF,202835.97,479,479,2,2,14,14,,,2022-10-04,206014.52,Inactif
587,7721304743124745,0115077721304743124745,0115077721304743124745,MA640115077721304743124745,MA640115077721304743124745,COURANT,MAD,2005-12-16,ACTIF,178563.91,480,480,2,2,15,15,,,2014-06-23,180321.75,Inactif
588,7708629770676751,0113377708629770676751,0113377708629770676751,MA640113377708629770676751,MA640113377708629770676751,COURANT,MAD,2011-07-12,INACTIF,425400.31,481,481,2,2,14,14,,,2013-07-14,423256.14,Inactif
589,9480994652246492,0113799480994652246492,0113799480994652246492,MA640113799480994652246492,MA640113799480994652246492,COURANT,MAD,2014-11-27,INACTIF,2064205.51,482,482,2,2,15,15,,,2018-01-20,2111481.68,Inactif
590,1119006940986492,0111291119006940986492,0111291119006940986492,MA640111291119006940986492,MA640111291119006940986492,COURANT,MAD,2018-11-15,ACTIF,180315.3,483,483,2,2,14,14,,,2018-12-13,172199.29,Inactif
591,7664487730110622,0112557664487730110622,0112557664487730110622,MA640112557664487730110622,MA640112557664487730110622,COURANT,MAD,2005-02-01,ACTIF,477864.12,484,484,2,2,15,15,,,2010-01-12,482218.89,Inactif
592,2328549697460707,0112282328549697460707,0112282328549697460707,MA640112282328549697460707,MA640112282328549697460707,COURANT,MAD,2021-03-10,INACTIF,5911745.01,485,485,2,2,14,14,,,2023-09-07,6019893.17,Inactif
593,9833139717429594,0114769833139717429594,0114769833139717429594,MA640114769833139717429594,MA640114769833139717429594,COURANT,MAD,2012-07-24,ACTIF,198336.54,486,486,2,2,15,15,,,2019-11-06,202784.87,Inactif
594,1394286891142579,0113641394286891142579,0113641394286891142579,MA640113641394286891142579,MA640113641394286891142579,COURANT,MAD,2008-06-24,ACTIF,3126131.42,487,487,2,2,14,14,,,2021-05-05,3150406.78,Inactif
595,4484583012585103,0115214484583012585103,0115214484583012585103,MA640115214484583012585103,MA640115214484583012585103,COURANT,MAD,2006-12-28,ACTIF,56529678.52,488,488,2,2,15,15,,,2012-05-20,58254249.55,Inactif
596,4650858935342915,0116754650858935342915,0116754650858935342915,MA640116754650858935342915,MA640116754650858935342915,DAT,MAD,2007-06-04,ACTIF,34251825.92,488,488,2,2,15,15,595.0,595.0,2007-06-04,34251825.92,Actif
597,1455349012093223,0115741455349012093223,0115741455349012093223,MA640115741455349012093223,MA640115741455349012093223,COURANT,MAD,2008-10-24,INACTIF,87288904.54,489,489,2,2,14,14,,,2024-04-23,83567200.11,Inactif
598,5501447926658243,0116905501447926658243,0116905501447926658243,MA640116905501447926658243,MA640116905501447926658243,COURANT,MAD,2015-12-05,ACTIF,464336.51,490,490,2,2,15,15,,,2019-05-06,467940.38,Inactif
599,6741119987319841,0114966741119987319841,0114966741119987319841,MA640114966741119987319841,MA640114966741119987319841,COURANT,MAD,2013-09-26,INACTIF,3618454.67,491,491,2,2,14,14,,,2021-02-13,3717378.04,Inactif
600,5747661968401251,0119625747661968401251,0119625747661968401251,MA640119625747661968401251,MA640119625747661968401251,COURANT,MAD,2017-05-06,ACTIF,9811618.79,492,492,2,2,15,15,,,2018-10-22,9958750.39,Inactif
601,1897069697021537,0118601897069697021537,0118601897069697021537,MA640118601897069697021537,MA640118601897069697021537,COURANT,MAD,2009-06-04,ACTIF,113980.97,493,493,2,2,14,14,,,2019-06-12,119224.4,Inactif
602,4819382852805286,0117784819382852805286,0117784819382852805286,MA640117784819382852805286,MA640117784819382852805286,DAT,MAD,2010-04-26,ACTIF,2801.64,493,493,2,2,14,14,601.0,601.0,2010-04-26,2801.64,Actif
603,3856939583927501,0115193856939583927501,0115193856939583927501,MA640115193856939583927501,MA640115193856939583927501,COURANT,MAD,2005-10-17,ACTIF,4329810.25,494,494,2,2,15,15,,,2010-11-27,4144530.68,Inactif
604,7528529422226750,0117207528529422226750,0117207528529422226750,MA640117207528529422226750,MA640117207528529422226750,DAT,MAD,2006-08-06,ACTIF,1562438.22,494,494,2,2,15,15,603.0,603.0,2006-08-06,1562438.22,Actif
605,2214635969720986,0111542214635969720986,0111542214635969720986,MA640111542214635969720986,MA640111542214635969720986,COURANT,MAD,2016-03-20,INACTIF,68998304.51,495,495,2,2,14,14,,,2016-05-11,66361825.61,Inactif
606,9539709698062019,0113909539709698062019,0113909539709698062019,MA640113909539709698062019,MA640113909539709698062019,COURANT,MAD,2013-06-12,INACTIF,56202.72,496,496,2,2,15,15,,,2021-01-08,55429.73,Inactif
607,8600462250498263,0118968600462250498263,0118968600462250498263,MA640118968600462250498263,MA640118968600462250498263,COURANT,MAD,2005-06-05,ACTIF,5709762.54,497,497,2,2,14,14,,,2017-12-21,5454394.26,Inactif
608,9395497695510088,0112779395497695510088,0112779395497695510088,MA640112779395497695510088,MA640112779395497695510088,DAT,MAD,2005-11-29,ACTIF,1693140.24,497,497,2,2,14,14,607.0,607.0,2005-11-29,1693140.24,Actif
609,5705735230099327,0118305705735230099327,0118305705735230099327,MA640118305705735230099327,MA640118305705735230099327,COURANT,MAD,2011-12-23,ACTIF,424664.94,498,498,2,2,15,15,,,2024-02-16,408867.87,Inactif
610,5821101364409640,0118305821101364409640,0118305821101364409640,MA640118305821101364409640,MA640118305821101364409640,COURANT,MAD,2006-01-24,INACTIF,88646.08,499,499,2,2,14,14,,,2020-10-30,85106.4,Inactif
611,6078223246764766,0114336078223246764766,0114336078223246764766,MA640114336078223246764766,MA640114336078223246764766,COURANT,MAD,2020-06-28,ACTIF,10457750.82,500,500,2,2,15,15,,,2024-01-24,10006549.45,Inactif
612,2111156455855668,0119472111156455855668,0119472111156455855668,MA640119472111156455855668,MA640119472111156455855668,DAT,MAD,2020-09-15,ACTIF,2886990.79,500,500,2,2,15,15,611.0,611.0,2020-09-15,2886990.79,Actif
613,8042214672913729,0119558042214672913729,0119558042214672913729,MA640119558042214672913729,MA640119558042214672913729,COURANT,MAD,2018-05-11,ACTIF,194818.76,501,501,2,2,14,14,,,2018-10-11,185197.25,Inactif
614,1979578910272336,0113841979578910272336,0113841979578910272336,MA640113841979578910272336,MA640113841979578910272336,DAT,MAD,2019-04-10,ACTIF,66419.25,501,501,2,2,14,14,613.0,613.0,2019-04-10,66419.25,Actif
615,2600684220209484,0115262600684220209484,0115262600684220209484,MA640115262600684220209484,MA640115262600684220209484,COURANT,MAD,2019-01-10,ACTIF,246382.42,502,502,2,2,15,15,,,2022-05-25,246498.46,Inactif
616,8818499177758116,0112058818499177758116,0112058818499177758116,MA640112058818499177758116,MA640112058818499177758116,COURANT,MAD,2020-09-15,ACTIF,194003.22,503,503,2,2,14,14,,,2022-01-21,186289.63,Inactif
617,5053021775695918,0118855053021775695918,0118855053021775695918,MA640118855053021775695918,MA640118855053021775695918,COURANT,MAD,2011-10-24,INACTIF,184804.23,504,504,2,2,15,15,,,2016-08-01,191216.8,Inactif
618,5516183634793325,0117675516183634793325,0117675516183634793325,MA640117675516183634793325,MA640117675516183634793325,COURANT,MAD,2008-08-08,ACTIF,336904.2,505,505,2,2,14,14,,,2014-01-04,340424.99,Inactif
619,7651521771537646,0119587651521771537646,0119587651521771537646,MA640119587651521771537646,MA640119587651521771537646,COURANT,MAD,2006-12-11,ACTIF,244012.09,506,506,2,2,15,15,,,2007-01-18,236217.38,Inactif
620,3316354654873591,0113483316354654873591,0113483316354654873591,MA640113483316354654873591,MA640113483316354654873591,COURANT,MAD,2017-02-23,ACTIF,444241.27,507,507,2,2,14,14,,,2018-03-18,448608.08,Inactif
621,3193446632279754,0116633193446632279754,0116633193446632279754,MA640116633193446632279754,MA640116633193446632279754,COURANT,MAD,2014-08-26,INACTIF,364901.52,508,508,2,2,15,15,,,2019-03-16,373641.87,Inactif
622,1262109729918252,0115211262109729918252,0115211262109729918252,MA640115211262109729918252,MA640115211262109729918252,COURANT,MAD,2017-08-21,INACTIF,6979878.7,509,509,2,2,14,14,,,2023-09-15,6906069.23,Inactif
623,8665051996783467,0119488665051996783467,0119488665051996783467,MA640119488665051996783467,MA640119488665051996783467,COURANT,MAD,2019-11-14,ACTIF,8451517.03,510,510,2,2,15,15,,,2021-11-22,8046032.76,Inactif
624,2455153010156208,0112362455153010156208,0112362455153010156208,MA640112362455153010156208,MA640112362455153010156208,COURANT,MAD,2020-05-21,INACTIF,40848592.57,511,511,2,2,14,14,,,2020-06-18,40691741.26,Inactif
625,1284205769997737,0117071284205769997737,0117071284205769997737,MA640117071284205769997737,MA640117071284205769997737,COURANT,MAD,2008-09-14,ACTIF,238831.34,512,512,2,2,15,15,,,2009-10-01,248847.06,Inactif
626,6595737368336875,0118696595737368336875,0118696595737368336875,MA640118696595737368336875,MA640118696595737368336875,COURANT,MAD,2018-12-26,ACTIF,389472.48,513,513,2,2,14,14,,,2021-07-03,371185.32,Inactif
627,7910194941484576,0116847910194941484576,0116847910194941484576,MA640116847910194941484576,MA640116847910194941484576,COURANT,MAD,2013-11-05,ACTIF,8422460.06,514,514,2,2,15,15,,,2016-11-27,8426494.96,Inactif
628,5086506182588295,0118395086506182588295,0118395086506182588295,MA640118395086506182588295,MA640118395086506182588295,COURANT,MAD,2014-11-11,INACTIF,337831.33,515,515,2,2,14,14,,,2019-10-19,350197.68,Inactif
629,7372281148439562,0119727372281148439562,0119727372281148439562,MA640119727372281148439562,MA640119727372281148439562,COURANT,MAD,2011-01-08,ACTIF,18424238.61,516,516,2,2,15,15,,,2017-01-19,17704750.3,Inactif
630,4706780522054396,0114694706780522054396,0114694706780522054396,MA640114694706780522054396,MA640114694706780522054396,COURANT,MAD,2008-03-17,ACTIF,223612.68,517,517,2,2,14,14,,,2021-08-15,212646.17,Inactif
631,8749661656979557,0115888749661656979557,0115888749661656979557,MA640115888749661656979557,MA640115888749661656979557,COURANT,MAD,2018-08-12,INACTIF,226140.54,518,518,2,2,15,15,,,2018-08-26,230274.75,Inactif
632,3002064818188640,0118723002064818188640,0118723002064818188640,MA640118723002064818188640,MA640118723002064818188640,COURANT,MAD,2020-04-27,ACTIF,2018926.74,519,519,2,2,14,14,,,2021-05-12,2067281.46,Inactif
633,2677820062202645,0113212677820062202645,0113212677820062202645,MA640113212677820062202645,MA640113212677820062202645,COURANT,MAD,2016-08-24,ACTIF,6153418.08,520,520,2,2,15,15,,,2024-01-31,5926169.56,Inactif
634,3988767942416546,0115533988767942416546,0115533988767942416546,MA640115533988767942416546,MA640115533988767942416546,COURANT,MAD,2019-04-09,ACTIF,1801121.92,521,521,2,2,14,14,,,2019-05-20,1740457.05,Inactif
635,4461615015264340,0118934461615015264340,0118934461615015264340,MA640118934461615015264340,MA640118934461615015264340,COURANT,MAD,2007-12-10,ACTIF,426774.87,522,522,2,2,15,15,,,2024-05-14,418965.14,Inactif
636,4647540572409137,0112524647540572409137,0112524647540572409137,MA640112524647540572409137,MA640112524647540572409137,COURANT,MAD,2005-06-29,ACTIF,4383537.31,523,523,2,2,14,14,,,2014-06-16,4425644.62,Inactif
637,9494330387142428,0115939494330387142428,0115939494330387142428,MA640115939494330387142428,MA640115939494330387142428,COURANT,MAD,2012-08-15,ACTIF,1338929.36,524,524,2,2,15,15,,,2013-03-05,1274764.72,Inactif
638,6478695690594945,0118406478695690594945,0118406478695690594945,MA640118406478695690594945,MA640118406478695690594945,COURANT,MAD,2008-03-09,ACTIF,8421567.34,525,525,2,2,14,14,,,2012-11-14,8825312.69,Inactif
639,8150989157640904,0112538150989157640904,0112538150989157640904,MA640112538150989157640904,MA640112538150989157640904,COURANT,MAD,2019-09-20,ACTIF,2382426.78,526,526,2,2,15,15,,,2023-08-17,2347887.59,Inactif
640,3940926876745463,0119523940926876745463,0119523940926876745463,MA640119523940926876745463,MA640119523940926876745463,COURANT,MAD,2020-07-05,ACTIF,11054566.42,527,527,2,2,14,14,,,2024-04-15,10571095.57,Inactif
641,2369116214743932,0113122369116214743932,0113122369116214743932,MA640113122369116214743932,MA640113122369116214743932,DAT,MAD,2021-05-27,ACTIF,2876111.04,527,527,2,2,14,14,640.0,640.0,2021-05-27,2885042.03,Actif
642,1714127510926856,0118501714127510926856,0118501714127510926856,MA640118501714127510926856,MA640118501714127510926856,COURANT,MAD,2009-08-07,ACTIF,83576.11,528,528,2,2,15,15,,,2021-10-13,85193.21,Inactif
643,4368640814567341,0113124368640814567341,0113124368640814567341,MA640113124368640814567341,MA640113124368640814567341,DAT,MAD,2010-08-07,ACTIF,36797.31,528,528,2,2,15,15,642.0,642.0,2010-08-07,36797.31,Actif
644,3564731541302468,0113023564731541302468,0113023564731541302468,MA640113023564731541302468,MA640113023564731541302468,COURANT,MAD,2007-06-19,ACTIF,2123698.24,529,529,2,2,14,14,,,2024-07-18,2145102.01,Faiblement actif
645,7907360238258484,0119307907360238258484,0119307907360238258484,MA640119307907360238258484,MA640119307907360238258484,COURANT,MAD,2015-01-21,ACTIF,66275.82,530,530,2,2,15,15,,,2021-01-13,64468.24,Inactif
646,9401182411696688,0116609401182411696688,0116609401182411696688,MA640116609401182411696688,MA640116609401182411696688,COURANT,MAD,2019-12-27,ACTIF,5163607.48,531,531,2,2,14,14,,,2021-06-30,5314124.66,Inactif
647,9612987994060492,0116369612987994060492,0116369612987994060492,MA640116369612987994060492,MA640116369612987994060492,DAT,MAD,2020-11-24,ACTIF,2520223.9,531,531,2,2,14,14,646.0,646.0,2020-11-24,2520223.9,Actif
648,7409144866501165,0112167409144866501165,0112167409144866501165,MA640112167409144866501165,MA640112167409144866501165,COURANT,MAD,2009-10-09,ACTIF,3779676.74,532,532,2,2,15,15,,,2022-08-02,3941586.24,Inactif
649,5959735457854288,0114025959735457854288,0114025959735457854288,MA640114025959735457854288,MA640114025959735457854288,COURANT,MAD,2014-12-26,INACTIF,8947089.74,533,533,2,2,14,14,,,2018-06-06,8565089.52,Inactif
650,8239427239857789,0118138239427239857789,0118138239427239857789,MA640118138239427239857789,MA640118138239427239857789,COURANT,MAD,2005-09-01,ACTIF,1526386.6,534,534,2,2,15,15,,,2016-01-24,1504145.74,Inactif
651,9445502670438539,0112489445502670438539,0112489445502670438539,MA640112489445502670438539,MA640112489445502670438539,COURANT,MAD,2010-01-04,INACTIF,2964720.0,535,535,2,2,14,14,,,2014-06-15,3100526.82,Inactif
652,3740433645309188,0117313740433645309188,0117313740433645309188,MA640117313740433645309188,MA640117313740433645309188,COURANT,MAD,2006-07-16,ACTIF,303254.72,536,536,2,2,15,15,,,2022-10-25,293335.85,Inactif
653,3965519490964194,0111383965519490964194,0111383965519490964194,MA640111383965519490964194,MA640111383965519490964194,COURANT,MAD,2020-01-03,ACTIF,280265.87,537,537,2,2,14,14,,,2022-07-26,288704.74,Inactif
654,3921823938350393,0119833921823938350393,0119833921823938350393,MA640119833921823938350393,MA640119833921823938350393,COURANT,MAD,2010-09-28,ACTIF,457284.13,538,538,2,2,15,15,,,2012-07-16,463893.4,Inactif
655,8806829666452768,0118758806829666452768,0118758806829666452768,MA640118758806829666452768,MA640118758806829666452768,COURANT,MAD,2020-02-06,ACTIF,86665.52,539,539,2,2,14,14,,,2022-01-13,83757.47,Inactif
656,1156811063166671,0114391156811063166671,0114391156811063166671,MA640114391156811063166671,MA640114391156811063166671,COURANT,MAD,2016-03-03,INACTIF,342062.99,540,540,2,2,15,15,,,2021-01-21,337505.16,Inactif
657,1494237264126308,0118851494237264126308,0118851494237264126308,MA640118851494237264126308,MA640118851494237264126308,COURANT,MAD,2021-12-06,ACTIF,326428.46,541,541,2,2,14,14,,,2024-06-30,320002.86,Inactif
658,8138937467520637,0116908138937467520637,0116908138937467520637,MA640116908138937467520637,MA640116908138937467520637,COURANT,MAD,2006-12-03,ACTIF,139622.63,542,542,2,2,15,15,,,2012-06-14,139574.8,Inactif
659,1013014741019187,0111911013014741019187,0111911013014741019187,MA640111911013014741019187,MA640111911013014741019187,DAT,MAD,2007-11-13,ACTIF,72065.18,542,542,2,2,15,15,658.0,658.0,2007-11-13,72065.18,Actif
660,3266888130495577,0114903266888130495577,0114903266888130495577,MA640114903266888130495577,MA640114903266888130495577,COURANT,MAD,2007-05-05,ACTIF,3350914.62,543,543,2,2,14,14,,,2009-08-27,3490207.59,Inactif
661,6929285649588376,0113476929285649588376,0113476929285649588376,MA640113476929285649588376,MA640113476929285649588376,DAT,MAD,2007-12-26,ACTIF,1973683.17,543,543,2,2,14,14,660.0,660.0,2007-12-26,1973683.17,Actif
662,9007038091029582,0113339007038091029582,0113339007038091029582,MA640113339007038091029582,MA640113339007038091029582,COURANT,MAD,2013-04-21,INACTIF,21383924.73,544,544,2,2,15,15,,,2019-01-26,21035783.44,Inactif
663,4838581765667895,0119064838581765667895,0119064838581765667895,MA640119064838581765667895,MA640119064838581765667895,COURANT,MAD,2018-02-07,ACTIF,105511.22,545,545,2,2,14,14,,,2022-03-01,108598.46,Inactif
664,1999739773072957,0113031999739773072957,0113031999739773072957,MA640113031999739773072957,MA640113031999739773072957,DAT,MAD,2018-09-13,ACTIF,42558.82,545,545,2,2,14,14,663.0,663.0,2018-09-13,42558.82,Actif
665,3008125622219154,0111543008125622219154,0111543008125622219154,MA640111543008125622219154,MA640111543008125622219154,COURANT,MAD,2018-11-07,ACTIF,33812.86,546,546,2,2,15,15,,,2019-01-10,34512.57,Inactif
666,6047165339722157,0117876047165339722157,0117876047165339722157,MA640117876047165339722157,MA640117876047165339722157,COURANT,MAD,2008-01-19,ACTIF,472729.44,547,547,2,2,14,14,,,2023-05-14,462878.4,Inactif
667,3494940032818604,0113093494940032818604,0113093494940032818604,MA640113093494940032818604,MA640113093494940032818604,COURANT,MAD,2018-03-02,ACTIF,369236.04,548,548,2,2,15,15,,,2020-06-16,353082.12,Inactif
668,6253778110682953,0117836253778110682953,0117836253778110682953,MA640117836253778110682953,MA640117836253778110682953,COURANT,MAD,2018-08-16,ACTIF,21906012.28,549,549,2,2,14,14,,,2019-09-13,21523086.9,Inactif
669,8364735179712324,0114098364735179712324,0114098364735179712324,MA640114098364735179712324,MA640114098364735179712324,DAT,MAD,2018-09-20,ACTIF,5616257.54,549,549,2,2,14,14,668.0,668.0,2018-09-20,5616257.54,Actif
670,6937324537900202,0111236937324537900202,0111236937324537900202,MA640111236937324537900202,MA640111236937324537900202,COURANT,MAD,2019-11-02,ACTIF,4364834.75,550,550,2,2,15,15,,,2024-08-25,4316397.79,Faiblement actif
671,8484255486640968,0115588484255486640968,0115588484255486640968,MA640115588484255486640968,MA640115588484255486640968,COURANT,MAD,2021-05-26,ACTIF,41921683.52,551,551,2,2,14,14,,,2024-12-02,43069299.04,Actif
672,9457071447499513,0114719457071447499513,0114719457071447499513,MA640114719457071447499513,MA640114719457071447499513,COURANT,MAD,2015-11-28,ACTIF,333914.41,552,552,2,2,15,15,,,2016-12-06,343888.09,Inactif
673,9045951736551960,0111239045951736551960,0111239045951736551960,MA640111239045951736551960,MA640111239045951736551960,COURANT,MAD,2020-01-22,ACTIF,33848.41,553,553,2,2,14,14,,,2022-11-02,33019.47,Inactif
674,5908972895698101,0117775908972895698101,0117775908972895698101,MA640117775908972895698101,MA640117775908972895698101,COURANT,MAD,2008-07-18,ACTIF,9161386.47,554,554,2,2,15,15,,,2021-02-01,9152239.81,Inactif
675,6616567668428877,0113786616567668428877,0113786616567668428877,MA640113786616567668428877,MA640113786616567668428877,COURANT,MAD,2005-06-13,ACTIF,376857.44,555,555,2,2,14,14,,,2018-05-03,379047.49,Inactif
676,6912021783699264,0116526912021783699264,0116526912021783699264,MA640116526912021783699264,MA640116526912021783699264,COURANT,MAD,2011-01-14,ACTIF,3951054.82,556,556,2,2,15,15,,,2012-04-24,4105113.1,Inactif
677,7726636186853073,0112337726636186853073,0112337726636186853073,MA640112337726636186853073,MA640112337726636186853073,DAT,MAD,2011-07-29,ACTIF,1037145.02,556,556,2,2,15,15,676.0,676.0,2011-07-29,1037145.02,Actif
678,2179448084239289,0114532179448084239289,0114532179448084239289,MA640114532179448084239289,MA640114532179448084239289,COURANT,MAD,2010-03-04,ACTIF,396944.96,557,557,2,2,14,14,,,2014-06-18,407015.67,Inactif
679,8095623582443465,0117078095623582443465,0117078095623582443465,MA640117078095623582443465,MA640117078095623582443465,COURANT,MAD,2019-01-16,ACTIF,154956.74,558,558,2,2,15,15,,,2024-09-04,152084.53,Faiblement actif
680,6412688078197535,0117206412688078197535,0117206412688078197535,MA640117206412688078197535,MA640117206412688078197535,COURANT,MAD,2012-01-10,ACTIF,2941602.59,559,559,2,2,14,14,,,2019-03-06,2945376.5,Inactif
681,5340200317752126,0112615340200317752126,0112615340200317752126,MA640112615340200317752126,MA640112615340200317752126,DAT,MAD,2012-08-29,ACTIF,1564497.11,559,559,2,2,14,14,680.0,680.0,2012-08-29,1564497.11,Actif
682,6233612347637172,0117056233612347637172,0117056233612347637172,MA640117056233612347637172,MA640117056233612347637172,COURANT,MAD,2012-04-26,INACTIF,61112.5,560,560,2,2,15,15,,,2021-02-19,60489.98,Inactif
683,3983543950019735,0113713983543950019735,0113713983543950019735,MA640113713983543950019735,MA640113713983543950019735,DAT,MAD,2012-08-18,ACTIF,18037.0,560,560,2,2,15,15,682.0,682.0,2012-08-18,18037.0,Actif
684,5428871433730245,0117095428871433730245,0117095428871433730245,MA640117095428871433730245,MA640117095428871433730245,COURANT,MAD,2015-02-08,ACTIF,5050854.51,561,561,2,2,14,14,,,2016-05-12,4851276.91,Inactif
685,1432095141559219,0114981432095141559219,0114981432095141559219,MA640114981432095141559219,MA640114981432095141559219,DAT,MAD,2015-09-08,ACTIF,2716977.37,561,561,2,2,14,14,684.0,684.0,2015-09-08,2716977.37,Actif
686,5430761751653312,0113145430761751653312,0113145430761751653312,MA640113145430761751653312,MA640113145430761751653312,COURANT,MAD,2006-01-14,ACTIF,35870272.61,562,562,2,2,15,15,,,2015-06-13,35804545.79,Inactif
687,8884022817864921,0114068884022817864921,0114068884022817864921,MA640114068884022817864921,MA640114068884022817864921,DAT,MAD,2006-02-13,ACTIF,15065713.49,562,562,2,2,15,15,686.0,686.0,2006-02-13,15065713.49,Actif
688,7168054367755581,0113827168054367755581,0113827168054367755581,MA640113827168054367755581,MA640113827168054367755581,COURANT,MAD,2006-06-11,ACTIF,2198181.82,563,563,2,2,14,14,,,2022-12-02,2158068.42,Inactif
689,5536951315943124,0112185536951315943124,0112185536951315943124,MA640112185536951315943124,MA640112185536951315943124,COURANT,MAD,2008-06-26,INACTIF,4586229.89,564,564,2,2,15,15,,,2013-10-25,4570259.82,Inactif
690,5201144957130264,0118155201144957130264,0118155201144957130264,MA640118155201144957130264,MA640118155201144957130264,DAT,MAD,2009-02-18,ACTIF,2856377.94,564,564,2,2,15,15,689.0,689.0,2009-02-18,2856377.94,Actif
691,1941267295694478,0118281941267295694478,0118281941267295694478,MA640118281941267295694478,MA640118281941267295694478,COURANT,MAD,2009-12-03,ACTIF,277868.32,565,565,2,2,14,14,,,2022-07-20,283369.83,Inactif
692,9082294039744111,0116339082294039744111,0116339082294039744111,MA640116339082294039744111,MA640116339082294039744111,COURANT,MAD,2021-12-05,ACTIF,7899506.1,566,566,2,2,15,15,,,2023-02-18,8274926.14,Inactif
693,1017038423477765,0115101017038423477765,0115101017038423477765,MA640115101017038423477765,MA640115101017038423477765,COURANT,MAD,2009-01-29,ACTIF,5483699.66,567,567,2,2,14,14,,,2014-02-02,5370229.63,Inactif
694,5546437374682252,0117005546437374682252,0117005546437374682252,MA640117005546437374682252,MA640117005546437374682252,COURANT,MAD,2019-10-28,ACTIF,103204.74,568,568,2,2,15,15,,,2020-11-26,101986.03,Inactif
695,4950072357489023,0112884950072357489023,0112884950072357489023,MA640112884950072357489023,MA640112884950072357489023,COURANT,MAD,2005-11-10,ACTIF,99160297.23,569,569,2,2,14,14,,,2016-04-20,95873117.38,Inactif
696,9778854122162326,0118659778854122162326,0118659778854122162326,MA640118659778854122162326,MA640118659778854122162326,COURANT,MAD,2005-06-13,ACTIF,456054.22,570,570,2,2,15,15,,,2018-11-08,467094.78,Inactif
697,6015411114856271,0118416015411114856271,0118416015411114856271,MA640118416015411114856271,MA640118416015411114856271,COURANT,MAD,2010-05-04,ACTIF,198157.17,571,571,2,2,14,14,,,2018-04-30,192902.67,Inactif
698,8736153165268742,0113278736153165268742,0113278736153165268742,MA640113278736153165268742,MA640113278736153165268742,DAT,MAD,2011-04-02,ACTIF,93150.03,571,571,2,2,14,14,697.0,697.0,2011-04-02,93150.03,Actif
699,2030831274830809,0116042030831274830809,0116042030831274830809,MA640116042030831274830809,MA640116042030831274830809,COURANT,MAD,2008-06-28,ACTIF,184334.18,572,572,2,2,15,15,,,2008-08-30,175991.42,Inactif
700,9018779637381418,0112519018779637381418,0112519018779637381418,MA640112519018779637381418,MA640112519018779637381418,DAT,MAD,2009-06-05,ACTIF,84131.94,572,572,2,2,15,15,699.0,699.0,2009-06-05,84131.94,Actif
701,8496055159075413,0119708496055159075413,0119708496055159075413,MA640119708496055159075413,MA640119708496055159075413,COURANT,MAD,2009-05-07,INACTIF,7100639.68,573,573,2,2,14,14,,,2009-09-25,6964441.36,Inactif
702,3952833537854971,0117053952833537854971,0117053952833537854971,MA640117053952833537854971,MA640117053952833537854971,COURANT,MAD,2012-01-25,ACTIF,55199.53,574,574,2,2,15,15,,,2015-03-20,55571.73,Inactif
703,4559272415549711,0119924559272415549711,0119924559272415549711,MA640119924559272415549711,MA640119924559272415549711,COURANT,MAD,2017-12-13,INACTIF,36408626.69,575,575,2,2,14,14,,,2018-07-14,34990573.5,Inactif
704,1980349973241333,0119931980349973241333,0119931980349973241333,MA640119931980349973241333,MA640119931980349973241333,DAT,MAD,2018-09-13,ACTIF,21663634.98,575,575,2,2,14,14,703.0,703.0,2018-09-13,21663634.98,Actif
705,3073657470259175,0114943073657470259175,0114943073657470259175,MA640114943073657470259175,MA640114943073657470259175,COURANT,MAD,2017-12-07,ACTIF,250533.22,576,576,2,2,15,15,,,2020-10-16,255369.28,Inactif
706,6563511927623889,0112856563511927623889,0112856563511927623889,MA640112856563511927623889,MA640112856563511927623889,COURANT,MAD,2016-06-15,ACTIF,57577.31,577,577,2,2,14,14,,,2024-07-15,56683.91,Faiblement actif
707,1985588167623191,0114791985588167623191,0114791985588167623191,MA640114791985588167623191,MA640114791985588167623191,COURANT,MAD,2019-08-09,ACTIF,80390.54,578,578,2,2,15,15,,,2021-05-21,78950.59,Inactif
708,8440592067931277,0112208440592067931277,0112208440592067931277,MA640112208440592067931277,MA640112208440592067931277,DAT,MAD,2019-11-03,ACTIF,38238.03,578,578,2,2,15,15,707.0,707.0,2019-11-03,38238.03,Actif
709,2629924099553480,0111832629924099553480,0111832629924099553480,MA640111832629924099553480,MA640111832629924099553480,COURANT,MAD,2021-10-08,ACTIF,28792.81,579,579,2,2,14,14,,,2022-07-04,28655.54,Inactif
710,9169840439749628,0119649169840439749628,0119649169840439749628,MA640119649169840439749628,MA640119649169840439749628,COURANT,MAD,2013-05-12,ACTIF,391057.2,580,580,2,2,15,15,,,2017-09-30,400607.59,Inactif
711,8795488528207714,0116078795488528207714,0116078795488528207714,MA640116078795488528207714,MA640116078795488528207714,COURANT,MAD,2005-09-14,ACTIF,58787934.57,581,581,2,2,14,14,,,2007-01-14,60865110.53,Inactif
712,9053505267777350,0114499053505267777350,0114499053505267777350,MA640114499053505267777350,MA640114499053505267777350,COURANT,MAD,2015-05-05,ACTIF,61935.94,582,582,2,2,15,15,,,2021-07-25,59794.53,Inactif
713,1270634888205503,0119661270634888205503,0119661270634888205503,MA640119661270634888205503,MA640119661270634888205503,COURANT,MAD,2005-08-29,ACTIF,304624.02,583,583,2,2,14,14,,,2021-06-12,316173.46,Inactif
714,5822579914139480,0113955822579914139480,0113955822579914139480,MA640113955822579914139480,MA640113955822579914139480,COURANT,MAD,2006-03-06,ACTIF,382590.96,584,584,2,2,15,15,,,2013-11-20,385777.88,Inactif
715,1078997479641118,0115321078997479641118,0115321078997479641118,MA640115321078997479641118,MA640115321078997479641118,COURANT,MAD,2008-07-14,ACTIF,75698903.52,585,585,2,2,14,14,,,2011-04-13,73580028.02,Inactif
716,1178900043980250,0118871178900043980250,0118871178900043980250,MA640118871178900043980250,MA640118871178900043980250,COURANT,MAD,2017-05-24,INACTIF,56093.22,586,586,2,2,15,15,,,2020-04-02,58367.1,Inactif
717,9203183477050233,0111779203183477050233,0111779203183477050233,MA640111779203183477050233,MA640111779203183477050233,COURANT,MAD,2009-10-06,INACTIF,420718.23,587,587,2,2,14,14,,,2012-01-21,409998.84,Inactif
718,4764665685972484,0113694764665685972484,0113694764665685972484,MA640113694764665685972484,MA640113694764665685972484,COURANT,MAD,2014-10-17,ACTIF,38104407.33,588,588,2,2,15,15,,,2024-08-10,38536102.1,Faiblement actif
719,8927201854616284,0111118927201854616284,0111118927201854616284,MA640111118927201854616284,MA640111118927201854616284,DAT,MAD,2015-06-10,ACTIF,17524867.02,588,588,2,2,15,15,718.0,718.0,2015-06-10,17524867.02,Actif
720,2767686871301736,0115232767686871301736,0115232767686871301736,MA640115232767686871301736,MA640115232767686871301736,COURANT,MAD,2020-08-16,ACTIF,415174.01,589,589,2,2,14,14,,,2022-02-04,416801.69,Inactif
721,5675974186705243,0116595675974186705243,0116595675974186705243,MA640116595675974186705243,MA640116595675974186705243,COURANT,MAD,2010-11-13,ACTIF,280963.42,590,590,2,2,15,15,,,2011-10-11,280502.87,Inactif
722,1215771148970906,0117731215771148970906,0117731215771148970906,MA640117731215771148970906,MA640117731215771148970906,COURANT,MAD,2014-11-22,INACTIF,308956.12,591,591,2,2,14,14,,,2021-11-05,303834.89,Inactif
723,6785837034043977,0115536785837034043977,0115536785837034043977,MA640115536785837034043977,MA640115536785837034043977,DAT,MAD,2015-11-20,ACTIF,182530.88,591,591,2,2,14,14,722.0,722.0,2015-11-20,182530.88,Actif
724,7095355264524124,0113947095355264524124,0113947095355264524124,MA640113947095355264524124,MA640113947095355264524124,COURANT,MAD,2015-08-01,ACTIF,24299243.38,592,592,2,2,15,15,,,2024-01-09,24701029.39,Inactif
725,5635833236206158,0119255635833236206158,0119255635833236206158,MA640119255635833236206158,MA640119255635833236206158,DAT,MAD,2016-07-03,ACTIF,8004166.61,592,592,2,2,15,15,724.0,724.0,2016-07-03,8004166.61,Actif
726,7648731028654109,0113927648731028654109,0113927648731028654109,MA640113927648731028654109,MA640113927648731028654109,COURANT,MAD,2009-01-01,ACTIF,27223.63,593,593,2,2,14,14,,,2020-10-06,26285.42,Inactif
727,7962580152972326,0114847962580152972326,0114847962580152972326,MA640114847962580152972326,MA640114847962580152972326,COURANT,MAD,2010-02-11,ACTIF,237359.54,594,594,2,2,15,15,,,2023-03-06,242019.57,Inactif
728,6985981562087817,0117236985981562087817,0117236985981562087817,MA640117236985981562087817,MA640117236985981562087817,COURANT,MAD,2010-04-27,ACTIF,392247.39,595,595,2,2,14,14,,,2012-03-21,381526.34,Inactif
729,1105736635453181,0115451105736635453181,0115451105736635453181,MA640115451105736635453181,MA640115451105736635453181,COURANT,MAD,2005-02-06,ACTIF,72867.24,596,596,2,2,15,15,,,2012-01-07,74436.05,Inactif
730,9473522065440548,0117089473522065440548,0117089473522065440548,MA640117089473522065440548,MA640117089473522065440548,COURANT,MAD,2007-04-21,ACTIF,404917.28,597,597,2,2,14,14,,,2018-02-19,407456.25,Inactif
731,4964152716013654,0119414964152716013654,0119414964152716013654,MA640119414964152716013654,MA640119414964152716013654,COURANT,MAD,2011-09-28,ACTIF,131469.86,598,598,2,2,15,15,,,2015-04-15,135267.3,Inactif
732,3768666621641635,0112353768666621641635,0112353768666621641635,MA640112353768666621641635,MA640112353768666621641635,DAT,MAD,2012-07-08,ACTIF,56471.13,598,598,2,2,15,15,731.0,731.0,2012-07-08,56471.13,Actif
733,5566124330316746,0113075566124330316746,0113075566124330316746,MA640113075566124330316746,MA640113075566124330316746,COURANT,MAD,2007-12-02,ACTIF,226536.74,599,599,2,2,14,14,,,2015-07-31,230210.78,Inactif
734,7992728753087794,0111007992728753087794,0111007992728753087794,MA640111007992728753087794,MA640111007992728753087794,DAT,MAD,2008-01-18,ACTIF,133278.51,599,599,2,2,14,14,733.0,733.0,2008-01-18,133278.51,Actif
735,9055793962409195,0114169055793962409195,0114169055793962409195,MA640114169055793962409195,MA640114169055793962409195,COURANT,MAD,2008-10-30,ACTIF,373836.8,600,600,2,2,15,15,,,2010-03-26,377981.72,Inactif
736,5831576840556252,0117405831576840556252,0117405831576840556252,MA640117405831576840556252,MA640117405831576840556252,COURANT,MAD,2019-07-17,ACTIF,72151813.0,601,601,2,2,14,14,,,2021-05-23,71562929.75,Inactif
737,4653340859857437,0116274653340859857437,0116274653340859857437,MA640116274653340859857437,MA640116274653340859857437,DAT,MAD,2019-10-15,ACTIF,23471391.55,601,601,2,2,14,14,736.0,736.0,2019-10-15,23471391.55,Actif
738,4086142548675508,0117384086142548675508,0117384086142548675508,MA640117384086142548675508,MA640117384086142548675508,COURANT,MAD,2012-10-29,ACTIF,6642571.61,602,602,2,2,15,15,,,2016-03-05,6889334.58,Inactif
739,9113885221435000,0111069113885221435000,0111069113885221435000,MA640111069113885221435000,MA640111069113885221435000,DAT,MAD,2013-01-30,ACTIF,2550994.87,602,602,2,2,15,15,738.0,738.0,2013-01-30,2550994.87,Actif
740,4464737940362840,0113774464737940362840,0113774464737940362840,MA640113774464737940362840,MA640113774464737940362840,COURANT,MAD,2015-03-27,INACTIF,442179.82,603,603,2,2,14,14,,,2023-05-15,453770.88,Inactif
741,1415656982242484,0113871415656982242484,0113871415656982242484,MA640113871415656982242484,MA640113871415656982242484,COURANT,MAD,2006-11-10,ACTIF,454842.84,604,604,2,2,15,15,,,2024-07-29,454245.21,Faiblement actif
742,3641867695251763,0119783641867695251763,0119783641867695251763,MA640119783641867695251763,MA640119783641867695251763,COURANT,MAD,2006-11-30,ACTIF,2302210.72,605,605,2,2,14,14,,,2017-05-10,2253524.63,Inactif
743,2994307622974675,0118742994307622974675,0118742994307622974675,MA640118742994307622974675,MA640118742994307622974675,COURANT,MAD,2011-04-15,ACTIF,5922672.04,606,606,2,2,15,15,,,2013-11-10,6004377.04,Inactif
744,3912669076046693,0111943912669076046693,0111943912669076046693,MA640111943912669076046693,MA640111943912669076046693,DAT,MAD,2011-09-08,ACTIF,1721713.01,606,606,2,2,15,15,743.0,743.0,2011-09-08,1721713.01,Actif
745,7939660220846182,0118637939660220846182,0118637939660220846182,MA640118637939660220846182,MA640118637939660220846182,COURANT,MAD,2020-09-04,ACTIF,313240.87,607,607,2,2,14,14,,,2023-06-29,302330.63,Inactif
746,5170577931827138,0112545170577931827138,0112545170577931827138,MA640112545170577931827138,MA640112545170577931827138,COURANT,MAD,2009-10-06,ACTIF,522083.18,608,608,2,2,15,15,,,2018-12-03,520581.91,Inactif
747,3913120454626867,0119303913120454626867,0119303913120454626867,MA640119303913120454626867,MA640119303913120454626867,COURANT,MAD,2009-04-14,ACTIF,387316.67,609,609,2,2,14,14,,,2017-05-24,368487.65,Inactif
748,2711230365970337,0119872711230365970337,0119872711230365970337,MA640119872711230365970337,MA640119872711230365970337,COURANT,MAD,2007-07-13,ACTIF,144709.18,610,610,2,2,15,15,,,2012-04-23,144378.2,Inactif
749,7630226994082879,0118667630226994082879,0118667630226994082879,MA640118667630226994082879,MA640118667630226994082879,COURANT,MAD,2016-12-08,ACTIF,263725.84,611,611,2,2,14,14,,,2018-08-10,272343.46,Inactif
750,2567060519074250,0114342567060519074250,0114342567060519074250,MA640114342567060519074250,MA640114342567060519074250,COURANT,MAD,2019-11-11,ACTIF,96911.31,612,612,2,2,15,15,,,2024-11-25,94985.67,Actif
751,1338796054442000,0116661338796054442000,0116661338796054442000,MA640116661338796054442000,MA640116661338796054442000,COURANT,MAD,2007-09-12,ACTIF,53112277.96,613,613,2,2,14,14,,,2008-09-23,53266003.83,Inactif
752,7855632373314136,0112917855632373314136,0112917855632373314136,MA640112917855632373314136,MA640112917855632373314136,COURANT,MAD,2007-03-09,ACTIF,185934.07,614,614,2,2,15,15,,,2010-09-30,187757.1,Inactif
753,1594058281440997,0114871594058281440997,0114871594058281440997,MA640114871594058281440997,MA640114871594058281440997,COURANT,MAD,2020-02-02,INACTIF,4027430.08,615,615,2,2,14,14,,,2020-10-22,4065700.72,Inactif
754,6996124720607284,0116126996124720607284,0116126996124720607284,MA640116126996124720607284,MA640116126996124720607284,COURANT,MAD,2021-03-13,ACTIF,153117.9,616,616,2,2,15,15,,,2024-12-04,150311.41,Actif
755,3887669362348398,0118003887669362348398,0118003887669362348398,MA640118003887669362348398,MA640118003887669362348398,COURANT,MAD,2010-02-12,ACTIF,314755.54,617,617,2,2,14,14,,,2022-07-29,316918.56,Inactif
756,2723283022788504,0115052723283022788504,0115052723283022788504,MA640115052723283022788504,MA640115052723283022788504,COURANT,MAD,2005-11-23,ACTIF,188851.77,618,618,2,2,15,15,,,2020-08-15,194816.65,Inactif
757,4534329439510147,0113634534329439510147,0113634534329439510147,MA640113634534329439510147,MA640113634534329439510147,COURANT,MAD,2015-06-24,ACTIF,151289.46,619,619,2,2,14,14,,,2015-07-09,151754.58,Inactif
758,8930671190195408,0112458930671190195408,0112458930671190195408,MA640112458930671190195408,MA640112458930671190195408,COURANT,MAD,2018-01-07,ACTIF,63317682.38,620,620,2,2,15,15,,,2022-04-20,66056998.17,Inactif
759,4640265737479964,0114194640265737479964,0114194640265737479964,MA640114194640265737479964,MA640114194640265737479964,DAT,MAD,2018-09-30,ACTIF,17403988.28,620,620,2,2,15,15,758.0,758.0,2018-09-30,17403988.28,Actif
760,7426679022976798,0119707426679022976798,0119707426679022976798,MA640119707426679022976798,MA640119707426679022976798,COURANT,MAD,2020-10-03,ACTIF,2213982.08,621,621,2,2,14,14,,,2021-06-10,2198224.38,Inactif
761,3209595093513122,0115613209595093513122,0115613209595093513122,MA640115613209595093513122,MA640115613209595093513122,COURANT,MAD,2020-08-11,ACTIF,15387749.85,622,622,2,2,15,15,,,2023-01-13,15618454.33,Inactif
762,1613483837651781,0111251613483837651781,0111251613483837651781,MA640111251613483837651781,MA640111251613483837651781,DAT,MAD,2020-10-27,ACTIF,8093329.58,622,622,2,2,15,15,761.0,761.0,2020-10-27,8093329.58,Actif
763,9049781590483705,0114089049781590483705,0114089049781590483705,MA640114089049781590483705,MA640114089049781590483705,COURANT,MAD,2009-09-28,ACTIF,396952.6,623,623,2,2,14,14,,,2020-11-14,406290.1,Inactif
764,9414094519236767,0115239414094519236767,0115239414094519236767,MA640115239414094519236767,MA640115239414094519236767,COURANT,MAD,2012-04-29,ACTIF,352002.89,624,624,2,2,15,15,,,2024-03-24,356935.72,Inactif
765,2756021525516055,0118272756021525516055,0118272756021525516055,MA640118272756021525516055,MA640118272756021525516055,COURANT,MAD,2013-11-17,ACTIF,466632.78,625,625,2,2,14,14,,,2017-12-26,467266.94,Inactif
766,7911797927121293,0113247911797927121293,0113247911797927121293,MA640113247911797927121293,MA640113247911797927121293,COURANT,MAD,2015-08-21,ACTIF,41996912.8,626,626,2,2,15,15,,,2021-02-21,40343919.01,Inactif
767,3877444325773925,0113153877444325773925,0113153877444325773925,MA640113153877444325773925,MA640113153877444325773925,DAT,MAD,2015-10-13,ACTIF,19096527.07,626,626,2,2,15,15,766.0,766.0,2015-10-13,19096527.07,Actif
768,8472542715497186,0113708472542715497186,0113708472542715497186,MA640113708472542715497186,MA640113708472542715497186,COURANT,MAD,2007-07-04,ACTIF,1305099.03,627,627,2,2,14,14,,,2017-05-08,1331887.23,Inactif
769,8051268139305541,0114198051268139305541,0114198051268139305541,MA640114198051268139305541,MA640114198051268139305541,DAT,MAD,2007-10-02,ACTIF,380664.35,627,627,2,2,14,14,768.0,768.0,2007-10-02,380664.35,Actif
770,7329689876621591,0115707329689876621591,0115707329689876621591,MA640115707329689876621591,MA640115707329689876621591,COURANT,MAD,2017-07-20,ACTIF,7995802.49,628,628,2,2,15,15,,,2020-06-01,7742403.6,Inactif
771,6398461211680636,0114616398461211680636,0114616398461211680636,MA640114616398461211680636,MA640114616398461211680636,COURANT,MAD,2019-06-29,ACTIF,40866243.24,629,629,2,2,14,14,,,2019-07-06,39283069.7,Inactif
772,3075745726125751,0119723075745726125751,0119723075745726125751,MA640119723075745726125751,MA640119723075745726125751,COURANT,MAD,2008-06-14,ACTIF,371114.44,630,630,2,2,15,15,,,2012-07-05,379810.52,Inactif
773,8798432138524843,0112238798432138524843,0112238798432138524843,MA640112238798432138524843,MA640112238798432138524843,DAT,MAD,2008-09-17,ACTIF,110251.31,630,630,2,2,15,15,772.0,772.0,2008-09-17,110251.31,Actif
774,3215035974526697,0116503215035974526697,0116503215035974526697,MA640116503215035974526697,MA640116503215035974526697,COURANT,MAD,2013-01-20,ACTIF,8601302.07,631,631,2,2,14,14,,,2018-12-02,8929579.82,Inactif
775,3651623711488932,0113103651623711488932,0113103651623711488932,MA640113103651623711488932,MA640113103651623711488932,COURANT,MAD,2020-07-14,ACTIF,2688137.24,632,632,2,2,15,15,,,2022-03-19,2699928.93,Inactif
776,9888669114923642,0112709888669114923642,0112709888669114923642,MA640112709888669114923642,MA640112709888669114923642,COURANT,MAD,2006-12-28,INACTIF,5903672.15,633,633,2,2,14,14,,,2016-01-05,6038168.2,Inactif
777,2268367334387868,0113372268367334387868,0113372268367334387868,MA640113372268367334387868,MA640113372268367334387868,COURANT,MAD,2008-12-07,INACTIF,21068.47,634,634,2,2,15,15,,,2013-06-21,21414.08,Inactif
778,4719405087615164,0118444719405087615164,0118444719405087615164,MA640118444719405087615164,MA640118444719405087615164,COURANT,MAD,2015-11-08,INACTIF,2135281.35,635,635,2,2,14,14,,,2022-02-27,2123503.05,Inactif
779,5717540523163805,0115435717540523163805,0115435717540523163805,MA640115435717540523163805,MA640115435717540523163805,COURANT,MAD,2007-09-22,ACTIF,330622.8,636,636,2,2,15,15,,,2011-03-06,330096.74,Inactif
780,8480360221857900,0115788480360221857900,0115788480360221857900,MA640115788480360221857900,MA640115788480360221857900,COURANT,MAD,2021-04-08,ACTIF,387983.86,637,637,2,2,14,14,,,2023-12-04,368853.66,Inactif
781,6050140143879275,0119086050140143879275,0119086050140143879275,MA640119086050140143879275,MA640119086050140143879275,COURANT,MAD,2008-01-04,ACTIF,281760.03,638,638,2,2,15,15,,,2022-01-17,269921.83,Inactif
782,5851026484153263,0114585851026484153263,0114585851026484153263,MA640114585851026484153263,MA640114585851026484153263,COURANT,MAD,2008-05-10,ACTIF,6924044.52,639,639,2,2,14,14,,,2022-05-20,6753116.8,Inactif
783,3648566224012503,0118723648566224012503,0118723648566224012503,MA640118723648566224012503,MA640118723648566224012503,COURANT,MAD,2013-01-21,ACTIF,86177.96,640,640,2,2,15,15,,,2017-09-25,88086.86,Inactif
784,8733633076645106,0114448733633076645106,0114448733633076645106,MA640114448733633076645106,MA640114448733633076645106,DAT,MAD,2013-09-09,ACTIF,46536.48,640,640,2,2,15,15,783.0,783.0,2013-09-09,46536.48,Actif
785,7608490373919977,0116327608490373919977,0116327608490373919977,MA640116327608490373919977,MA640116327608490373919977,COURANT,MAD,2019-04-01,ACTIF,18549343.38,641,641,2,2,14,14,,,2024-09-20,18551643.71,Faiblement actif
786,3800032051419377,0111733800032051419377,0111733800032051419377,MA640111733800032051419377,MA640111733800032051419377,COURANT,MAD,2012-01-20,INACTIF,21750371.66,642,642,2,2,15,15,,,2014-01-20,21358589.94,Inactif
787,8454423813152349,0119338454423813152349,0119338454423813152349,MA640119338454423813152349,MA640119338454423813152349,COURANT,MAD,2013-06-06,ACTIF,8224401.0,643,643,2,2,14,14,,,2020-02-09,8628435.76,Inactif
788,7576782864498076,0117957576782864498076,0117957576782864498076,MA640117957576782864498076,MA640117957576782864498076,COURANT,MAD,2013-11-23,ACTIF,308978.12,644,644,2,2,15,15,,,2015-03-08,303754.13,Inactif
789,2100552440057232,0111762100552440057232,0111762100552440057232,MA640111762100552440057232,MA640111762100552440057232,DAT,MAD,2014-02-09,ACTIF,119229.71,644,644,2,2,15,15,788.0,788.0,2014-02-09,119229.71,Actif
790,5131459047991516,0111005131459047991516,0111005131459047991516,MA640111005131459047991516,MA640111005131459047991516,COURANT,MAD,2012-02-25,ACTIF,6136916.63,645,645,2,2,14,14,,,2016-04-06,6295679.47,Inactif
791,4510444688520871,0111764510444688520871,0111764510444688520871,MA640111764510444688520871,MA640111764510444688520871,COURANT,MAD,2008-08-01,ACTIF,129301.56,646,646,2,2,15,15,,,2022-02-14,135482.46,Inactif
792,6160314743566415,0119196160314743566415,0119196160314743566415,MA640119196160314743566415,MA640119196160314743566415,COURANT,MAD,2014-09-12,ACTIF,364430.51,647,647,2,2,14,14,,,2023-12-15,380769.91,Inactif
793,9090466686596285,0117749090466686596285,0117749090466686596285,MA640117749090466686596285,MA640117749090466686596285,COURANT,MAD,2021-12-30,INACTIF,159373.75,648,648,2,2,15,15,,,2022-07-01,165128.03,Inactif
794,7096026592288469,0114907096026592288469,0114907096026592288469,MA640114907096026592288469,MA640114907096026592288469,COURANT,MAD,2018-12-15,ACTIF,2319300.29,649,649,2,2,14,14,,,2023-03-24,2315605.07,Inactif
795,6293593625860705,0117916293593625860705,0117916293593625860705,MA640117916293593625860705,MA640117916293593625860705,COURANT,MAD,2018-07-16,ACTIF,228784.85,650,650,2,2,15,15,,,2019-01-16,236569.5,Inactif
796,3328020217668509,0117903328020217668509,0117903328020217668509,MA640117903328020217668509,MA640117903328020217668509,COURANT,MAD,2005-07-29,ACTIF,4634885.37,651,651,2,2,14,14,,,2013-09-25,4597428.41,Inactif
797,5873070593275373,0113735873070593275373,0113735873070593275373,MA640113735873070593275373,MA640113735873070593275373,COURANT,MAD,2006-01-11,INACTIF,285122.5,652,652,2,2,15,15,,,2016-07-18,285831.89,Inactif
798,9295494536235439,0115549295494536235439,0115549295494536235439,MA640115549295494536235439,MA640115549295494536235439,COURANT,MAD,2021-04-27,ACTIF,324574.08,653,653,2,2,14,14,,,2022-03-14,324326.91,Inactif
799,2286811472618582,0117332286811472618582,0117332286811472618582,MA640117332286811472618582,MA640117332286811472618582,COURANT,MAD,2008-05-31,ACTIF,18396.78,654,654,2,2,15,15,,,2023-07-29,17625.72,Inactif
800,6552705410617717,0118476552705410617717,0118476552705410617717,MA640118476552705410617717,MA640118476552705410617717,DAT,MAD,2008-10-01,ACTIF,2836.38,654,654,2,2,15,15,799.0,799.0,2008-10-01,2836.38,Actif
801,6453278478234430,0114486453278478234430,0114486453278478234430,MA640114486453278478234430,MA640114486453278478234430,COURANT,MAD,2020-01-28,INACTIF,409492.36,655,655,2,2,14,14,,,2023-03-03,416402.47,Inactif
802,8029592956039686,0111358029592956039686,0111358029592956039686,MA640111358029592956039686,MA640111358029592956039686,COURANT,MAD,2020-04-05,ACTIF,344900.24,656,656,2,2,15,15,,,2024-01-14,356148.8,Inactif
803,8934436549371830,0115908934436549371830,0115908934436549371830,MA640115908934436549371830,MA640115908934436549371830,COURANT,MAD,2016-08-05,INACTIF,176650.61,657,657,2,2,14,14,,,2018-12-23,175357.1,Inactif
804,1685320432577599,0116081685320432577599,0116081685320432577599,MA640116081685320432577599,MA640116081685320432577599,COURANT,MAD,2011-02-15,ACTIF,99293078.36,658,658,2,2,15,15,,,2019-09-15,103386297.21,Inactif
805,5706346989796198,0119215706346989796198,0119215706346989796198,MA640119215706346989796198,MA640119215706346989796198,COURANT,MAD,2020-10-14,ACTIF,420630.27,659,659,2,2,14,14,,,2022-12-29,436880.42,Inactif
806,6197527761675284,0118596197527761675284,0118596197527761675284,MA640118596197527761675284,MA640118596197527761675284,COURANT,MAD,2009-04-01,ACTIF,368999.18,660,660,2,2,15,15,,,2023-02-18,357793.23,Inactif
807,5745713694336667,0114575745713694336667,0114575745713694336667,MA640114575745713694336667,MA640114575745713694336667,COURANT,MAD,2007-07-10,INACTIF,136213.48,661,661,2,2,14,14,,,2024-01-29,134528.04,Inactif
808,9570152527409172,0111369570152527409172,0111369570152527409172,MA640111369570152527409172,MA640111369570152527409172,COURANT,MAD,2009-01-13,ACTIF,454026.58,662,662,2,2,15,15,,,2014-09-18,475588.15,Inactif
809,4662716780359390,0118424662716780359390,0118424662716780359390,MA640118424662716780359390,MA640118424662716780359390,COURANT,MAD,2011-03-31,ACTIF,32699909.76,663,663,2,2,14,14,,,2024-12-13,32239513.48,Actif
810,9371743144721892,0117579371743144721892,0117579371743144721892,MA640117579371743144721892,MA640117579371743144721892,DAT,MAD,2011-08-24,ACTIF,12125761.1,663,663,2,2,14,14,809.0,809.0,2011-08-24,12125761.1,Actif
811,4753502384352009,0114574753502384352009,0114574753502384352009,MA640114574753502384352009,MA640114574753502384352009,COURANT,MAD,2021-08-16,ACTIF,2335965.69,664,664,2,2,15,15,,,2021-10-21,2234504.41,Inactif
812,4081264181416682,0114834081264181416682,0114834081264181416682,MA640114834081264181416682,MA640114834081264181416682,DAT,MAD,2021-09-18,ACTIF,1058419.29,664,664,2,2,15,15,811.0,811.0,2021-09-18,1042934.59,Actif
813,8789270735298555,0115128789270735298555,0115128789270735298555,MA640115128789270735298555,MA640115128789270735298555,COURANT,MAD,2015-04-21,ACTIF,111876.53,665,665,2,2,14,14,,,2017-05-24,115178.17,Inactif
814,1575785647137544,0116371575785647137544,0116371575785647137544,MA640116371575785647137544,MA640116371575785647137544,COURANT,MAD,2009-07-05,ACTIF,206505.46,666,666,2,2,15,15,,,2010-03-01,208654.87,Inactif
815,5721083710175550,0111895721083710175550,0111895721083710175550,MA640111895721083710175550,MA640111895721083710175550,COURANT,MAD,2008-01-27,ACTIF,32404.47,667,667,2,2,14,14,,,2024-04-04,33028.83,Inactif
816,5217470923872713,0111305217470923872713,0111305217470923872713,MA640111305217470923872713,MA640111305217470923872713,COURANT,MAD,2011-10-20,INACTIF,8126898.91,668,668,2,2,15,15,,,2012-10-29,8099952.88,Inactif
817,7066045894777249,0116457066045894777249,0116457066045894777249,MA640116457066045894777249,MA640116457066045894777249,COURANT,MAD,2007-09-10,ACTIF,206767.6,669,669,2,2,14,14,,,2020-09-24,206890.66,Inactif
818,6731649845766054,0117636731649845766054,0117636731649845766054,MA640117636731649845766054,MA640117636731649845766054,COURANT,MAD,2020-11-26,ACTIF,149218.92,670,670,2,2,15,15,,,2024-10-12,146834.52,Actif
819,1501205543237682,0115421501205543237682,0115421501205543237682,MA640115421501205543237682,MA640115421501205543237682,COURANT,MAD,2011-11-19,INACTIF,7907958.05,671,671,2,2,14,14,,,2016-10-12,7967482.43,Inactif
820,4549472624959821,0115854549472624959821,0115854549472624959821,MA640115854549472624959821,MA640115854549472624959821,COURANT,MAD,2010-04-21,ACTIF,342203.98,672,672,2,2,15,15,,,2017-10-30,346034.69,Inactif
821,1937051817163510,0113901937051817163510,0113901937051817163510,MA640113901937051817163510,MA640113901937051817163510,DAT,MAD,2011-03-11,ACTIF,109993.35,672,672,2,2,15,15,820.0,820.0,2011-03-11,109993.35,Actif
822,7481893881580988,0111457481893881580988,0111457481893881580988,MA640111457481893881580988,MA640111457481893881580988,COURANT,MAD,2008-02-03,ACTIF,6373841.61,673,673,2,2,14,14,,,2010-07-24,6134510.37,Inactif
823,5013508679491000,0115015013508679491000,0115015013508679491000,MA640115015013508679491000,MA640115015013508679491000,DAT,MAD,2008-05-01,ACTIF,2409703.59,673,673,2,2,14,14,822.0,822.0,2008-05-01,2409703.59,Actif
824,9507358072992763,0116799507358072992763,0116799507358072992763,MA640116799507358072992763,MA640116799507358072992763,COURANT,MAD,2006-12-12,INACTIF,134873.55,674,674,2,2,15,15,,,2011-06-25,136141.36,Inactif
825,5314188270020451,0113205314188270020451,0113205314188270020451,MA640113205314188270020451,MA640113205314188270020451,COURANT,MAD,2013-11-29,ACTIF,5337214.83,675,675,2,2,14,14,,,2023-07-31,5277924.88,Inactif
826,8919411138235850,0116408919411138235850,0116408919411138235850,MA640116408919411138235850,MA640116408919411138235850,DAT,MAD,2014-08-28,ACTIF,3306901.81,675,675,2,2,14,14,825.0,825.0,2014-08-28,3306901.81,Actif
827,9607745834618684,0117849607745834618684,0117849607745834618684,MA640117849607745834618684,MA640117849607745834618684,COURANT,MAD,2020-02-27,ACTIF,326189.19,676,676,2,2,15,15,,,2022-06-15,331358.56,Inactif
828,6415519980847814,0118436415519980847814,0118436415519980847814,MA640118436415519980847814,MA640118436415519980847814,DAT,MAD,2020-04-11,ACTIF,102042.25,676,676,2,2,15,15,827.0,827.0,2020-04-11,102042.25,Actif
829,7454334121434872,0111617454334121434872,0111617454334121434872,MA640111617454334121434872,MA640111617454334121434872,COURANT,MAD,2011-02-20,ACTIF,237833.74,677,677,2,2,14,14,,,2023-04-16,240281.12,Inactif
830,3931602386502138,0111973931602386502138,0111973931602386502138,MA640111973931602386502138,MA640111973931602386502138,COURANT,MAD,2017-07-13,ACTIF,13071993.3,678,678,2,2,15,15,,,2018-10-05,13699622.85,Inactif
831,9029195296517797,0114729029195296517797,0114729029195296517797,MA640114729029195296517797,MA640114729029195296517797,DAT,MAD,2017-12-19,ACTIF,3760143.89,678,678,2,2,15,15,830.0,830.0,2017-12-19,3760143.89,Actif
832,2375114837796680,0117882375114837796680,0117882375114837796680,MA640117882375114837796680,MA640117882375114837796680,COURANT,MAD,2016-01-02,INACTIF,59236719.78,679,679,2,2,14,14,,,2018-10-15,59510983.32,Inactif
833,1157139175669891,0116171157139175669891,0116171157139175669891,MA640116171157139175669891,MA640116171157139175669891,COURANT,MAD,2008-02-18,ACTIF,4514353.21,680,680,2,2,15,15,,,2021-02-10,4416395.0,Inactif
834,2598607614021494,0114722598607614021494,0114722598607614021494,MA640114722598607614021494,MA640114722598607614021494,COURANT,MAD,2016-11-30,ACTIF,402309.06,681,681,2,2,14,14,,,2021-09-15,397549.54,Inactif
835,9663584550451976,0116509663584550451976,0116509663584550451976,MA640116509663584550451976,MA640116509663584550451976,COURANT,MAD,2015-03-08,ACTIF,9659617.49,682,682,2,2,15,15,,,2020-02-17,9603906.41,Inactif
836,7946366257146553,0113607946366257146553,0113607946366257146553,MA640113607946366257146553,MA640113607946366257146553,COURANT,MAD,2016-02-16,INACTIF,484647.69,683,683,2,2,14,14,,,2021-04-24,470094.4,Inactif
837,4906460645208012,0111074906460645208012,0111074906460645208012,MA640111074906460645208012,MA640111074906460645208012,COURANT,MAD,2020-01-16,ACTIF,3352776.16,684,684,2,2,15,15,,,2023-07-09,3296066.24,Inactif
838,7792089142864301,0116677792089142864301,0116677792089142864301,MA640116677792089142864301,MA640116677792089142864301,COURANT,MAD,2020-07-30,INACTIF,20944.03,685,685,2,2,14,14,,,2024-04-18,19906.4,Inactif
839,2110075767448226,0113512110075767448226,0113512110075767448226,MA640113512110075767448226,MA640113512110075767448226,DAT,MAD,2021-01-07,ACTIF,12645.05,685,685,2,2,14,14,838.0,838.0,2021-01-07,12197.68,Actif
840,7745457845833447,0117397745457845833447,0117397745457845833447,MA640117397745457845833447,MA640117397745457845833447,COURANT,MAD,2012-07-26,INACTIF,248761.7,686,686,2,2,15,15,,,2018-06-03,251186.95,Inactif
841,8886951238938963,0114238886951238938963,0114238886951238938963,MA640114238886951238938963,MA640114238886951238938963,COURANT,MAD,2005-07-16,ACTIF,5553176.32,687,687,2,2,14,14,,,2006-01-28,5609780.55,Inactif
842,6848051510681674,0114806848051510681674,0114806848051510681674,MA640114806848051510681674,MA640114806848051510681674,COURANT,MAD,2012-02-21,ACTIF,314680.22,688,688,2,2,15,15,,,2019-10-25,303055.08,Inactif
843,9710376315068618,0119539710376315068618,0119539710376315068618,MA640119539710376315068618,MA640119539710376315068618,COURANT,MAD,2010-01-11,ACTIF,263356.56,689,689,2,2,14,14,,,2012-12-13,250791.61,Inactif
844,6115002736284346,0115116115002736284346,0115116115002736284346,MA640115116115002736284346,MA640115116115002736284346,DAT,MAD,2010-12-25,ACTIF,128356.2,689,689,2,2,14,14,843.0,843.0,2010-12-25,128356.2,Actif
845,4300248958078997,0112694300248958078997,0112694300248958078997,MA640112694300248958078997,MA640112694300248958078997,COURANT,MAD,2014-09-09,ACTIF,113377.71,690,690,2,2,15,15,,,2024-03-20,112913.17,Inactif
846,9016048096257313,0115509016048096257313,0115509016048096257313,MA640115509016048096257313,MA640115509016048096257313,COURANT,MAD,2005-07-27,ACTIF,9693625.96,691,691,2,2,14,14,,,2018-11-15,9424778.83,Inactif
847,7213089037981761,0112847213089037981761,0112847213089037981761,MA640112847213089037981761,MA640112847213089037981761,COURANT,MAD,2021-07-30,ACTIF,8070432.98,692,692,2,2,15,15,,,2022-06-29,8058753.42,Inactif
848,8495069453803022,0111958495069453803022,0111958495069453803022,MA640111958495069453803022,MA640111958495069453803022,COURANT,MAD,2017-07-12,ACTIF,487468.52,693,693,2,2,14,14,,,2017-07-29,476855.44,Inactif
849,1523208061607984,0118161523208061607984,0118161523208061607984,MA640118161523208061607984,MA640118161523208061607984,COURANT,MAD,2008-02-11,INACTIF,43801.11,694,694,2,2,15,15,,,2019-09-17,43922.25,Inactif
850,1436646186049839,0118091436646186049839,0118091436646186049839,MA640118091436646186049839,MA640118091436646186049839,COURANT,MAD,2020-01-27,ACTIF,153973.44,695,695,2,2,14,14,,,2021-05-27,157779.46,Inactif
851,7016812439194304,0118257016812439194304,0118257016812439194304,MA640118257016812439194304,MA640118257016812439194304,COURANT,MAD,2008-06-23,ACTIF,96112877.44,696,696,2,2,15,15,,,2020-01-20,94064799.76,Inactif
852,8052272130181102,0117008052272130181102,0117008052272130181102,MA640117008052272130181102,MA640117008052272130181102,COURANT,MAD,2019-02-27,ACTIF,4905593.39,697,697,2,2,14,14,,,2022-03-12,4784565.29,Inactif
853,2136095581911727,0119782136095581911727,0119782136095581911727,MA640119782136095581911727,MA640119782136095581911727,COURANT,MAD,2021-06-26,INACTIF,5232441.35,698,698,2,2,15,15,,,2022-05-13,5100336.27,Inactif
854,7915163828533215,0118837915163828533215,0118837915163828533215,MA640118837915163828533215,MA640118837915163828533215,DAT,MAD,2021-10-30,ACTIF,1598658.86,698,698,2,2,15,15,853.0,853.0,2021-10-30,1573240.85,Actif
855,5765209923215963,0117005765209923215963,0117005765209923215963,MA640117005765209923215963,MA640117005765209923215963,COURANT,MAD,2009-10-25,INACTIF,221112.44,699,699,2,2,14,14,,,2021-02-16,222995.35,Inactif
856,8084904680591618,0118928084904680591618,0118928084904680591618,MA640118928084904680591618,MA640118928084904680591618,COURANT,MAD,2014-03-16,ACTIF,185739.2,700,700,2,2,15,15,,,2021-08-15,182125.29,Inactif
857,8720036166803883,0112268720036166803883,0112268720036166803883,MA640112268720036166803883,MA640112268720036166803883,COURANT,MAD,2009-03-07,ACTIF,105369.83,701,701,3,3,18,18,,,2023-02-05,108336.09,Inactif
858,6203361123866583,0115646203361123866583,0115646203361123866583,MA640115646203361123866583,MA640115646203361123866583,DAT,MAD,2009-12-18,ACTIF,67161.82,701,701,3,3,18,18,857.0,857.0,2009-12-18,67161.82,Actif
859,4948298878786418,0118254948298878786418,0118254948298878786418,MA640118254948298878786418,MA640118254948298878786418,COURANT,MAD,2019-06-17,ACTIF,339227.53,702,702,3,3,19,19,,,2022-07-26,352488.93,Inactif
860,7850754986787117,0111317850754986787117,0111317850754986787117,MA640111317850754986787117,MA640111317850754986787117,COURANT,MAD,2007-05-06,ACTIF,8859274.52,703,703,3,3,18,18,,,2010-05-25,9083145.58,Inactif
861,6542833889948092,0115546542833889948092,0115546542833889948092,MA640115546542833889948092,MA640115546542833889948092,COURANT,MAD,2011-07-11,ACTIF,279990.7,704,704,3,3,19,19,,,2019-08-16,280690.1,Inactif
862,5464635478223341,0114775464635478223341,0114775464635478223341,MA640114775464635478223341,MA640114775464635478223341,DAT,MAD,2011-11-25,ACTIF,77372.76,704,704,3,3,19,19,861.0,861.0,2011-11-25,77372.76,Actif
863,2799917799126902,0118742799917799126902,0118742799917799126902,MA640118742799917799126902,MA640118742799917799126902,COURANT,MAD,2009-11-23,ACTIF,257835.92,705,705,3,3,18,18,,,2013-04-25,256257.41,Inactif
864,7665961776190847,0117427665961776190847,0117427665961776190847,MA640117427665961776190847,MA640117427665961776190847,COURANT,MAD,2018-05-23,INACTIF,3070248.28,706,706,3,3,19,19,,,2021-06-08,3186650.43,Inactif
865,3910177379030109,0112293910177379030109,0112293910177379030109,MA640112293910177379030109,MA640112293910177379030109,COURANT,MAD,2013-03-30,ACTIF,188118.96,707,707,3,3,18,18,,,2023-04-11,182724.08,Inactif
866,7307389892637178,0117107307389892637178,0117107307389892637178,MA640117107307389892637178,MA640117107307389892637178,COURANT,MAD,2010-12-29,ACTIF,59092668.94,708,708,3,3,19,19,,,2011-11-09,60060993.64,Inactif
867,4814581783473357,0117144814581783473357,0117144814581783473357,MA640117144814581783473357,MA640117144814581783473357,COURANT,MAD,2015-01-16,ACTIF,146086.27,709,709,3,3,18,18,,,2024-05-16,139673.46,Inactif
868,2416302968569514,0118362416302968569514,0118362416302968569514,MA640118362416302968569514,MA640118362416302968569514,COURANT,MAD,2008-02-05,ACTIF,4218941.3,710,710,3,3,19,19,,,2017-08-28,4409867.2,Inactif
869,2575888730674632,0116002575888730674632,0116002575888730674632,MA640116002575888730674632,MA640116002575888730674632,COURANT,MAD,2016-02-06,ACTIF,173754.97,711,711,3,3,18,18,,,2019-10-19,169420.56,Inactif
870,6783787969961970,0115616783787969961970,0115616783787969961970,MA640115616783787969961970,MA640115616783787969961970,COURANT,MAD,2015-03-02,ACTIF,9026215.03,712,712,3,3,19,19,,,2018-02-13,8930773.51,Inactif
871,7587662029800510,0112567587662029800510,0112567587662029800510,MA640112567587662029800510,MA640112567587662029800510,COURANT,MAD,2008-03-21,ACTIF,2409357.89,713,713,3,3,18,18,,,2023-06-17,2498739.42,Inactif
872,5936774025190188,0113895936774025190188,0113895936774025190188,MA640113895936774025190188,MA640113895936774025190188,DAT,MAD,2008-05-22,ACTIF,1409122.72,713,713,3,3,18,18,871.0,871.0,2008-05-22,1409122.72,Actif
873,1663375317500377,0117521663375317500377,0117521663375317500377,MA640117521663375317500377,MA640117521663375317500377,COURANT,MAD,2006-12-09,ACTIF,216138.1,714,714,3,3,19,19,,,2014-07-16,207110.95,Inactif
874,4889496257404655,0113464889496257404655,0113464889496257404655,MA640113464889496257404655,MA640113464889496257404655,DAT,MAD,2007-10-19,ACTIF,132110.13,714,714,3,3,19,19,873.0,873.0,2007-10-19,132110.13,Actif
875,5879224168403702,0119505879224168403702,0119505879224168403702,MA640119505879224168403702,MA640119505879224168403702,COURANT,MAD,2017-02-09,ACTIF,3620899.42,715,715,3,3,18,18,,,2019-03-18,3682319.25,Inactif
876,6006479498318907,0113086006479498318907,0113086006479498318907,MA640113086006479498318907,MA640113086006479498318907,COURANT,MAD,2018-01-07,INACTIF,281330.58,716,716,3,3,19,19,,,2023-06-11,295262.81,Inactif
877,9224345057797801,0119409224345057797801,0119409224345057797801,MA640119409224345057797801,MA640119409224345057797801,COURANT,MAD,2017-05-07,INACTIF,4204661.73,717,717,3,3,18,18,,,2017-06-07,4064194.7,Inactif
878,4942016436967434,0111524942016436967434,0111524942016436967434,MA640111524942016436967434,MA640111524942016436967434,COURANT,MAD,2021-04-05,ACTIF,3996441.78,718,718,3,3,19,19,,,2021-09-14,4147858.2,Inactif
879,7329025685048570,0117967329025685048570,0117967329025685048570,MA640117967329025685048570,MA640117967329025685048570,DAT,MAD,2021-10-20,ACTIF,1850797.07,718,718,3,3,19,19,878.0,878.0,2021-10-20,1783699.06,Actif
880,8825845841073228,0115678825845841073228,0115678825845841073228,MA640115678825845841073228,MA640115678825845841073228,COURANT,MAD,2007-02-01,ACTIF,118869.91,719,719,3,3,18,18,,,2012-02-02,124649.28,Inactif
881,9268651842557172,0118979268651842557172,0118979268651842557172,MA640118979268651842557172,MA640118979268651842557172,DAT,MAD,2007-03-26,ACTIF,45054.79,719,719,3,3,18,18,880.0,880.0,2007-03-26,45054.79,Actif
882,8026461387276356,0111368026461387276356,0111368026461387276356,MA640111368026461387276356,MA640111368026461387276356,COURANT,MAD,2009-09-03,ACTIF,435818.53,720,720,3,3,19,19,,,2021-04-13,453143.27,Inactif
883,8407046136427945,0114808407046136427945,0114808407046136427945,MA640114808407046136427945,MA640114808407046136427945,COURANT,MAD,2006-05-14,ACTIF,200647.88,721,721,3,3,18,18,,,2019-10-05,198043.48,Inactif
884,1586672031711516,0112771586672031711516,0112771586672031711516,MA640112771586672031711516,MA640112771586672031711516,DAT,MAD,2006-09-25,ACTIF,124235.86,721,721,3,3,18,18,883.0,883.0,2006-09-25,124235.86,Actif
885,4185851339143166,0118024185851339143166,0118024185851339143166,MA640118024185851339143166,MA640118024185851339143166,COURANT,MAD,2010-02-09,ACTIF,29743693.69,722,722,3,3,19,19,,,2022-11-27,29082246.98,Inactif
886,1032734999347323,0112891032734999347323,0112891032734999347323,MA640112891032734999347323,MA640112891032734999347323,DAT,MAD,2010-04-01,ACTIF,11440132.28,722,722,3,3,19,19,885.0,885.0,2010-04-01,11440132.28,Actif
887,3275791997896947,0116313275791997896947,0116313275791997896947,MA640116313275791997896947,MA640116313275791997896947,COURANT,MAD,2017-07-05,ACTIF,239416.27,723,723,3,3,18,18,,,2018-03-19,250253.87,Inactif
888,4802744870370420,0114044802744870370420,0114044802744870370420,MA640114044802744870370420,MA640114044802744870370420,DAT,MAD,2018-05-01,ACTIF,96793.78,723,723,3,3,18,18,887.0,887.0,2018-05-01,96793.78,Actif
889,7077456268019225,0118917077456268019225,0118917077456268019225,MA640118917077456268019225,MA640118917077456268019225,COURANT,MAD,2005-03-30,INACTIF,262267.9,724,724,3,3,19,19,,,2014-04-23,269600.29,Inactif
890,8297117341217113,0111088297117341217113,0111088297117341217113,MA640111088297117341217113,MA640111088297117341217113,COURANT,MAD,2005-06-28,ACTIF,8818712.83,725,725,3,3,18,18,,,2012-03-12,8435825.56,Inactif
891,4920526974523112,0115454920526974523112,0115454920526974523112,MA640115454920526974523112,MA640115454920526974523112,COURANT,MAD,2020-01-07,INACTIF,30100671.64,726,726,3,3,19,19,,,2021-07-29,29340608.91,Inactif
892,9700585685001568,0115749700585685001568,0115749700585685001568,MA640115749700585685001568,MA640115749700585685001568,COURANT,MAD,2014-04-03,ACTIF,31388453.96,727,727,3,3,18,18,,,2016-06-06,30777289.23,Inactif
893,4216096769370312,0115164216096769370312,0115164216096769370312,MA640115164216096769370312,MA640115164216096769370312,COURANT,MAD,2016-07-04,ACTIF,382004.6,728,728,3,3,19,19,,,2023-03-02,384917.23,Inactif
894,5058109446591263,0115545058109446591263,0115545058109446591263,MA640115545058109446591263,MA640115545058109446591263,COURANT,MAD,2005-02-21,ACTIF,1019951.25,729,729,3,3,18,18,,,2018-10-23,994750.36,Inactif
895,6154258891854015,0113636154258891854015,0113636154258891854015,MA640113636154258891854015,MA640113636154258891854015,COURANT,MAD,2015-04-24,ACTIF,265604.89,730,730,3,3,19,19,,,2017-09-29,274686.37,Inactif
896,6867494264140124,0119276867494264140124,0119276867494264140124,MA640119276867494264140124,MA640119276867494264140124,COURANT,MAD,2007-10-31,ACTIF,5381061.38,731,731,3,3,18,18,,,2014-10-21,5232100.76,Inactif
897,3048113094101535,0111103048113094101535,0111103048113094101535,MA640111103048113094101535,MA640111103048113094101535,DAT,MAD,2008-04-20,ACTIF,1680006.48,731,731,3,3,18,18,896.0,896.0,2008-04-20,1680006.48,Actif
898,8456054085879488,0111118456054085879488,0111118456054085879488,MA640111118456054085879488,MA640111118456054085879488,COURANT,MAD,2008-08-30,INACTIF,192533.06,732,732,3,3,19,19,,,2017-01-27,187193.45,Inactif
899,1857334926339021,0116311857334926339021,0116311857334926339021,MA640116311857334926339021,MA640116311857334926339021,COURANT,MAD,2017-02-12,ACTIF,197357.47,733,733,3,3,18,18,,,2024-07-13,193115.54,Faiblement actif
900,9925331897231652,0113489925331897231652,0113489925331897231652,MA640113489925331897231652,MA640113489925331897231652,COURANT,MAD,2015-08-24,ACTIF,71939.71,734,734,3,3,19,19,,,2022-09-17,70905.19,Inactif
901,8518674975853303,0114928518674975853303,0114928518674975853303,MA640114928518674975853303,MA640114928518674975853303,DAT,MAD,2016-02-06,ACTIF,23180.83,734,734,3,3,19,19,900.0,900.0,2016-02-06,23180.83,Actif
902,3788893340924274,0115783788893340924274,0115783788893340924274,MA640115783788893340924274,MA640115783788893340924274,COURANT,MAD,2006-01-12,ACTIF,14599719.17,735,735,3,3,18,18,,,2016-12-06,15172808.06,Inactif
903,3734721479079333,0111653734721479079333,0111653734721479079333,MA640111653734721479079333,MA640111653734721479079333,COURANT,MAD,2006-02-24,ACTIF,31350.71,736,736,3,3,19,19,,,2015-06-05,31415.48,Inactif
904,7730254842830668,0116077730254842830668,0116077730254842830668,MA640116077730254842830668,MA640116077730254842830668,COURANT,MAD,2015-04-04,ACTIF,8844181.77,737,737,3,3,18,18,,,2015-10-31,9105232.8,Inactif
905,7031149498931640,0114337031149498931640,0114337031149498931640,MA640114337031149498931640,MA640114337031149498931640,COURANT,MAD,2020-04-28,ACTIF,167289.71,738,738,3,3,19,19,,,2022-07-24,161878.98,Inactif
906,7743309261723891,0115717743309261723891,0115717743309261723891,MA640115717743309261723891,MA640115717743309261723891,COURANT,MAD,2006-04-26,ACTIF,396448.17,739,739,3,3,18,18,,,2018-11-29,402552.91,Inactif
907,9552371774287273,0115059552371774287273,0115059552371774287273,MA640115059552371774287273,MA640115059552371774287273,COURANT,MAD,2021-03-06,ACTIF,134091.4,740,740,3,3,19,19,,,2024-10-30,138268.06,Actif
908,9075268245429139,0113619075268245429139,0113619075268245429139,MA640113619075268245429139,MA640113619075268245429139,DAT,MAD,2022-02-26,ACTIF,45426.66,740,740,3,3,19,19,907.0,907.0,2022-02-26,43531.03,Actif
909,7266520314888339,0112697266520314888339,0112697266520314888339,MA640112697266520314888339,MA640112697266520314888339,COURANT,MAD,2014-10-28,ACTIF,22268717.65,741,741,3,3,18,18,,,2018-12-11,23153467.63,Inactif
910,1567888118247914,0112811567888118247914,0112811567888118247914,MA640112811567888118247914,MA640112811567888118247914,COURANT,MAD,2013-02-26,INACTIF,2861472.6,742,742,3,3,19,19,,,2019-09-13,2833391.08,Inactif
911,6946876343562485,0115416946876343562485,0115416946876343562485,MA640115416946876343562485,MA640115416946876343562485,DAT,MAD,2013-12-14,ACTIF,1539018.67,742,742,3,3,19,19,910.0,910.0,2013-12-14,1539018.67,Actif
912,5372775021116191,0113555372775021116191,0113555372775021116191,MA640113555372775021116191,MA640113555372775021116191,COURANT,MAD,2017-12-15,INACTIF,155414.4,743,743,3,3,18,18,,,2024-05-24,160417.61,Inactif
913,9823435412912803,0117869823435412912803,0117869823435412912803,MA640117869823435412912803,MA640117869823435412912803,DAT,MAD,2018-07-10,ACTIF,75262.58,743,743,3,3,18,18,912.0,912.0,2018-07-10,75262.58,Actif
914,4159920640037673,0112034159920640037673,0112034159920640037673,MA640112034159920640037673,MA640112034159920640037673,COURANT,MAD,2008-04-24,ACTIF,403210.94,744,744,3,3,19,19,,,2015-05-31,394379.09,Inactif
915,3493831685518225,0112903493831685518225,0112903493831685518225,MA640112903493831685518225,MA640112903493831685518225,COURANT,MAD,2013-08-13,ACTIF,83693.54,745,745,3,3,18,18,,,2024-11-04,83517.24,Actif
916,6513081737489392,0115336513081737489392,0115336513081737489392,MA640115336513081737489392,MA640115336513081737489392,DAT,MAD,2014-05-13,ACTIF,10276.38,745,745,3,3,18,18,915.0,915.0,2014-05-13,10276.38,Actif
917,1639151147466772,0118081639151147466772,0118081639151147466772,MA640118081639151147466772,MA640118081639151147466772,COURANT,MAD,2014-12-26,ACTIF,1943051.09,746,746,3,3,19,19,,,2016-06-05,1884331.71,Inactif
918,9262479420391169,0116179262479420391169,0116179262479420391169,MA640116179262479420391169,MA640116179262479420391169,COURANT,MAD,2010-05-28,ACTIF,14228.67,747,747,3,3,18,18,,,2021-06-01,13810.45,Inactif
919,2094163680966932,0117172094163680966932,0117172094163680966932,MA640117172094163680966932,MA640117172094163680966932,DAT,MAD,2010-08-30,ACTIF,1175.95,747,747,3,3,18,18,918.0,918.0,2010-08-30,1175.95,Actif
920,4965759487897123,0117704965759487897123,0117704965759487897123,MA640117704965759487897123,MA640117704965759487897123,COURANT,MAD,2014-05-13,ACTIF,2745985.48,748,748,3,3,19,19,,,2023-09-10,2808813.86,Inactif
921,1254283134184736,0115841254283134184736,0115841254283134184736,MA640115841254283134184736,MA640115841254283134184736,COURANT,MAD,2020-05-16,ACTIF,6026119.94,749,749,3,3,18,18,,,2022-05-05,6182402.56,Inactif
922,7761891736003419,0114247761891736003419,0114247761891736003419,MA640114247761891736003419,MA640114247761891736003419,COURANT,MAD,2005-03-20,INACTIF,478951.79,750,750,3,3,19,19,,,2006-03-21,491748.08,Inactif
923,5916132226576253,0118595916132226576253,0118595916132226576253,MA640118595916132226576253,MA640118595916132226576253,COURANT,MAD,2013-12-20,ACTIF,315618.03,751,751,3,3,18,18,,,2016-06-11,304675.71,Inactif
924,6388217183787492,0112116388217183787492,0112116388217183787492,MA640112116388217183787492,MA640112116388217183787492,COURANT,MAD,2006-10-21,ACTIF,233127.54,752,752,3,3,19,19,,,2019-12-26,225984.91,Inactif
925,7172693724794966,0119427172693724794966,0119427172693724794966,MA640119427172693724794966,MA640119427172693724794966,DAT,MAD,2007-03-02,ACTIF,66565.03,752,752,3,3,19,19,924.0,924.0,2007-03-02,66565.03,Actif
926,3080342315868959,0119543080342315868959,0119543080342315868959,MA640119543080342315868959,MA640119543080342315868959,COURANT,MAD,2009-10-10,ACTIF,144845.54,753,753,3,3,18,18,,,2016-02-17,138577.42,Inactif
927,6519483157162770,0115356519483157162770,0115356519483157162770,MA640115356519483157162770,MA640115356519483157162770,COURANT,MAD,2020-05-14,ACTIF,138616.6,754,754,3,3,19,19,,,2022-08-07,145157.48,Inactif
928,2160284265542271,0115112160284265542271,0115112160284265542271,MA640115112160284265542271,MA640115112160284265542271,DAT,MAD,2020-09-24,ACTIF,85900.91,754,754,3,3,19,19,927.0,927.0,2020-09-24,85900.91,Actif
929,2953482443627810,0115282953482443627810,0115282953482443627810,MA640115282953482443627810,MA640115282953482443627810,COURANT,MAD,2011-07-19,ACTIF,484170.79,755,755,3,3,18,18,,,2021-09-20,475545.01,Inactif
930,4247455464382674,0111554247455464382674,0111554247455464382674,MA640111554247455464382674,MA640111554247455464382674,COURANT,MAD,2018-12-09,ACTIF,213388.27,756,756,3,3,19,19,,,2024-03-29,222650.92,Inactif
931,6860259583800844,0114646860259583800844,0114646860259583800844,MA640114646860259583800844,MA640114646860259583800844,COURANT,MAD,2019-10-06,ACTIF,4371895.74,757,757,3,3,18,18,,,2022-06-30,4187368.4,Inactif
932,2020260419529189,0115732020260419529189,0115732020260419529189,MA640115732020260419529189,MA640115732020260419529189,DAT,MAD,2020-04-16,ACTIF,2895934.27,757,757,3,3,18,18,931.0,931.0,2020-04-16,2895934.27,Actif
933,7088652890373373,0114927088652890373373,0114927088652890373373,MA640114927088652890373373,MA640114927088652890373373,COURANT,MAD,2018-08-28,INACTIF,342306.1,758,758,3,3,19,19,,,2020-12-04,345953.28,Inactif
934,3518237487087899,0119183518237487087899,0119183518237487087899,MA640119183518237487087899,MA640119183518237487087899,DAT,MAD,2019-04-01,ACTIF,143572.17,758,758,3,3,19,19,933.0,933.0,2019-04-01,143572.17,Actif
935,1224116894509364,0113361224116894509364,0113361224116894509364,MA640113361224116894509364,MA640113361224116894509364,COURANT,MAD,2014-02-23,ACTIF,402714.11,759,759,3,3,18,18,,,2023-11-06,401962.4,Inactif
936,6618400054405540,0111836618400054405540,0111836618400054405540,MA640111836618400054405540,MA640111836618400054405540,COURANT,MAD,2008-07-20,INACTIF,7367352.3,760,760,3,3,19,19,,,2019-02-28,7659077.49,Inactif
937,4049455414303988,0116404049455414303988,0116404049455414303988,MA640116404049455414303988,MA640116404049455414303988,COURANT,MAD,2020-03-30,ACTIF,226184.04,761,761,3,3,18,18,,,2021-01-26,232111.11,Inactif
938,8090999054872746,0115228090999054872746,0115228090999054872746,MA640115228090999054872746,MA640115228090999054872746,DAT,MAD,2020-09-11,ACTIF,66748.39,761,761,3,3,18,18,937.0,937.0,2020-09-11,66748.39,Actif
939,8697884013295022,0112138697884013295022,0112138697884013295022,MA640112138697884013295022,MA640112138697884013295022,COURANT,MAD,2008-09-27,ACTIF,6317992.39,762,762,3,3,19,19,,,2011-12-09,6068093.98,Inactif
940,5090708483064515,0114305090708483064515,0114305090708483064515,MA640114305090708483064515,MA640114305090708483064515,COURANT,MAD,2012-09-11,ACTIF,428816.03,763,763,3,3,18,18,,,2024-01-04,431498.15,Inactif
941,4326089840101068,0114734326089840101068,0114734326089840101068,MA640114734326089840101068,MA640114734326089840101068,COURANT,MAD,2010-10-18,ACTIF,390220.54,764,764,3,3,19,19,,,2020-02-21,395236.68,Inactif
942,5943299350621672,0115935943299350621672,0115935943299350621672,MA640115935943299350621672,MA640115935943299350621672,DAT,MAD,2011-04-27,ACTIF,203824.94,764,764,3,3,19,19,941.0,941.0,2011-04-27,203824.94,Actif
943,8752938282512371,0111028752938282512371,0111028752938282512371,MA640111028752938282512371,MA640111028752938282512371,COURANT,MAD,2008-08-15,ACTIF,100786.35,765,765,3,3,18,18,,,2014-12-10,104771.01,Inactif
944,9587082596806616,0111339587082596806616,0111339587082596806616,MA640111339587082596806616,MA640111339587082596806616,COURANT,MAD,2016-03-29,ACTIF,135455.73,766,766,3,3,19,19,,,2017-11-19,134211.41,Inactif
945,2494100034687494,0111622494100034687494,0111622494100034687494,MA640111622494100034687494,MA640111622494100034687494,COURANT,MAD,2016-12-08,INACTIF,83016980.91,767,767,3,3,18,18,,,2020-10-04,85744970.52,Inactif
946,4006138438476907,0119244006138438476907,0119244006138438476907,MA640119244006138438476907,MA640119244006138438476907,COURANT,MAD,2010-11-18,ACTIF,88960.41,768,768,3,3,19,19,,,2024-12-15,89471.21,Actif
947,6021246561094305,0116526021246561094305,0116526021246561094305,MA640116526021246561094305,MA640116526021246561094305,COURANT,MAD,2010-05-01,ACTIF,272199.44,769,769,3,3,18,18,,,2022-03-14,263201.77,Inactif
948,1494057257594407,0114831494057257594407,0114831494057257594407,MA640114831494057257594407,MA640114831494057257594407,DAT,MAD,2011-01-13,ACTIF,101501.33,769,769,3,3,18,18,947.0,947.0,2011-01-13,101501.33,Actif
949,8553833242075322,0113428553833242075322,0113428553833242075322,MA640113428553833242075322,MA640113428553833242075322,COURANT,MAD,2006-11-01,ACTIF,304131.7,770,770,3,3,19,19,,,2007-07-09,292389.38,Inactif
950,8914308421269218,0119458914308421269218,0119458914308421269218,MA640119458914308421269218,MA640119458914308421269218,COURANT,MAD,2011-04-20,ACTIF,33316.61,771,771,3,3,18,18,,,2019-10-15,32642.27,Inactif
951,3843836760438069,0117023843836760438069,0117023843836760438069,MA640117023843836760438069,MA640117023843836760438069,COURANT,MAD,2008-04-17,ACTIF,127437.62,772,772,3,3,19,19,,,2014-09-28,124222.95,Inactif
952,1579288761768729,0114071579288761768729,0114071579288761768729,MA640114071579288761768729,MA640114071579288761768729,COURANT,MAD,2021-07-05,INACTIF,6061365.83,773,773,3,3,18,18,,,2023-06-22,6076546.55,Inactif
953,3003092954835291,0119473003092954835291,0119473003092954835291,MA640119473003092954835291,MA640119473003092954835291,COURANT,MAD,2014-02-15,INACTIF,3030551.32,774,774,3,3,19,19,,,2020-07-11,2944366.74,Inactif
954,5948221010900128,0114915948221010900128,0114915948221010900128,MA640114915948221010900128,MA640114915948221010900128,COURANT,MAD,2010-05-30,ACTIF,236206.86,775,775,3,3,18,18,,,2023-05-05,241761.89,Inactif
955,6709335329757508,0114286709335329757508,0114286709335329757508,MA640114286709335329757508,MA640114286709335329757508,COURANT,MAD,2006-07-04,ACTIF,2222646.7,776,776,3,3,19,19,,,2021-02-20,2292237.36,Inactif
956,1349896827269849,0115201349896827269849,0115201349896827269849,MA640115201349896827269849,MA640115201349896827269849,COURANT,MAD,2006-06-08,ACTIF,59776.43,777,777,3,3,18,18,,,2020-08-06,61608.91,Inactif
957,1267997425775968,0119811267997425775968,0119811267997425775968,MA640119811267997425775968,MA640119811267997425775968,COURANT,MAD,2021-05-07,INACTIF,58465752.88,778,778,3,3,19,19,,,2021-06-30,59523393.3,Inactif
958,1043322388871038,0115461043322388871038,0115461043322388871038,MA640115461043322388871038,MA640115461043322388871038,DAT,MAD,2021-09-26,ACTIF,23623404.12,778,778,3,3,19,19,957.0,957.0,2021-09-26,24188638.31,Actif
959,1046817384591120,0116851046817384591120,0116851046817384591120,MA640116851046817384591120,MA640116851046817384591120,COURANT,MAD,2017-12-19,ACTIF,6528595.34,779,779,3,3,18,18,,,2018-09-20,6386670.44,Inactif
960,6452143399492594,0118066452143399492594,0118066452143399492594,MA640118066452143399492594,MA640118066452143399492594,COURANT,MAD,2016-06-22,ACTIF,436816.87,780,780,3,3,19,19,,,2018-05-11,453475.88,Inactif
961,7198607272403072,0116367198607272403072,0116367198607272403072,MA640116367198607272403072,MA640116367198607272403072,COURANT,MAD,2009-08-28,ACTIF,422784.35,781,781,3,3,18,18,,,2020-08-31,434609.69,Inactif
962,6176739877984025,0112376176739877984025,0112376176739877984025,MA640112376176739877984025,MA640112376176739877984025,COURANT,MAD,2007-06-01,ACTIF,937805.65,782,782,3,3,19,19,,,2010-04-26,919380.99,Inactif
963,9051694563852476,0118919051694563852476,0118919051694563852476,MA640118919051694563852476,MA640118919051694563852476,COURANT,MAD,2013-07-13,INACTIF,5675364.74,783,783,3,3,18,18,,,2020-05-23,5640247.52,Inactif
964,5858909662391012,0117085858909662391012,0117085858909662391012,MA640117085858909662391012,MA640117085858909662391012,COURANT,MAD,2011-03-14,INACTIF,227551.08,784,784,3,3,19,19,,,2023-10-28,223840.43,Inactif
965,2612309837467964,0119642612309837467964,0119642612309837467964,MA640119642612309837467964,MA640119642612309837467964,COURANT,MAD,2013-06-14,INACTIF,274788.46,785,785,3,3,18,18,,,2021-09-17,275968.21,Inactif
966,9897234471681591,0118569897234471681591,0118569897234471681591,MA640118569897234471681591,MA640118569897234471681591,DAT,MAD,2014-05-01,ACTIF,134842.09,785,785,3,3,18,18,965.0,965.0,2014-05-01,134842.09,Actif
967,9184750633448916,0117869184750633448916,0117869184750633448916,MA640117869184750633448916,MA640117869184750633448916,COURANT,MAD,2017-04-16,ACTIF,399554.89,786,786,3,3,19,19,,,2021-03-26,382159.97,Inactif
968,8045641765843346,0119298045641765843346,0119298045641765843346,MA640119298045641765843346,MA640119298045641765843346,COURANT,MAD,2005-07-02,ACTIF,57391.12,787,787,3,3,18,18,,,2019-10-31,58588.69,Inactif
969,4518386878396283,0116084518386878396283,0116084518386878396283,MA640116084518386878396283,MA640116084518386878396283,COURANT,MAD,2019-08-11,ACTIF,819194.73,788,788,3,3,19,19,,,2022-02-16,823427.25,Inactif
970,4204556560172721,0117214204556560172721,0117214204556560172721,MA640117214204556560172721,MA640117214204556560172721,DAT,MAD,2020-04-27,ACTIF,488509.58,788,788,3,3,19,19,969.0,969.0,2020-04-27,488509.58,Actif
971,5470690297859643,0117825470690297859643,0117825470690297859643,MA640117825470690297859643,MA640117825470690297859643,COURANT,MAD,2013-02-27,ACTIF,432341.62,789,789,3,3,18,18,,,2020-01-16,446797.17,Inactif
972,2666927033816097,0118692666927033816097,0118692666927033816097,MA640118692666927033816097,MA640118692666927033816097,COURANT,MAD,2014-11-06,ACTIF,3927623.02,790,790,3,3,19,19,,,2018-10-12,3912150.66,Inactif
973,6714799695954647,0113606714799695954647,0113606714799695954647,MA640113606714799695954647,MA640113606714799695954647,COURANT,MAD,2006-10-31,ACTIF,33070.36,791,791,3,3,18,18,,,2019-10-17,33548.96,Inactif
974,8748801121951646,0112148748801121951646,0112148748801121951646,MA640112148748801121951646,MA640112148748801121951646,DAT,MAD,2007-08-08,ACTIF,11655.24,791,791,3,3,18,18,973.0,973.0,2007-08-08,11655.24,Actif
975,3829562959601627,0112933829562959601627,0112933829562959601627,MA640112933829562959601627,MA640112933829562959601627,COURANT,MAD,2010-04-15,ACTIF,286455.66,792,792,3,3,19,19,,,2015-08-24,285785.61,Inactif
976,3909163215315767,0116703909163215315767,0116703909163215315767,MA640116703909163215315767,MA640116703909163215315767,COURANT,MAD,2013-05-16,ACTIF,42769.38,793,793,3,3,18,18,,,2020-07-27,43915.32,Inactif
977,6018549141157679,0115886018549141157679,0115886018549141157679,MA640115886018549141157679,MA640115886018549141157679,COURANT,MAD,2015-11-06,ACTIF,5204435.96,794,794,3,3,19,19,,,2018-06-27,5460458.11,Inactif
978,8366682075895494,0113838366682075895494,0113838366682075895494,MA640113838366682075895494,MA640113838366682075895494,COURANT,MAD,2018-12-03,ACTIF,134614.81,795,795,3,3,18,18,,,2021-10-06,140113.72,Inactif
979,3115856564120743,0116713115856564120743,0116713115856564120743,MA640116713115856564120743,MA640116713115856564120743,DAT,MAD,2019-04-07,ACTIF,80030.41,795,795,3,3,18,18,978.0,978.0,2019-04-07,80030.41,Actif
980,5944444626404158,0113975944444626404158,0113975944444626404158,MA640113975944444626404158,MA640113975944444626404158,COURANT,MAD,2021-12-31,ACTIF,297490.69,796,796,3,3,19,19,,,2024-07-13,283035.38,Faiblement actif
981,3966591721100351,0116923966591721100351,0116923966591721100351,MA640116923966591721100351,MA640116923966591721100351,COURANT,MAD,2007-02-12,ACTIF,9738189.56,797,797,3,3,18,18,,,2016-12-29,10026219.44,Inactif
982,8618977097378779,0113508618977097378779,0113508618977097378779,MA640113508618977097378779,MA640113508618977097378779,COURANT,MAD,2011-11-04,INACTIF,171145.32,798,798,3,3,19,19,,,2018-01-19,167322.64,Inactif
983,1744652452448479,0117631744652452448479,0117631744652452448479,MA640117631744652452448479,MA640117631744652452448479,COURANT,MAD,2021-03-04,ACTIF,222491.65,799,799,3,3,18,18,,,2022-12-30,227019.11,Inactif
984,2058677271563006,0116762058677271563006,0116762058677271563006,MA640116762058677271563006,MA640116762058677271563006,COURANT,MAD,2013-06-07,INACTIF,249999.58,800,800,3,3,19,19,,,2020-03-04,251421.15,Inactif
985,4323701777498672,0114584323701777498672,0114584323701777498672,MA640114584323701777498672,MA640114584323701777498672,COURANT,MAD,2018-05-31,ACTIF,244884.9,801,801,3,3,18,18,,,2019-04-09,237666.45,Inactif
986,8886774528887459,0111328886774528887459,0111328886774528887459,MA640111328886774528887459,MA640111328886774528887459,DAT,MAD,2018-12-27,ACTIF,91427.18,801,801,3,3,18,18,985.0,985.0,2018-12-27,91427.18,Actif
987,4646345479198531,0117334646345479198531,0117334646345479198531,MA640117334646345479198531,MA640117334646345479198531,COURANT,MAD,2017-07-13,ACTIF,450466.13,802,802,3,3,19,19,,,2017-12-01,461299.02,Inactif
988,5729008966063465,0117595729008966063465,0117595729008966063465,MA640117595729008966063465,MA640117595729008966063465,COURANT,MAD,2006-03-10,ACTIF,297804.46,803,803,3,3,18,18,,,2010-05-15,306236.29,Inactif
989,7182227910639392,0119467182227910639392,0119467182227910639392,MA640119467182227910639392,MA640119467182227910639392,COURANT,MAD,2021-03-05,ACTIF,1467180.17,804,804,3,3,19,19,,,2024-02-04,1454271.71,Inactif
990,4654428040578723,0116864654428040578723,0116864654428040578723,MA640116864654428040578723,MA640116864654428040578723,DAT,MAD,2021-10-25,ACTIF,607545.79,804,804,3,3,19,19,989.0,989.0,2021-10-25,580456.7,Actif
991,4570493024247900,0113794570493024247900,0113794570493024247900,MA640113794570493024247900,MA640113794570493024247900,COURANT,MAD,2006-11-15,ACTIF,7762706.17,805,805,3,3,18,18,,,2008-03-24,8028153.71,Inactif
992,8959172973611589,0118668959172973611589,0118668959172973611589,MA640118668959172973611589,MA640118668959172973611589,COURANT,MAD,2013-11-13,ACTIF,153421.77,806,806,3,3,19,19,,,2016-10-14,159907.25,Inactif
993,8040679319529942,0112098040679319529942,0112098040679319529942,MA640112098040679319529942,MA640112098040679319529942,COURANT,MAD,2012-11-09,ACTIF,330556.16,807,807,3,3,18,18,,,2024-03-07,338910.82,Inactif
994,9354406096100836,0117259354406096100836,0117259354406096100836,MA640117259354406096100836,MA640117259354406096100836,DAT,MAD,2013-07-09,ACTIF,90983.14,807,807,3,3,18,18,993.0,993.0,2013-07-09,90983.14,Actif
995,9424257088681607,0119679424257088681607,0119679424257088681607,MA640119679424257088681607,MA640119679424257088681607,COURANT,MAD,2005-07-01,INACTIF,1224880.85,808,808,3,3,19,19,,,2011-01-01,1223391.08,Inactif
996,9511564020410450,0116149511564020410450,0116149511564020410450,MA640116149511564020410450,MA640116149511564020410450,COURANT,MAD,2018-09-03,ACTIF,3277499.22,809,809,3,3,18,18,,,2019-10-20,3276129.92,Inactif
997,9630544622416290,0111549630544622416290,0111549630544622416290,MA640111549630544622416290,MA640111549630544622416290,COURANT,MAD,2015-05-27,ACTIF,326494.98,810,810,3,3,19,19,,,2024-10-14,331628.88,Actif
998,3514923750518712,0114933514923750518712,0114933514923750518712,MA640114933514923750518712,MA640114933514923750518712,DAT,MAD,2015-09-16,ACTIF,145583.87,810,810,3,3,19,19,997.0,997.0,2015-09-16,145583.87,Actif
999,6586488731832713,0113906586488731832713,0113906586488731832713,MA640113906586488731832713,MA640113906586488731832713,COURANT,MAD,2006-12-01,INACTIF,8338480.66,811,811,3,3,18,18,,,2006-12-27,8176940.87,Inactif
1000,6226252993615432,0119126226252993615432,0119126226252993615432,MA640119126226252993615432,MA640119126226252993615432,COURANT,MAD,2009-04-29,ACTIF,416111.82,812,812,3,3,19,19,,,2024-12-05,422683.2,Actif
1001,2118839369703221,0116012118839369703221,0116012118839369703221,MA640116012118839369703221,MA640116012118839369703221,COURANT,MAD,2017-11-19,ACTIF,333487.62,813,813,3,3,18,18,,,2020-08-23,346188.69,Inactif
1002,9378172655703940,0119209378172655703940,0119209378172655703940,MA640119209378172655703940,MA640119209378172655703940,COURANT,MAD,2017-11-10,ACTIF,195535.97,814,814,3,3,19,19,,,2020-10-06,191689.9,Inactif
1003,4353233286595432,0119104353233286595432,0119104353233286595432,MA640119104353233286595432,MA640119104353233286595432,COURANT,MAD,2010-09-05,ACTIF,332685.61,815,815,3,3,18,18,,,2022-06-18,334803.98,Inactif
1004,6250368135486042,0112106250368135486042,0112106250368135486042,MA640112106250368135486042,MA640112106250368135486042,COURANT,MAD,2013-09-18,ACTIF,223540.96,816,816,3,3,19,19,,,2021-04-12,219856.83,Inactif
1005,3220737949066107,0112743220737949066107,0112743220737949066107,MA640112743220737949066107,MA640112743220737949066107,COURANT,MAD,2006-06-14,ACTIF,4860789.76,817,817,3,3,18,18,,,2020-08-25,4848437.85,Inactif
1006,7906781715584148,0114927906781715584148,0114927906781715584148,MA640114927906781715584148,MA640114927906781715584148,DAT,MAD,2006-08-17,ACTIF,2788405.1,817,817,3,3,18,18,1005.0,1005.0,2006-08-17,2788405.1,Actif
1007,2152850080971862,0117802152850080971862,0117802152850080971862,MA640117802152850080971862,MA640117802152850080971862,COURANT,MAD,2015-03-28,ACTIF,9063915.97,818,818,3,3,19,19,,,2023-06-11,8875372.23,Inactif
1008,1165531228854695,0114681165531228854695,0114681165531228854695,MA640114681165531228854695,MA640114681165531228854695,COURANT,MAD,2011-06-30,INACTIF,835250.5,819,819,3,3,18,18,,,2023-02-09,854910.14,Inactif
1009,6786052052881821,0114366786052052881821,0114366786052052881821,MA640114366786052052881821,MA640114366786052052881821,DAT,MAD,2011-09-02,ACTIF,471029.02,819,819,3,3,18,18,1008.0,1008.0,2011-09-02,471029.02,Actif
1010,9952090760091442,0112019952090760091442,0112019952090760091442,MA640112019952090760091442,MA640112019952090760091442,COURANT,MAD,2012-01-21,ACTIF,278203.0,820,820,3,3,19,19,,,2022-09-03,289306.98,Inactif
1011,3284170421494990,0112823284170421494990,0112823284170421494990,MA640112823284170421494990,MA640112823284170421494990,COURANT,MAD,2012-01-27,ACTIF,268814.99,821,821,3,3,18,18,,,2014-09-04,258832.65,Inactif
1012,8656167488235087,0112638656167488235087,0112638656167488235087,MA640112638656167488235087,MA640112638656167488235087,DAT,MAD,2012-07-19,ACTIF,84610.49,821,821,3,3,18,18,1011.0,1011.0,2012-07-19,84610.49,Actif
1013,2478522748150544,0113972478522748150544,0113972478522748150544,MA640113972478522748150544,MA640113972478522748150544,COURANT,MAD,2009-02-27,ACTIF,9113835.62,822,822,3,3,19,19,,,2009-04-24,8991260.15,Inactif
1014,8747670187991358,0115068747670187991358,0115068747670187991358,MA640115068747670187991358,MA640115068747670187991358,COURANT,MAD,2013-12-11,ACTIF,5180971.13,823,823,3,3,18,18,,,2016-01-26,5317976.63,Inactif
1015,3178218714097493,0112233178218714097493,0112233178218714097493,MA640112233178218714097493,MA640112233178218714097493,COURANT,MAD,2005-08-24,INACTIF,88362.18,824,824,3,3,19,19,,,2008-01-26,85276.26,Inactif
1016,5063120351234862,0117625063120351234862,0117625063120351234862,MA640117625063120351234862,MA640117625063120351234862,COURANT,MAD,2008-11-26,ACTIF,1606253.41,825,825,3,3,18,18,,,2018-09-05,1548063.69,Inactif
1017,4990225982982115,0117394990225982982115,0117394990225982982115,MA640117394990225982982115,MA640117394990225982982115,COURANT,MAD,2020-10-05,ACTIF,96075275.07,826,826,3,3,19,19,,,2021-03-05,97601782.45,Inactif
1018,9886211061752356,0113539886211061752356,0113539886211061752356,MA640113539886211061752356,MA640113539886211061752356,COURANT,MAD,2018-01-12,ACTIF,97375.8,827,827,3,3,18,18,,,2023-02-27,95464.5,Inactif
1019,9580060987405259,0113799580060987405259,0113799580060987405259,MA640113799580060987405259,MA640113799580060987405259,COURANT,MAD,2007-03-16,INACTIF,4172066.46,828,828,3,3,19,19,,,2009-12-23,4365111.88,Inactif
1020,3007003325257745,0119143007003325257745,0119143007003325257745,MA640119143007003325257745,MA640119143007003325257745,DAT,MAD,2007-07-21,ACTIF,1933976.27,828,828,3,3,19,19,1019.0,1019.0,2007-07-21,1933976.27,Actif
1021,7944188752230991,0111637944188752230991,0111637944188752230991,MA640111637944188752230991,MA640111637944188752230991,COURANT,MAD,2021-08-11,ACTIF,3492198.68,829,829,3,3,18,18,,,2022-05-19,3388876.58,Inactif
1022,3292779741651568,0118853292779741651568,0118853292779741651568,MA640118853292779741651568,MA640118853292779741651568,DAT,MAD,2022-06-10,ACTIF,2149291.17,829,829,3,3,18,18,1021.0,1021.0,2022-06-10,2195981.55,Actif
1023,1166025326828790,0118321166025326828790,0118321166025326828790,MA640118321166025326828790,MA640118321166025326828790,COURANT,MAD,2010-04-08,INACTIF,148460.76,830,830,3,3,19,19,,,2013-07-29,153702.91,Inactif
1024,7396999220961980,0115027396999220961980,0115027396999220961980,MA640115027396999220961980,MA640115027396999220961980,COURANT,MAD,2009-04-16,ACTIF,92192451.57,831,831,3,3,18,18,,,2023-05-31,90706011.16,Inactif
1025,4397560631330685,0118754397560631330685,0118754397560631330685,MA640118754397560631330685,MA640118754397560631330685,COURANT,MAD,2008-10-11,ACTIF,29705.23,832,832,3,3,19,19,,,2014-03-14,30462.83,Inactif
1026,7015484873630865,0119337015484873630865,0119337015484873630865,MA640119337015484873630865,MA640119337015484873630865,DAT,MAD,2008-11-30,ACTIF,3493.48,832,832,3,3,19,19,1025.0,1025.0,2008-11-30,3493.48,Actif
1027,3656209597484832,0117333656209597484832,0117333656209597484832,MA640117333656209597484832,MA640117333656209597484832,COURANT,MAD,2013-05-31,INACTIF,195508.25,833,833,3,3,18,18,,,2024-06-24,203938.59,Inactif
1028,1695368482354182,0114091695368482354182,0114091695368482354182,MA640114091695368482354182,MA640114091695368482354182,COURANT,MAD,2011-05-21,ACTIF,216170.09,834,834,3,3,19,19,,,2022-07-31,206778.97,Inactif
1029,4920667716946980,0119124920667716946980,0119124920667716946980,MA640119124920667716946980,MA640119124920667716946980,COURANT,MAD,2011-03-06,ACTIF,493200.44,835,835,3,3,18,18,,,2011-08-20,493181.69,Inactif
1030,1250585090308726,0111741250585090308726,0111741250585090308726,MA640111741250585090308726,MA640111741250585090308726,COURANT,MAD,2019-08-18,INACTIF,4543759.81,836,836,3,3,19,19,,,2023-08-20,4571958.76,Inactif
1031,5626019547112451,0112405626019547112451,0112405626019547112451,MA640112405626019547112451,MA640112405626019547112451,COURANT,MAD,2021-07-12,ACTIF,1631816.25,837,837,3,3,18,18,,,2022-07-21,1705911.96,Inactif
1032,8953886337832419,0116448953886337832419,0116448953886337832419,MA640116448953886337832419,MA640116448953886337832419,COURANT,MAD,2013-11-25,INACTIF,7408415.98,838,838,3,3,19,19,,,2020-07-22,7709207.73,Inactif
1033,4139802987971118,0118264139802987971118,0118264139802987971118,MA640118264139802987971118,MA640118264139802987971118,COURANT,MAD,2011-08-05,ACTIF,220028.97,839,839,3,3,18,18,,,2023-12-13,220928.47,Inactif
1034,8738432935598586,0116238738432935598586,0116238738432935598586,MA640116238738432935598586,MA640116238738432935598586,COURANT,MAD,2021-02-14,INACTIF,198873.02,840,840,3,3,19,19,,,2023-04-05,190001.69,Inactif
1035,7166230883723200,0112707166230883723200,0112707166230883723200,MA640112707166230883723200,MA640112707166230883723200,DAT,MAD,2022-01-30,ACTIF,81124.77,840,840,3,3,19,19,1034.0,1034.0,2022-01-30,79447.71,Actif
1036,1533268446802127,0118551533268446802127,0118551533268446802127,MA640118551533268446802127,MA640118551533268446802127,COURANT,MAD,2020-11-05,ACTIF,6544008.56,841,841,3,3,18,18,,,2021-11-09,6622610.79,Inactif
1037,2061303079936079,0113362061303079936079,0113362061303079936079,MA640113362061303079936079,MA640113362061303079936079,COURANT,MAD,2010-01-13,ACTIF,9047492.35,842,842,3,3,19,19,,,2023-10-23,8649503.14,Inactif
1038,3511030520854852,0117073511030520854852,0117073511030520854852,MA640117073511030520854852,MA640117073511030520854852,COURANT,MAD,2011-12-08,ACTIF,27434.61,843,843,3,3,18,18,,,2016-03-22,27713.35,Inactif
1039,1765421956463619,0118371765421956463619,0118371765421956463619,MA640118371765421956463619,MA640118371765421956463619,DAT,MAD,2012-09-02,ACTIF,12599.77,843,843,3,3,18,18,1038.0,1038.0,2012-09-02,12599.77,Actif
1040,1044245076520752,0117711044245076520752,0117711044245076520752,MA640117711044245076520752,MA640117711044245076520752,COURANT,MAD,2006-03-06,ACTIF,167681.82,844,844,3,3,19,19,,,2016-12-05,168222.87,Inactif
1041,4792357198398820,0116794792357198398820,0116794792357198398820,MA640116794792357198398820,MA640116794792357198398820,COURANT,MAD,2005-05-18,ACTIF,5560628.32,845,845,3,3,18,18,,,2018-05-03,5813322.98,Inactif
1042,7772207465854520,0114867772207465854520,0114867772207465854520,MA640114867772207465854520,MA640114867772207465854520,COURANT,MAD,2007-03-25,ACTIF,202751.88,846,846,3,3,19,19,,,2023-01-10,209301.63,Inactif
1043,5366841287685354,0119315366841287685354,0119315366841287685354,MA640119315366841287685354,MA640119315366841287685354,COURANT,MAD,2011-12-25,ACTIF,799857.93,847,847,3,3,18,18,,,2020-01-08,827563.35,Inactif
1044,3299349731861832,0113843299349731861832,0113843299349731861832,MA640113843299349731861832,MA640113843299349731861832,COURANT,MAD,2011-03-21,ACTIF,132316.37,848,848,3,3,19,19,,,2019-07-14,138538.83,Inactif
1045,1463977153943711,0118241463977153943711,0118241463977153943711,MA640118241463977153943711,MA640118241463977153943711,COURANT,MAD,2017-03-24,ACTIF,102091.52,849,849,3,3,18,18,,,2024-02-04,100321.12,Inactif
1046,2335496013477539,0118652335496013477539,0118652335496013477539,MA640118652335496013477539,MA640118652335496013477539,COURANT,MAD,2019-05-05,ACTIF,216167.76,850,850,3,3,19,19,,,2023-12-12,207584.33,Inactif
1047,6756438340786648,0119816756438340786648,0119816756438340786648,MA640119816756438340786648,MA640119816756438340786648,DAT,MAD,2019-09-29,ACTIF,76840.59,850,850,3,3,19,19,1046.0,1046.0,2019-09-29,76840.59,Actif
1048,5498637614085386,0111105498637614085386,0111105498637614085386,MA640111105498637614085386,MA640111105498637614085386,COURANT,MAD,2008-12-01,ACTIF,203941.88,851,851,3,3,18,18,,,2014-07-25,206278.64,Inactif
1049,4500597628026540,0113424500597628026540,0113424500597628026540,MA640113424500597628026540,MA640113424500597628026540,COURANT,MAD,2005-08-30,ACTIF,442036.88,852,852,3,3,19,19,,,2015-01-29,423836.37,Inactif
1050,3667201933151102,0111403667201933151102,0111403667201933151102,MA640111403667201933151102,MA640111403667201933151102,COURANT,MAD,2017-05-29,ACTIF,5073049.26,853,853,3,3,18,18,,,2019-11-01,4856065.83,Inactif
1051,8064255393495185,0119948064255393495185,0119948064255393495185,MA640119948064255393495185,MA640119948064255393495185,COURANT,MAD,2021-05-14,ACTIF,45496.13,854,854,3,3,19,19,,,2024-07-24,46087.53,Faiblement actif
1052,5123268469474598,0119815123268469474598,0119815123268469474598,MA640119815123268469474598,MA640119815123268469474598,DAT,MAD,2021-12-10,ACTIF,28768.03,854,854,3,3,19,19,1051.0,1051.0,2021-12-10,28292.39,Actif
1053,2866001626106829,0119982866001626106829,0119982866001626106829,MA640119982866001626106829,MA640119982866001626106829,COURANT,MAD,2005-11-15,ACTIF,372153.17,855,855,3,3,18,18,,,2007-06-16,382144.95,Inactif
1054,7684630339186650,0118757684630339186650,0118757684630339186650,MA640118757684630339186650,MA640118757684630339186650,COURANT,MAD,2010-06-11,ACTIF,162001.01,856,856,3,3,19,19,,,2012-01-08,167592.63,Inactif
1055,8181172377628098,0111168181172377628098,0111168181172377628098,MA640111168181172377628098,MA640111168181172377628098,COURANT,MAD,2015-04-10,ACTIF,7612594.23,857,857,3,3,18,18,,,2019-10-15,7704366.17,Inactif
1056,5487291288042954,0118495487291288042954,0118495487291288042954,MA640118495487291288042954,MA640118495487291288042954,DAT,MAD,2015-12-17,ACTIF,1931722.51,857,857,3,3,18,18,1055.0,1055.0,2015-12-17,1931722.51,Actif
1057,4152457581477265,0111274152457581477265,0111274152457581477265,MA640111274152457581477265,MA640111274152457581477265,COURANT,MAD,2005-04-20,ACTIF,8897339.39,858,858,3,3,19,19,,,2007-06-11,8826396.55,Inactif
1058,2243923615024377,0114812243923615024377,0114812243923615024377,MA640114812243923615024377,MA640114812243923615024377,COURANT,MAD,2006-05-10,ACTIF,353967.19,859,859,3,3,18,18,,,2007-05-09,364861.62,Inactif
1059,2170967770094560,0116572170967770094560,0116572170967770094560,MA640116572170967770094560,MA640116572170967770094560,COURANT,MAD,2017-11-17,ACTIF,3115060.27,860,860,3,3,19,19,,,2018-05-22,3161278.77,Inactif
1060,8153252569809445,0115818153252569809445,0115818153252569809445,MA640115818153252569809445,MA640115818153252569809445,COURANT,MAD,2017-12-02,ACTIF,214215.07,861,861,3,3,18,18,,,2020-01-25,217112.04,Inactif
1061,1144217338135317,0119741144217338135317,0119741144217338135317,MA640119741144217338135317,MA640119741144217338135317,COURANT,MAD,2021-01-07,ACTIF,286096.64,862,862,3,3,19,19,,,2024-09-29,300312.4,Faiblement actif
1062,3859443637505344,0113613859443637505344,0113613859443637505344,MA640113613859443637505344,MA640113613859443637505344,COURANT,MAD,2013-05-02,ACTIF,201291.72,863,863,3,3,18,18,,,2020-03-19,192636.11,Inactif
1063,1890445516037713,0114691890445516037713,0114691890445516037713,MA640114691890445516037713,MA640114691890445516037713,DAT,MAD,2013-12-28,ACTIF,102646.89,863,863,3,3,18,18,1062.0,1062.0,2013-12-28,102646.89,Actif
1064,1880948511608857,0111011880948511608857,0111011880948511608857,MA640111011880948511608857,MA640111011880948511608857,COURANT,MAD,2016-05-26,ACTIF,403370.85,864,864,3,3,19,19,,,2023-06-15,391263.04,Inactif
1065,7109792286668481,0118637109792286668481,0118637109792286668481,MA640118637109792286668481,MA640118637109792286668481,COURANT,MAD,2008-07-24,ACTIF,121034.39,865,865,3,3,18,18,,,2015-05-14,119598.84,Inactif
1066,2716687741141389,0117972716687741141389,0117972716687741141389,MA640117972716687741141389,MA640117972716687741141389,COURANT,MAD,2016-09-13,ACTIF,381120.42,866,866,3,3,19,19,,,2023-05-24,368533.68,Inactif
1067,2142010575648753,0117722142010575648753,0117722142010575648753,MA640117722142010575648753,MA640117722142010575648753,COURANT,MAD,2008-07-21,ACTIF,8620189.18,867,867,3,3,18,18,,,2017-01-09,8859207.22,Inactif
1068,8506827988122067,0118768506827988122067,0118768506827988122067,MA640118768506827988122067,MA640118768506827988122067,COURANT,MAD,2018-03-26,ACTIF,5275072.72,868,868,3,3,19,19,,,2024-06-12,5510304.79,Inactif
1069,6878124359803545,0115876878124359803545,0115876878124359803545,MA640115876878124359803545,MA640115876878124359803545,COURANT,MAD,2018-06-06,ACTIF,8505024.75,869,869,3,3,18,18,,,2019-02-21,8395180.01,Inactif
1070,8154222087008862,0111868154222087008862,0111868154222087008862,MA640111868154222087008862,MA640111868154222087008862,COURANT,MAD,2018-11-22,ACTIF,211973.19,870,870,3,3,19,19,,,2021-05-24,203306.97,Inactif
1071,4727696078005286,0111424727696078005286,0111424727696078005286,MA640111424727696078005286,MA640111424727696078005286,DAT,MAD,2019-03-14,ACTIF,117886.29,870,870,3,3,19,19,1070.0,1070.0,2019-03-14,117886.29,Actif
1072,5282688155846438,0113585282688155846438,0113585282688155846438,MA640113585282688155846438,MA640113585282688155846438,COURANT,MAD,2015-01-10,INACTIF,3238802.51,871,871,3,3,18,18,,,2023-04-26,3220731.05,Inactif
1073,7123616439977062,0117607123616439977062,0117607123616439977062,MA640117607123616439977062,MA640117607123616439977062,DAT,MAD,2015-03-24,ACTIF,1579057.39,871,871,3,3,18,18,1072.0,1072.0,2015-03-24,1579057.39,Actif
1074,1410989076925145,0118021410989076925145,0118021410989076925145,MA640118021410989076925145,MA640118021410989076925145,COURANT,MAD,2019-04-12,ACTIF,143871.93,872,872,3,3,19,19,,,2023-10-17,144742.14,Inactif
1075,5668575375023119,0112095668575375023119,0112095668575375023119,MA640112095668575375023119,MA640112095668575375023119,COURANT,MAD,2016-03-03,ACTIF,24824.8,873,873,3,3,18,18,,,2019-09-30,26046.3,Inactif
1076,4200099298808499,0114334200099298808499,0114334200099298808499,MA640114334200099298808499,MA640114334200099298808499,COURANT,MAD,2005-06-07,ACTIF,361829.13,874,874,3,3,19,19,,,2014-03-17,362491.86,Inactif
1077,5102585690658233,0119475102585690658233,0119475102585690658233,MA640119475102585690658233,MA640119475102585690658233,DAT,MAD,2005-11-26,ACTIF,92221.34,874,874,3,3,19,19,1076.0,1076.0,2005-11-26,92221.34,Actif
1078,8563716752439662,0117908563716752439662,0117908563716752439662,MA640117908563716752439662,MA640117908563716752439662,COURANT,MAD,2008-10-12,ACTIF,12686328.87,875,875,3,3,18,18,,,2014-06-04,12964722.13,Inactif
1079,6643540971214909,0114216643540971214909,0114216643540971214909,MA640114216643540971214909,MA640114216643540971214909,DAT,MAD,2009-08-02,ACTIF,7243805.59,875,875,3,3,18,18,1078.0,1078.0,2009-08-02,7243805.59,Actif
1080,9521315520026524,0115799521315520026524,0115799521315520026524,MA640115799521315520026524,MA640115799521315520026524,COURANT,MAD,2015-10-11,ACTIF,183488.33,876,876,3,3,19,19,,,2024-05-20,175508.37,Inactif
1081,9709131856740305,0114679709131856740305,0114679709131856740305,MA640114679709131856740305,MA640114679709131856740305,COURANT,MAD,2015-09-01,ACTIF,243387.77,877,877,3,3,18,18,,,2023-09-23,246871.32,Inactif
1082,4790517114833340,0113734790517114833340,0113734790517114833340,MA640113734790517114833340,MA640113734790517114833340,DAT,MAD,2016-03-12,ACTIF,86693.72,877,877,3,3,18,18,1081.0,1081.0,2016-03-12,86693.72,Actif
1083,8965573565456043,0118258965573565456043,0118258965573565456043,MA640118258965573565456043,MA640118258965573565456043,COURANT,MAD,2021-03-08,INACTIF,4556738.33,878,878,3,3,19,19,,,2023-09-27,4703766.09,Inactif
1084,3211135696482450,0117013211135696482450,0117013211135696482450,MA640117013211135696482450,MA640117013211135696482450,COURANT,MAD,2021-05-23,ACTIF,437891.02,879,879,3,3,18,18,,,2022-02-24,431985.29,Inactif
1085,9940031011227937,0112439940031011227937,0112439940031011227937,MA640112439940031011227937,MA640112439940031011227937,COURANT,MAD,2019-05-16,ACTIF,232358.13,880,880,3,3,19,19,,,2022-06-24,226363.23,Inactif
1086,1913364026749735,0116061913364026749735,0116061913364026749735,MA640116061913364026749735,MA640116061913364026749735,DAT,MAD,2019-11-20,ACTIF,149973.45,880,880,3,3,19,19,1085.0,1085.0,2019-11-20,149973.45,Actif
1087,6953805759266095,0118046953805759266095,0118046953805759266095,MA640118046953805759266095,MA640118046953805759266095,COURANT,MAD,2007-01-27,ACTIF,78446822.66,881,881,3,3,18,18,,,2022-01-25,75047354.81,Inactif
1088,5169140284081712,0111235169140284081712,0111235169140284081712,MA640111235169140284081712,MA640111235169140284081712,COURANT,MAD,2005-09-15,ACTIF,8935796.59,882,882,3,3,19,19,,,2015-04-18,8677489.88,Inactif
1089,2692256949237816,0115432692256949237816,0115432692256949237816,MA640115432692256949237816,MA640115432692256949237816,COURANT,MAD,2019-07-30,INACTIF,4242541.33,883,883,3,3,18,18,,,2021-04-05,4041788.78,Inactif
1090,7308487721027897,0115247308487721027897,0115247308487721027897,MA640115247308487721027897,MA640115247308487721027897,COURANT,MAD,2012-08-24,INACTIF,735091.35,884,884,3,3,19,19,,,2015-03-23,765565.83,Inactif
1091,4250585631076233,0113364250585631076233,0113364250585631076233,MA640113364250585631076233,MA640113364250585631076233,COURANT,MAD,2015-08-23,ACTIF,5070598.68,885,885,3,3,18,18,,,2019-04-20,5090963.42,Inactif
1092,1391221072220765,0118721391221072220765,0118721391221072220765,MA640118721391221072220765,MA640118721391221072220765,COURANT,MAD,2014-12-31,INACTIF,146206.46,886,886,3,3,19,19,,,2017-09-26,151239.1,Inactif
1093,7481167498217088,0117287481167498217088,0117287481167498217088,MA640117287481167498217088,MA640117287481167498217088,COURANT,MAD,2013-11-26,INACTIF,6628129.53,887,887,3,3,18,18,,,2023-11-28,6497223.57,Inactif
1094,1765672345001576,0118941765672345001576,0118941765672345001576,MA640118941765672345001576,MA640118941765672345001576,COURANT,MAD,2009-11-17,ACTIF,341261.67,888,888,3,3,19,19,,,2014-12-25,340168.33,Inactif
1095,7713720389173618,0118587713720389173618,0118587713720389173618,MA640118587713720389173618,MA640118587713720389173618,COURANT,MAD,2007-07-06,ACTIF,234698.55,889,889,3,3,18,18,,,2020-05-15,225866.12,Inactif
1096,8078594326268796,0113898078594326268796,0113898078594326268796,MA640113898078594326268796,MA640113898078594326268796,COURANT,MAD,2005-12-28,ACTIF,288937.14,890,890,3,3,19,19,,,2008-05-08,301850.22,Inactif
1097,4289153228240107,0113954289153228240107,0113954289153228240107,MA640113954289153228240107,MA640113954289153228240107,COURANT,MAD,2013-10-12,ACTIF,685959.74,891,891,3,3,18,18,,,2019-05-01,678611.67,Inactif
1098,7846507426736740,0111997846507426736740,0111997846507426736740,MA640111997846507426736740,MA640111997846507426736740,COURANT,MAD,2012-05-04,ACTIF,36370037.59,892,892,3,3,19,19,,,2016-01-24,35512781.82,Inactif
1099,4640350242485111,0113514640350242485111,0113514640350242485111,MA640113514640350242485111,MA640113514640350242485111,COURANT,MAD,2006-04-08,ACTIF,89856127.51,893,893,3,3,18,18,,,2023-04-16,89713760.58,Inactif
1100,7294759749730869,0119257294759749730869,0119257294759749730869,MA640119257294759749730869,MA640119257294759749730869,COURANT,MAD,2020-04-16,ACTIF,422223.57,894,894,3,3,19,19,,,2020-06-13,402419.04,Inactif
1101,5230575322268787,0112415230575322268787,0112415230575322268787,MA640112415230575322268787,MA640112415230575322268787,COURANT,MAD,2019-01-21,ACTIF,392111.95,895,895,3,3,18,18,,,2020-10-16,406520.09,Inactif
1102,1362642895909776,0119561362642895909776,0119561362642895909776,MA640119561362642895909776,MA640119561362642895909776,COURANT,MAD,2012-06-27,ACTIF,105238.37,896,896,3,3,19,19,,,2015-07-28,101983.34,Inactif
1103,6395703697189880,0113536395703697189880,0113536395703697189880,MA640113536395703697189880,MA640113536395703697189880,DAT,MAD,2012-09-17,ACTIF,66357.41,896,896,3,3,19,19,1102.0,1102.0,2012-09-17,66357.41,Actif
1104,3369428920118322,0112313369428920118322,0112313369428920118322,MA640112313369428920118322,MA640112313369428920118322,COURANT,MAD,2007-08-18,ACTIF,3562176.09,897,897,3,3,18,18,,,2022-10-06,3553735.97,Inactif
1105,6875231797776492,0119026875231797776492,0119026875231797776492,MA640119026875231797776492,MA640119026875231797776492,DAT,MAD,2008-04-21,ACTIF,2310093.99,897,897,3,3,18,18,1104.0,1104.0,2008-04-21,2310093.99,Actif
1106,8523415645636710,0113048523415645636710,0113048523415645636710,MA640113048523415645636710,MA640113048523415645636710,COURANT,MAD,2015-10-12,ACTIF,7406650.74,898,898,3,3,19,19,,,2023-04-16,7669711.58,Inactif
1107,6494299024585141,0112266494299024585141,0112266494299024585141,MA640112266494299024585141,MA640112266494299024585141,DAT,MAD,2016-01-11,ACTIF,2458044.68,898,898,3,3,19,19,1106.0,1106.0,2016-01-11,2458044.68,Actif
1108,8662160192021749,0117368662160192021749,0117368662160192021749,MA640117368662160192021749,MA640117368662160192021749,COURANT,MAD,2015-10-10,ACTIF,481843.73,899,899,3,3,18,18,,,2019-04-06,470051.45,Inactif
1109,5222269138139308,0114375222269138139308,0114375222269138139308,MA640114375222269138139308,MA640114375222269138139308,COURANT,MAD,2017-01-06,INACTIF,5202249.64,900,900,3,3,19,19,,,2021-12-07,5188664.8,Inactif
1110,3069956563885207,0116483069956563885207,0116483069956563885207,MA640116483069956563885207,MA640116483069956563885207,DAT,MAD,2017-07-17,ACTIF,2739601.75,900,900,3,3,19,19,1109.0,1109.0,2017-07-17,2739601.75,Actif
1111,1805659781653148,0114771805659781653148,0114771805659781653148,MA640114771805659781653148,MA640114771805659781653148,COURANT,MAD,2013-02-15,ACTIF,267334.04,901,901,4,4,22,22,,,2015-07-07,273573.09,Inactif
1112,3455814235703214,0111323455814235703214,0111323455814235703214,MA640111323455814235703214,MA640111323455814235703214,COURANT,MAD,2011-05-20,ACTIF,8188572.99,902,902,4,4,23,23,,,2014-05-18,8155736.03,Inactif
1113,3768296899880660,0111573768296899880660,0111573768296899880660,MA640111573768296899880660,MA640111573768296899880660,COURANT,MAD,2020-04-25,ACTIF,298615.13,903,903,4,4,22,22,,,2024-06-11,309335.17,Inactif
1114,1376056276550163,0114441376056276550163,0114441376056276550163,MA640114441376056276550163,MA640114441376056276550163,COURANT,MAD,2007-06-25,ACTIF,324195.53,904,904,4,4,23,23,,,2014-07-27,328617.95,Inactif
1115,7054090238429808,0117457054090238429808,0117457054090238429808,MA640117457054090238429808,MA640117457054090238429808,COURANT,MAD,2013-10-15,ACTIF,4932008.29,905,905,4,4,22,22,,,2021-11-16,4781401.84,Inactif
1116,5806719834271143,0112345806719834271143,0112345806719834271143,MA640112345806719834271143,MA640112345806719834271143,DAT,MAD,2014-04-13,ACTIF,1757953.84,905,905,4,4,22,22,1115.0,1115.0,2014-04-13,1757953.84,Actif
1117,7474980843972118,0116007474980843972118,0116007474980843972118,MA640116007474980843972118,MA640116007474980843972118,COURANT,MAD,2019-04-30,ACTIF,143846.88,906,906,4,4,23,23,,,2022-07-11,137064.37,Inactif
1118,5108661567329492,0111345108661567329492,0111345108661567329492,MA640111345108661567329492,MA640111345108661567329492,COURANT,MAD,2017-09-02,ACTIF,39661316.34,907,907,4,4,22,22,,,2020-11-01,40485610.95,Inactif
1119,2821559262368350,0116232821559262368350,0116232821559262368350,MA640116232821559262368350,MA640116232821559262368350,COURANT,MAD,2020-06-15,ACTIF,1862202.21,908,908,4,4,23,23,,,2022-02-14,1863848.16,Inactif
1120,3790288476684613,0114733790288476684613,0114733790288476684613,MA640114733790288476684613,MA640114733790288476684613,COURANT,MAD,2011-03-22,ACTIF,7442984.22,909,909,4,4,22,22,,,2021-08-05,7464863.98,Inactif
1121,4895716797674331,0117674895716797674331,0117674895716797674331,MA640117674895716797674331,MA640117674895716797674331,COURANT,MAD,2018-02-10,ACTIF,408709.48,910,910,4,4,23,23,,,2022-05-15,423006.03,Inactif
1122,7278550531093658,0111247278550531093658,0111247278550531093658,MA640111247278550531093658,MA640111247278550531093658,COURANT,MAD,2015-09-23,INACTIF,1300705.78,911,911,4,4,22,22,,,2019-10-08,1332696.17,Inactif
1123,6826931218113001,0111946826931218113001,0111946826931218113001,MA640111946826931218113001,MA640111946826931218113001,COURANT,MAD,2006-03-19,ACTIF,73382757.88,912,912,4,4,23,23,,,2019-01-28,70603302.61,Inactif
1124,7291250914171762,0113587291250914171762,0113587291250914171762,MA640113587291250914171762,MA640113587291250914171762,COURANT,MAD,2011-06-24,ACTIF,7580045.01,913,913,4,4,22,22,,,2021-05-09,7306666.84,Inactif
1125,9971499723979159,0114699971499723979159,0114699971499723979159,MA640114699971499723979159,MA640114699971499723979159,DAT,MAD,2011-10-01,ACTIF,2283621.8,913,913,4,4,22,22,1124.0,1124.0,2011-10-01,2283621.8,Actif
1126,6291424617619768,0118026291424617619768,0118026291424617619768,MA640118026291424617619768,MA640118026291424617619768,COURANT,MAD,2011-04-28,ACTIF,7095949.48,914,914,4,4,23,23,,,2016-03-14,7399849.56,Inactif
1127,8844866849882385,0118958844866849882385,0118958844866849882385,MA640118958844866849882385,MA640118958844866849882385,COURANT,MAD,2015-07-29,ACTIF,413489.8,915,915,4,4,22,22,,,2018-05-03,416833.67,Inactif
1128,7173064984733879,0112587173064984733879,0112587173064984733879,MA640112587173064984733879,MA640112587173064984733879,COURANT,MAD,2008-06-20,ACTIF,467538.89,916,916,4,4,23,23,,,2021-04-28,484473.93,Inactif
1129,8649186665584858,0113708649186665584858,0113708649186665584858,MA640113708649186665584858,MA640113708649186665584858,COURANT,MAD,2005-06-11,INACTIF,19284296.03,917,917,4,4,22,22,,,2021-09-21,18695904.81,Inactif
1130,5755927493641697,0117195755927493641697,0117195755927493641697,MA640117195755927493641697,MA640117195755927493641697,DAT,MAD,2005-12-14,ACTIF,5752679.05,917,917,4,4,22,22,1129.0,1129.0,2005-12-14,5752679.05,Actif
1131,2556585333260029,0119962556585333260029,0119962556585333260029,MA640119962556585333260029,MA640119962556585333260029,COURANT,MAD,2012-01-07,ACTIF,180249.37,918,918,4,4,23,23,,,2022-01-29,178051.59,Inactif
1132,9841559129290770,0118459841559129290770,0118459841559129290770,MA640118459841559129290770,MA640118459841559129290770,COURANT,MAD,2016-03-18,ACTIF,4980813.95,919,919,4,4,22,22,,,2021-02-19,4940035.38,Inactif
1133,3166292838625589,0111243166292838625589,0111243166292838625589,MA640111243166292838625589,MA640111243166292838625589,COURANT,MAD,2007-01-25,ACTIF,52072.79,920,920,4,4,23,23,,,2020-07-07,54071.27,Inactif
1134,6200438923738800,0115876200438923738800,0115876200438923738800,MA640115876200438923738800,MA640115876200438923738800,DAT,MAD,2007-05-01,ACTIF,18624.97,920,920,4,4,23,23,1133.0,1133.0,2007-05-01,18624.97,Actif
1135,1408011699431177,0118271408011699431177,0118271408011699431177,MA640118271408011699431177,MA640118271408011699431177,COURANT,MAD,2007-02-24,ACTIF,233526.51,921,921,4,4,22,22,,,2013-05-10,241020.79,Inactif
1136,2084061631927225,0112012084061631927225,0112012084061631927225,MA640112012084061631927225,MA640112012084061631927225,COURANT,MAD,2016-11-02,ACTIF,461892.73,922,922,4,4,23,23,,,2023-01-12,445023.89,Inactif
1137,2823445527617011,0111062823445527617011,0111062823445527617011,MA640111062823445527617011,MA640111062823445527617011,COURANT,MAD,2008-12-24,ACTIF,9574317.29,923,923,4,4,22,22,,,2020-11-28,9716564.78,Inactif
1138,5543404088874730,0117515543404088874730,0117515543404088874730,MA640117515543404088874730,MA640117515543404088874730,COURANT,MAD,2013-04-01,INACTIF,241029.81,924,924,4,4,23,23,,,2021-03-30,237886.8,Inactif
1139,6637130875816098,0115526637130875816098,0115526637130875816098,MA640115526637130875816098,MA640115526637130875816098,COURANT,MAD,2005-03-25,ACTIF,5306298.9,925,925,4,4,22,22,,,2016-01-11,5422367.55,Inactif
1140,4076763695731725,0113224076763695731725,0113224076763695731725,MA640113224076763695731725,MA640113224076763695731725,COURANT,MAD,2011-08-28,ACTIF,314350.34,926,926,4,4,23,23,,,2021-11-25,322902.2,Inactif
1141,6613396287640642,0117226613396287640642,0117226613396287640642,MA640117226613396287640642,MA640117226613396287640642,COURANT,MAD,2020-09-21,INACTIF,7182970.56,927,927,4,4,22,22,,,2021-10-09,6910725.27,Inactif
1142,3216391519088182,0115513216391519088182,0115513216391519088182,MA640115513216391519088182,MA640115513216391519088182,COURANT,MAD,2019-02-19,ACTIF,868472.45,928,928,4,4,23,23,,,2022-01-08,872669.32,Inactif
1143,8005159361722970,0118138005159361722970,0118138005159361722970,MA640118138005159361722970,MA640118138005159361722970,DAT,MAD,2019-07-27,ACTIF,416495.15,928,928,4,4,23,23,1142.0,1142.0,2019-07-27,416495.15,Actif
1144,5607241739068348,0114915607241739068348,0114915607241739068348,MA640114915607241739068348,MA640114915607241739068348,COURANT,MAD,2021-04-30,INACTIF,9568491.43,929,929,4,4,22,22,,,2024-02-11,10023116.73,Inactif
1145,8520421086208124,0111048520421086208124,0111048520421086208124,MA640111048520421086208124,MA640111048520421086208124,COURANT,MAD,2016-09-13,ACTIF,145760.5,930,930,4,4,23,23,,,2022-12-22,148426.78,Inactif
1146,9929044686281910,0111319929044686281910,0111319929044686281910,MA640111319929044686281910,MA640111319929044686281910,DAT,MAD,2017-02-03,ACTIF,95058.82,930,930,4,4,23,23,1145.0,1145.0,2017-02-03,95058.82,Actif
1147,7268943170302971,0113387268943170302971,0113387268943170302971,MA640113387268943170302971,MA640113387268943170302971,COURANT,MAD,2018-05-05,ACTIF,358017.38,931,931,4,4,22,22,,,2020-11-22,340651.43,Inactif
1148,4693096021493731,0112974693096021493731,0112974693096021493731,MA640112974693096021493731,MA640112974693096021493731,DAT,MAD,2019-02-02,ACTIF,136113.65,931,931,4,4,22,22,1147.0,1147.0,2019-02-02,136113.65,Actif
1149,3146262870917200,0118853146262870917200,0118853146262870917200,MA640118853146262870917200,MA640118853146262870917200,COURANT,MAD,2013-12-19,ACTIF,372328.02,932,932,4,4,23,23,,,2021-06-23,361840.53,Inactif
1150,3004912565294333,0116383004912565294333,0116383004912565294333,MA640116383004912565294333,MA640116383004912565294333,COURANT,MAD,2018-07-19,ACTIF,6425121.46,933,933,4,4,22,22,,,2024-08-24,6271314.29,Faiblement actif
1151,9794064994323045,0116749794064994323045,0116749794064994323045,MA640116749794064994323045,MA640116749794064994323045,COURANT,MAD,2019-03-22,ACTIF,67081.01,934,934,4,4,23,23,,,2024-07-29,66771.55,Faiblement actif
1152,2627237280121606,0118712627237280121606,0118712627237280121606,MA640118712627237280121606,MA640118712627237280121606,DAT,MAD,2019-07-10,ACTIF,1896.62,934,934,4,4,23,23,1151.0,1151.0,2019-07-10,1896.62,Actif
1153,3415753842925059,0114553415753842925059,0114553415753842925059,MA640114553415753842925059,MA640114553415753842925059,COURANT,MAD,2019-03-11,ACTIF,5884997.91,935,935,4,4,22,22,,,2022-10-25,5879364.98,Inactif
1154,9373001579269014,0117359373001579269014,0117359373001579269014,MA640117359373001579269014,MA640117359373001579269014,COURANT,MAD,2020-06-02,ACTIF,1068293.43,936,936,4,4,23,23,,,2024-06-18,1105304.7,Inactif
1155,6979128093356597,0114696979128093356597,0114696979128093356597,MA640114696979128093356597,MA640114696979128093356597,DAT,MAD,2021-02-22,ACTIF,332614.94,936,936,4,4,23,23,1154.0,1154.0,2021-02-22,343059.29,Actif
1156,8056830182266709,0116648056830182266709,0116648056830182266709,MA640116648056830182266709,MA640116648056830182266709,COURANT,MAD,2008-06-25,INACTIF,2366437.58,937,937,4,4,22,22,,,2009-10-02,2389459.76,Inactif
1157,1899763372392045,0113891899763372392045,0113891899763372392045,MA640113891899763372392045,MA640113891899763372392045,DAT,MAD,2009-05-30,ACTIF,1559616.76,937,937,4,4,22,22,1156.0,1156.0,2009-05-30,1559616.76,Actif
1158,3966682513223739,0112243966682513223739,0112243966682513223739,MA640112243966682513223739,MA640112243966682513223739,COURANT,MAD,2020-04-27,ACTIF,2602494.73,938,938,4,4,23,23,,,2020-08-01,2529386.11,Inactif
1159,9719131756915616,0116059719131756915616,0116059719131756915616,MA640116059719131756915616,MA640116059719131756915616,DAT,MAD,2020-12-29,ACTIF,826085.37,938,938,4,4,23,23,1158.0,1158.0,2020-12-29,826085.37,Actif
1160,8263994355376919,0114488263994355376919,0114488263994355376919,MA640114488263994355376919,MA640114488263994355376919,COURANT,MAD,2008-11-06,ACTIF,5205176.0,939,939,4,4,22,22,,,2008-12-16,5463699.64,Inactif
1161,6875221433619033,0117336875221433619033,0117336875221433619033,MA640117336875221433619033,MA640117336875221433619033,COURANT,MAD,2019-08-28,ACTIF,52998.17,940,940,4,4,23,23,,,2024-09-15,51184.29,Faiblement actif
1162,6976890333888258,0112316976890333888258,0112316976890333888258,MA640112316976890333888258,MA640112316976890333888258,COURANT,MAD,2018-02-05,ACTIF,4181784.71,941,941,4,4,22,22,,,2023-09-21,4088468.49,Inactif
1163,5140140340328557,0111405140140340328557,0111405140140340328557,MA640111405140140340328557,MA640111405140140340328557,COURANT,MAD,2013-03-11,ACTIF,4104521.95,942,942,4,4,23,23,,,2019-04-04,4116854.89,Inactif
1164,4479599063870443,0117984479599063870443,0117984479599063870443,MA640117984479599063870443,MA640117984479599063870443,DAT,MAD,2013-05-03,ACTIF,1343227.56,942,942,4,4,23,23,1163.0,1163.0,2013-05-03,1343227.56,Actif
1165,9890569435954866,0113679890569435954866,0113679890569435954866,MA640113679890569435954866,MA640113679890569435954866,COURANT,MAD,2012-07-09,ACTIF,130110.2,943,943,4,4,22,22,,,2019-02-26,127643.97,Inactif
1166,6068857470281541,0119026068857470281541,0119026068857470281541,MA640119026068857470281541,MA640119026068857470281541,COURANT,MAD,2015-08-25,ACTIF,5782543.65,944,944,4,4,23,23,,,2018-07-10,5540558.46,Inactif
1167,6629966685650456,0118116629966685650456,0118116629966685650456,MA640118116629966685650456,MA640118116629966685650456,COURANT,MAD,2007-05-01,INACTIF,447731.33,945,945,4,4,22,22,,,2018-10-14,430853.5,Inactif
1168,5223368469930717,0116455223368469930717,0116455223368469930717,MA640116455223368469930717,MA640116455223368469930717,COURANT,MAD,2014-10-30,INACTIF,349754.3,946,946,4,4,23,23,,,2017-11-11,362756.45,Inactif
1169,7143551396047846,0115477143551396047846,0115477143551396047846,MA640115477143551396047846,MA640115477143551396047846,COURANT,MAD,2012-05-03,ACTIF,951826.59,947,947,4,4,22,22,,,2015-09-23,949828.15,Inactif
1170,8772061570400210,0117688772061570400210,0117688772061570400210,MA640117688772061570400210,MA640117688772061570400210,COURANT,MAD,2021-10-20,ACTIF,50365.78,948,948,4,4,23,23,,,2024-10-25,48163.18,Actif
1171,3148928447411802,0111743148928447411802,0111743148928447411802,MA640111743148928447411802,MA640111743148928447411802,COURANT,MAD,2009-06-29,INACTIF,3238607.84,949,949,4,4,22,22,,,2022-05-22,3337559.34,Inactif
1172,9021335879999514,0117869021335879999514,0117869021335879999514,MA640117869021335879999514,MA640117869021335879999514,COURANT,MAD,2012-08-30,ACTIF,4368485.04,950,950,4,4,23,23,,,2015-12-19,4387984.07,Inactif
1173,4629344169108933,0111144629344169108933,0111144629344169108933,MA640111144629344169108933,MA640111144629344169108933,COURANT,MAD,2006-07-03,ACTIF,2543793.15,951,951,4,4,22,22,,,2006-07-25,2433514.29,Inactif
1174,7831156870002897,0119217831156870002897,0119217831156870002897,MA640119217831156870002897,MA640119217831156870002897,COURANT,MAD,2009-07-09,ACTIF,296644.36,952,952,4,4,23,23,,,2017-11-21,292621.59,Inactif
1175,2873166316734269,0117032873166316734269,0117032873166316734269,MA640117032873166316734269,MA640117032873166316734269,COURANT,MAD,2005-10-30,ACTIF,9858927.81,953,953,4,4,22,22,,,2024-07-11,9551324.63,Faiblement actif
1176,3134537573031725,0118423134537573031725,0118423134537573031725,MA640118423134537573031725,MA640118423134537573031725,COURANT,MAD,2010-03-22,ACTIF,389829.93,954,954,4,4,23,23,,,2014-11-22,386659.3,Inactif
1177,3477542019712717,0115953477542019712717,0115953477542019712717,MA640115953477542019712717,MA640115953477542019712717,COURANT,MAD,2015-04-01,ACTIF,63315.86,955,955,4,4,22,22,,,2016-12-23,60523.1,Inactif
1178,8732380656832109,0116188732380656832109,0116188732380656832109,MA640116188732380656832109,MA640116188732380656832109,COURANT,MAD,2015-09-15,ACTIF,5570409.5,956,956,4,4,23,23,,,2024-07-15,5357821.13,Faiblement actif
1179,6212479261090978,0118946212479261090978,0118946212479261090978,MA640118946212479261090978,MA640118946212479261090978,COURANT,MAD,2021-01-11,ACTIF,2470346.65,957,957,4,4,22,22,,,2021-02-20,2407757.78,Inactif
1180,5478099375915047,0119965478099375915047,0119965478099375915047,MA640119965478099375915047,MA640119965478099375915047,DAT,MAD,2021-02-10,ACTIF,1267014.18,957,957,4,4,22,22,1179.0,1179.0,2021-02-10,1235273.38,Actif
1181,3758702514137416,0118143758702514137416,0118143758702514137416,MA640118143758702514137416,MA640118143758702514137416,COURANT,MAD,2011-06-05,ACTIF,5940994.84,958,958,4,4,23,23,,,2015-12-17,5775380.22,Inactif
1182,9547958964447074,0119419547958964447074,0119419547958964447074,MA640119419547958964447074,MA640119419547958964447074,DAT,MAD,2011-11-07,ACTIF,2189861.75,958,958,4,4,23,23,1181.0,1181.0,2011-11-07,2189861.75,Actif
1183,8195486445831783,0115448195486445831783,0115448195486445831783,MA640115448195486445831783,MA640115448195486445831783,COURANT,MAD,2006-10-06,ACTIF,123794.44,959,959,4,4,22,22,,,2020-08-03,128883.91,Inactif
1184,6921561013706170,0119866921561013706170,0119866921561013706170,MA640119866921561013706170,MA640119866921561013706170,DAT,MAD,2007-06-20,ACTIF,48702.57,959,959,4,4,22,22,1183.0,1183.0,2007-06-20,48702.57,Actif
1185,1334121476937021,0111451334121476937021,0111451334121476937021,MA640111451334121476937021,MA640111451334121476937021,COURANT,MAD,2015-09-04,ACTIF,369501.68,960,960,4,4,23,23,,,2018-09-23,372647.59,Inactif
1186,4728280989356649,0111524728280989356649,0111524728280989356649,MA640111524728280989356649,MA640111524728280989356649,COURANT,MAD,2017-01-13,ACTIF,22086478.99,961,961,4,4,22,22,,,2017-12-03,21159345.11,Inactif
1187,3643757162011959,0113903643757162011959,0113903643757162011959,MA640113903643757162011959,MA640113903643757162011959,DAT,MAD,2017-07-20,ACTIF,6435171.68,961,961,4,4,22,22,1186.0,1186.0,2017-07-20,6435171.68,Actif
1188,6121434341992349,0119676121434341992349,0119676121434341992349,MA640119676121434341992349,MA640119676121434341992349,COURANT,MAD,2021-08-20,ACTIF,4207068.5,962,962,4,4,23,23,,,2024-06-16,4040919.77,Inactif
1189,2064826658021410,0119952064826658021410,0119952064826658021410,MA640119952064826658021410,MA640119952064826658021410,DAT,MAD,2021-12-23,ACTIF,1435143.01,962,962,4,4,23,23,1188.0,1188.0,2021-12-23,1381457.78,Actif
1190,1083366753625385,0114081083366753625385,0114081083366753625385,MA640114081083366753625385,MA640114081083366753625385,COURANT,MAD,2005-08-29,INACTIF,446557.38,963,963,4,4,22,22,,,2011-05-18,453930.39,Inactif
1191,7703804551286202,0116527703804551286202,0116527703804551286202,MA640116527703804551286202,MA640116527703804551286202,COURANT,MAD,2014-11-17,ACTIF,139434.35,964,964,4,4,23,23,,,2015-08-18,146139.87,Inactif
1192,9425750418525488,0113399425750418525488,0113399425750418525488,MA640113399425750418525488,MA640113399425750418525488,DAT,MAD,2015-06-20,ACTIF,81943.38,964,964,4,4,23,23,1191.0,1191.0,2015-06-20,81943.38,Actif
1193,7718535273099236,0116157718535273099236,0116157718535273099236,MA640116157718535273099236,MA640116157718535273099236,COURANT,MAD,2006-12-17,ACTIF,129092.81,965,965,4,4,22,22,,,2010-11-04,128774.42,Inactif
1194,3936720987341866,0113093936720987341866,0113093936720987341866,MA640113093936720987341866,MA640113093936720987341866,COURANT,MAD,2015-02-27,ACTIF,5007636.68,966,966,4,4,23,23,,,2024-11-27,5248097.11,Actif
1195,3136948426464887,0119603136948426464887,0119603136948426464887,MA640119603136948426464887,MA640119603136948426464887,DAT,MAD,2015-12-22,ACTIF,1884252.22,966,966,4,4,23,23,1194.0,1194.0,2015-12-22,1884252.22,Actif
1196,2649852938403396,0115722649852938403396,0115722649852938403396,MA640115722649852938403396,MA640115722649852938403396,COURANT,MAD,2015-03-13,ACTIF,3209028.25,967,967,4,4,22,22,,,2024-11-07,3146859.44,Actif
1197,4470434057124706,0116234470434057124706,0116234470434057124706,MA640116234470434057124706,MA640116234470434057124706,COURANT,MAD,2014-05-21,ACTIF,247345.89,968,968,4,4,23,23,,,2019-02-03,239562.62,Inactif
1198,9949018145690986,0114729949018145690986,0114729949018145690986,MA640114729949018145690986,MA640114729949018145690986,DAT,MAD,2014-07-26,ACTIF,85253.59,968,968,4,4,23,23,1197.0,1197.0,2014-07-26,85253.59,Actif
1199,6098535762423804,0118126098535762423804,0118126098535762423804,MA640118126098535762423804,MA640118126098535762423804,COURANT,MAD,2017-02-12,ACTIF,1193583.54,969,969,4,4,22,22,,,2017-03-12,1235971.05,Inactif
1200,5162315759738823,0115115162315759738823,0115115162315759738823,MA640115115162315759738823,MA640115115162315759738823,COURANT,MAD,2013-11-26,ACTIF,3659507.45,970,970,4,4,23,23,,,2018-11-02,3721461.42,Inactif
1201,6361978759988419,0118696361978759988419,0118696361978759988419,MA640118696361978759988419,MA640118696361978759988419,DAT,MAD,2014-08-13,ACTIF,2272547.9,970,970,4,4,23,23,1200.0,1200.0,2014-08-13,2272547.9,Actif
1202,4378366374512815,0115104378366374512815,0115104378366374512815,MA640115104378366374512815,MA640115104378366374512815,COURANT,MAD,2020-04-17,ACTIF,409128.68,971,971,4,4,22,22,,,2022-07-03,388870.71,Inactif
1203,9600143928747306,0114509600143928747306,0114509600143928747306,MA640114509600143928747306,MA640114509600143928747306,COURANT,MAD,2009-09-18,ACTIF,87605.27,972,972,4,4,23,23,,,2022-11-10,85968.39,Inactif
1204,8693713593645168,0113948693713593645168,0113948693713593645168,MA640113948693713593645168,MA640113948693713593645168,COURANT,MAD,2013-03-13,ACTIF,2286254.5,973,973,4,4,22,22,,,2024-11-04,2382218.44,Actif
1205,8493532477280561,0117078493532477280561,0117078493532477280561,MA640117078493532477280561,MA640117078493532477280561,DAT,MAD,2013-06-19,ACTIF,988232.76,973,973,4,4,22,22,1204.0,1204.0,2013-06-19,988232.76,Actif
1206,2902444932362187,0113822902444932362187,0113822902444932362187,MA640113822902444932362187,MA640113822902444932362187,COURANT,MAD,2019-02-20,ACTIF,165601.3,974,974,4,4,23,23,,,2019-03-12,161979.12,Inactif
1207,1544820665586819,0114701544820665586819,0114701544820665586819,MA640114701544820665586819,MA640114701544820665586819,DAT,MAD,2019-12-30,ACTIF,80785.73,974,974,4,4,23,23,1206.0,1206.0,2019-12-30,80785.73,Actif
1208,4115992596618051,0119024115992596618051,0119024115992596618051,MA640119024115992596618051,MA640119024115992596618051,COURANT,MAD,2021-09-15,ACTIF,341168.11,975,975,4,4,22,22,,,2024-08-27,331246.13,Faiblement actif
1209,1828169960989790,0111351828169960989790,0111351828169960989790,MA640111351828169960989790,MA640111351828169960989790,DAT,MAD,2022-03-05,ACTIF,104585.42,975,975,4,4,22,22,1208.0,1208.0,2022-03-05,99379.27,Actif
1210,3713469788404125,0115423713469788404125,0115423713469788404125,MA640115423713469788404125,MA640115423713469788404125,COURANT,MAD,2017-11-03,INACTIF,274011.2,976,976,4,4,23,23,,,2018-04-05,271660.81,Inactif
1211,4317482517463809,0113634317482517463809,0113634317482517463809,MA640113634317482517463809,MA640113634317482517463809,DAT,MAD,2018-01-16,ACTIF,127189.94,976,976,4,4,23,23,1210.0,1210.0,2018-01-16,127189.94,Actif
1212,4208681242455784,0116804208681242455784,0116804208681242455784,MA640116804208681242455784,MA640116804208681242455784,COURANT,MAD,2017-08-30,ACTIF,101020.42,977,977,4,4,22,22,,,2017-11-19,98784.67,Inactif
1213,1287927063752009,0117841287927063752009,0117841287927063752009,MA640117841287927063752009,MA640117841287927063752009,COURANT,MAD,2014-12-02,ACTIF,60458.96,978,978,4,4,23,23,,,2018-11-19,60547.44,Inactif
1214,4886269857711604,0112364886269857711604,0112364886269857711604,MA640112364886269857711604,MA640112364886269857711604,COURANT,MAD,2017-04-07,ACTIF,174853.38,979,979,4,4,22,22,,,2018-12-26,180807.96,Inactif
1215,5649867271045275,0113595649867271045275,0113595649867271045275,MA640113595649867271045275,MA640113595649867271045275,COURANT,MAD,2017-04-22,ACTIF,30338.16,980,980,4,4,23,23,,,2023-03-05,30614.05,Inactif
1216,8331067636805812,0116858331067636805812,0116858331067636805812,MA640116858331067636805812,MA640116858331067636805812,DAT,MAD,2018-01-08,ACTIF,11697.61,980,980,4,4,23,23,1215.0,1215.0,2018-01-08,11697.61,Actif
1217,9814491842418399,0111919814491842418399,0111919814491842418399,MA640111919814491842418399,MA640111919814491842418399,COURANT,MAD,2014-05-12,ACTIF,6536652.48,981,981,4,4,22,22,,,2018-01-15,6624948.57,Inactif
1218,9818776937290989,0113539818776937290989,0113539818776937290989,MA640113539818776937290989,MA640113539818776937290989,COURANT,MAD,2017-10-12,ACTIF,4299718.21,982,982,4,4,23,23,,,2023-11-12,4456626.49,Inactif
1219,4359953319165963,0117804359953319165963,0117804359953319165963,MA640117804359953319165963,MA640117804359953319165963,COURANT,MAD,2011-03-27,INACTIF,7134849.3,983,983,4,4,22,22,,,2021-08-21,7218763.17,Inactif
1220,2646407190531418,0111472646407190531418,0111472646407190531418,MA640111472646407190531418,MA640111472646407190531418,COURANT,MAD,2005-02-25,INACTIF,3337505.49,984,984,4,4,23,23,,,2018-12-09,3357242.66,Inactif
1221,4539817866984581,0112324539817866984581,0112324539817866984581,MA640112324539817866984581,MA640112324539817866984581,COURANT,MAD,2019-08-24,ACTIF,77716434.62,985,985,4,4,22,22,,,2024-11-18,77623408.69,Actif
1222,8944497236296768,0112728944497236296768,0112728944497236296768,MA640112728944497236296768,MA640112728944497236296768,COURANT,MAD,2021-01-08,ACTIF,318741.2,986,986,4,4,23,23,,,2023-03-24,320503.65,Inactif
1223,2569308875128666,0119562569308875128666,0119562569308875128666,MA640119562569308875128666,MA640119562569308875128666,COURANT,MAD,2010-01-30,ACTIF,3816487.89,987,987,4,4,22,22,,,2023-04-24,3788217.26,Inactif
1224,9136316916524543,0118449136316916524543,0118449136316916524543,MA640118449136316916524543,MA640118449136316916524543,DAT,MAD,2010-12-15,ACTIF,1596646.55,987,987,4,4,22,22,1223.0,1223.0,2010-12-15,1596646.55,Actif
1225,7636438420345276,0117707636438420345276,0117707636438420345276,MA640117707636438420345276,MA640117707636438420345276,COURANT,MAD,2009-10-14,ACTIF,995513.0,988,988,4,4,23,23,,,2023-05-24,985483.37,Inactif
1226,2707341011211767,0118582707341011211767,0118582707341011211767,MA640118582707341011211767,MA640118582707341011211767,COURANT,MAD,2020-02-12,ACTIF,99683996.14,989,989,4,4,22,22,,,2021-03-02,104063322.63,Inactif
1227,5903382995488872,0118945903382995488872,0118945903382995488872,MA640118945903382995488872,MA640118945903382995488872,COURANT,MAD,2012-12-13,ACTIF,1672569.86,990,990,4,4,23,23,,,2014-08-21,1626326.03,Inactif
1228,5090231346327630,0112755090231346327630,0112755090231346327630,MA640112755090231346327630,MA640112755090231346327630,COURANT,MAD,2005-12-31,ACTIF,450023.27,991,991,4,4,22,22,,,2015-05-09,446557.91,Inactif
1229,9484837741651456,0113229484837741651456,0113229484837741651456,MA640113229484837741651456,MA640113229484837741651456,COURANT,MAD,2021-07-27,ACTIF,10291197.66,992,992,4,4,23,23,,,2024-12-10,10330746.26,Actif
1230,2764648461440401,0118492764648461440401,0118492764648461440401,MA640118492764648461440401,MA640118492764648461440401,COURANT,MAD,2015-09-10,ACTIF,4300104.21,993,993,4,4,22,22,,,2017-02-16,4279030.12,Inactif
1231,1194528441543524,0113831194528441543524,0113831194528441543524,MA640113831194528441543524,MA640113831194528441543524,DAT,MAD,2015-11-25,ACTIF,2513218.12,993,993,4,4,22,22,1230.0,1230.0,2015-11-25,2513218.12,Actif
1232,8989984180739836,0119758989984180739836,0119758989984180739836,MA640119758989984180739836,MA640119758989984180739836,COURANT,MAD,2015-10-13,ACTIF,31558.85,994,994,4,4,23,23,,,2018-12-18,32306.28,Inactif
1233,5650982316612943,0112945650982316612943,0112945650982316612943,MA640112945650982316612943,MA640112945650982316612943,COURANT,MAD,2007-03-12,ACTIF,1103304.25,995,995,4,4,22,22,,,2018-02-18,1152717.17,Inactif
1234,4311847834708995,0113174311847834708995,0113174311847834708995,MA640113174311847834708995,MA640113174311847834708995,DAT,MAD,2008-02-12,ACTIF,576982.9,995,995,4,4,22,22,1233.0,1233.0,2008-02-12,576982.9,Actif
1235,9161799072495884,0116789161799072495884,0116789161799072495884,MA640116789161799072495884,MA640116789161799072495884,COURANT,MAD,2020-05-13,ACTIF,260168.23,996,996,4,4,23,23,,,2020-07-02,271861.63,Inactif
1236,9317951811613919,0111249317951811613919,0111249317951811613919,MA640111249317951811613919,MA640111249317951811613919,COURANT,MAD,2011-12-06,ACTIF,154628.56,997,997,4,4,22,22,,,2022-06-05,149684.22,Inactif
1237,4241709127343433,0118064241709127343433,0118064241709127343433,MA640118064241709127343433,MA640118064241709127343433,COURANT,MAD,2011-07-31,ACTIF,91075.67,998,998,4,4,23,23,,,2022-07-18,95206.06,Inactif
1238,6339676918706917,0115516339676918706917,0115516339676918706917,MA640115516339676918706917,MA640115516339676918706917,COURANT,MAD,2006-11-02,ACTIF,247311.82,999,999,4,4,22,22,,,2016-08-25,245724.91,Inactif
1239,2432630748668201,0116702432630748668201,0116702432630748668201,MA640116702432630748668201,MA640116702432630748668201,COURANT,MAD,2007-10-18,ACTIF,9475434.67,1000,1000,4,4,23,23,,,2018-04-18,9067754.33,Inactif
1240,4316025387859399,0117994316025387859399,0117994316025387859399,MA640117994316025387859399,MA640117994316025387859399,COURANT,MAD,2010-02-02,ACTIF,197868.78,1001,1001,4,4,22,22,,,2014-12-16,200216.45,Inactif
1241,1684568128634240,0115731684568128634240,0115731684568128634240,MA640115731684568128634240,MA640115731684568128634240,COURANT,MAD,2017-07-06,INACTIF,435631.07,1002,1002,4,4,23,23,,,2018-04-14,430389.9,Inactif
1242,3987464295441352,0119743987464295441352,0119743987464295441352,MA640119743987464295441352,MA640119743987464295441352,COURANT,MAD,2010-04-30,ACTIF,10723971.01,1003,1003,4,4,22,22,,,2015-12-04,10366677.2,Inactif
1243,9644078854367338,0117279644078854367338,0117279644078854367338,MA640117279644078854367338,MA640117279644078854367338,COURANT,MAD,2020-07-31,ACTIF,238912.13,1004,1004,4,4,23,23,,,2023-05-29,250313.96,Inactif
1244,1937789527662714,0116781937789527662714,0116781937789527662714,MA640116781937789527662714,MA640116781937789527662714,COURANT,MAD,2020-05-10,INACTIF,167458.93,1005,1005,4,4,22,22,,,2023-09-26,168607.72,Inactif
1245,2502193490599649,0115602502193490599649,0115602502193490599649,MA640115602502193490599649,MA640115602502193490599649,DAT,MAD,2020-09-30,ACTIF,58540.32,1005,1005,4,4,22,22,1244.0,1244.0,2020-09-30,58540.32,Actif
1246,4253711586149672,0117134253711586149672,0117134253711586149672,MA640117134253711586149672,MA640117134253711586149672,COURANT,MAD,2009-06-30,ACTIF,59272.91,1006,1006,4,4,23,23,,,2017-08-17,58272.52,Inactif
1247,2202218366562358,0111862202218366562358,0111862202218366562358,MA640111862202218366562358,MA640111862202218366562358,COURANT,MAD,2015-12-12,ACTIF,48329.39,1007,1007,4,4,22,22,,,2023-07-01,47390.47,Inactif
1248,5364794990267569,0117695364794990267569,0117695364794990267569,MA640117695364794990267569,MA640117695364794990267569,COURANT,MAD,2005-07-14,ACTIF,8349009.49,1008,1008,4,4,23,23,,,2007-07-11,8193049.37,Inactif
1249,4584226348936750,0115014584226348936750,0115014584226348936750,MA640115014584226348936750,MA640115014584226348936750,COURANT,MAD,2013-12-11,ACTIF,5434802.96,1009,1009,4,4,22,22,,,2016-10-04,5448206.31,Inactif
1250,6615711088952166,0119276615711088952166,0119276615711088952166,MA640119276615711088952166,MA640119276615711088952166,DAT,MAD,2014-10-25,ACTIF,2923383.35,1009,1009,4,4,22,22,1249.0,1249.0,2014-10-25,2923383.35,Actif
1251,1100066094763944,0118241100066094763944,0118241100066094763944,MA640118241100066094763944,MA640118241100066094763944,COURANT,MAD,2020-07-19,ACTIF,83407.03,1010,1010,4,4,23,23,,,2020-11-11,87132.88,Inactif
1252,7713918142074883,0115077713918142074883,0115077713918142074883,MA640115077713918142074883,MA640115077713918142074883,DAT,MAD,2021-04-01,ACTIF,13358.63,1010,1010,4,4,23,23,1251.0,1251.0,2021-04-01,13202.98,Actif
1253,9418134278084751,0119679418134278084751,0119679418134278084751,MA640119679418134278084751,MA640119679418134278084751,COURANT,MAD,2014-04-27,ACTIF,162974.36,1011,1011,4,4,22,22,,,2024-06-09,158896.11,Inactif
1254,9074334539299635,0111579074334539299635,0111579074334539299635,MA640111579074334539299635,MA640111579074334539299635,COURANT,MAD,2009-08-24,ACTIF,274956.71,1012,1012,4,4,23,23,,,2013-11-14,288378.62,Inactif
1255,6677351038414751,0117816677351038414751,0117816677351038414751,MA640117816677351038414751,MA640117816677351038414751,COURANT,MAD,2009-06-02,ACTIF,14942.23,1013,1013,4,4,22,22,,,2023-08-22,15612.8,Inactif
1256,7386674669853645,0117607386674669853645,0117607386674669853645,MA640117607386674669853645,MA640117607386674669853645,DAT,MAD,2010-02-04,ACTIF,9606.45,1013,1013,4,4,22,22,1255.0,1255.0,2010-02-04,9606.45,Actif
1257,6545713826186057,0116646545713826186057,0116646545713826186057,MA640116646545713826186057,MA640116646545713826186057,COURANT,MAD,2006-11-21,ACTIF,442930.85,1014,1014,4,4,23,23,,,2017-08-22,463991.99,Inactif
1258,4680487566526786,0113964680487566526786,0113964680487566526786,MA640113964680487566526786,MA640113964680487566526786,COURANT,MAD,2012-03-03,ACTIF,482143.87,1015,1015,4,4,22,22,,,2017-01-10,473329.59,Inactif
1259,9994638665446571,0118789994638665446571,0118789994638665446571,MA640118789994638665446571,MA640118789994638665446571,COURANT,MAD,2009-10-22,INACTIF,410922.47,1016,1016,4,4,23,23,,,2021-08-28,397888.6,Inactif
1260,3693696354680668,0118523693696354680668,0118523693696354680668,MA640118523693696354680668,MA640118523693696354680668,COURANT,MAD,2012-08-15,ACTIF,37203.69,1017,1017,4,4,22,22,,,2015-05-03,37654.78,Inactif
1261,7907831159184207,0119377907831159184207,0119377907831159184207,MA640119377907831159184207,MA640119377907831159184207,COURANT,MAD,2005-09-27,INACTIF,32044634.52,1018,1018,4,4,23,23,,,2008-03-01,32479341.29,Inactif
1262,8601015858443297,0114678601015858443297,0114678601015858443297,MA640114678601015858443297,MA640114678601015858443297,COURANT,MAD,2016-12-15,ACTIF,5047005.56,1019,1019,4,4,22,22,,,2023-06-17,4970772.86,Inactif
1263,4069104739384006,0118874069104739384006,0118874069104739384006,MA640118874069104739384006,MA640118874069104739384006,COURANT,MAD,2016-10-03,ACTIF,224809.83,1020,1020,4,4,23,23,,,2021-10-10,232410.94,Inactif
1264,4439827195554087,0116284439827195554087,0116284439827195554087,MA640116284439827195554087,MA640116284439827195554087,COURANT,MAD,2021-07-15,ACTIF,286837.6,1021,1021,4,4,22,22,,,2022-04-27,294894.14,Inactif
1265,4564356155434240,0111944564356155434240,0111944564356155434240,MA640111944564356155434240,MA640111944564356155434240,COURANT,MAD,2014-06-25,ACTIF,1921714.7,1022,1022,4,4,23,23,,,2018-06-10,1937893.39,Inactif
1266,2751028040850239,0117562751028040850239,0117562751028040850239,MA640117562751028040850239,MA640117562751028040850239,COURANT,MAD,2015-04-30,ACTIF,3745834.73,1023,1023,4,4,22,22,,,2020-10-05,3907424.85,Inactif
1267,3481490993057632,0111583481490993057632,0111583481490993057632,MA640111583481490993057632,MA640111583481490993057632,COURANT,MAD,2012-02-26,ACTIF,99825.8,1024,1024,4,4,23,23,,,2022-09-26,100940.09,Inactif
1268,3401663189233755,0112583401663189233755,0112583401663189233755,MA640112583401663189233755,MA640112583401663189233755,DAT,MAD,2012-12-01,ACTIF,12466.4,1024,1024,4,4,23,23,1267.0,1267.0,2012-12-01,12466.4,Actif
1269,9568113929945410,0114709568113929945410,0114709568113929945410,MA640114709568113929945410,MA640114709568113929945410,COURANT,MAD,2010-02-08,ACTIF,4083061.39,1025,1025,4,4,22,22,,,2017-02-01,4017757.34,Inactif
1270,3230639491517881,0112563230639491517881,0112563230639491517881,MA640112563230639491517881,MA640112563230639491517881,DAT,MAD,2011-01-14,ACTIF,1556629.55,1025,1025,4,4,22,22,1269.0,1269.0,2011-01-14,1556629.55,Actif
1271,5101854586204237,0117835101854586204237,0117835101854586204237,MA640117835101854586204237,MA640117835101854586204237,COURANT,MAD,2008-05-26,ACTIF,47686194.62,1026,1026,4,4,23,23,,,2017-03-28,45629534.87,Inactif
1272,6805156996759860,0115716805156996759860,0115716805156996759860,MA640115716805156996759860,MA640115716805156996759860,DAT,MAD,2008-07-08,ACTIF,16471980.82,1026,1026,4,4,23,23,1271.0,1271.0,2008-07-08,16471980.82,Actif
1273,1730617083252007,0117171730617083252007,0117171730617083252007,MA640117171730617083252007,MA640117171730617083252007,COURANT,MAD,2012-09-03,ACTIF,335469.3,1027,1027,4,4,22,22,,,2023-03-02,333271.58,Inactif
1274,7145928093711907,0115127145928093711907,0115127145928093711907,MA640115127145928093711907,MA640115127145928093711907,COURANT,MAD,2005-01-31,INACTIF,499367.08,1028,1028,4,4,23,23,,,2005-08-15,521636.76,Inactif
1275,6263106060638442,0115416263106060638442,0115416263106060638442,MA640115416263106060638442,MA640115416263106060638442,COURANT,MAD,2013-02-03,ACTIF,255361.03,1029,1029,4,4,22,22,,,2020-01-06,254373.84,Inactif
1276,9506485751513109,0116789506485751513109,0116789506485751513109,MA640116789506485751513109,MA640116789506485751513109,COURANT,MAD,2006-06-02,ACTIF,9299920.42,1030,1030,4,4,23,23,,,2011-02-19,9585791.24,Inactif
1277,1220116681051847,0118461220116681051847,0118461220116681051847,MA640118461220116681051847,MA640118461220116681051847,COURANT,MAD,2016-08-03,ACTIF,8800084.4,1031,1031,4,4,22,22,,,2020-04-03,8432998.88,Inactif
1278,3474466460600566,0115883474466460600566,0115883474466460600566,MA640115883474466460600566,MA640115883474466460600566,COURANT,MAD,2018-03-10,INACTIF,78925837.83,1032,1032,4,4,23,23,,,2022-06-14,80006272.38,Inactif
1279,7011959631319091,0114357011959631319091,0114357011959631319091,MA640114357011959631319091,MA640114357011959631319091,COURANT,MAD,2009-10-15,INACTIF,21860798.46,1033,1033,4,4,22,22,,,2020-09-23,21891187.86,Inactif
1280,9130084332232750,0116539130084332232750,0116539130084332232750,MA640116539130084332232750,MA640116539130084332232750,COURANT,MAD,2006-10-03,ACTIF,7206616.66,1034,1034,4,4,23,23,,,2017-05-17,7325870.54,Inactif
1281,4399940595635415,0113464399940595635415,0113464399940595635415,MA640113464399940595635415,MA640113464399940595635415,COURANT,MAD,2016-10-04,INACTIF,2100526.79,1035,1035,4,4,22,22,,,2019-07-30,2160314.83,Inactif
1282,2414053016170371,0115072414053016170371,0115072414053016170371,MA640115072414053016170371,MA640115072414053016170371,DAT,MAD,2017-06-04,ACTIF,677244.27,1035,1035,4,4,22,22,1281.0,1281.0,2017-06-04,677244.27,Actif
1283,6185302721668101,0117136185302721668101,0117136185302721668101,MA640117136185302721668101,MA640117136185302721668101,COURANT,MAD,2011-12-10,ACTIF,179951.83,1036,1036,4,4,23,23,,,2024-03-15,185214.57,Inactif
1284,7978696980031796,0118757978696980031796,0118757978696980031796,MA640118757978696980031796,MA640118757978696980031796,COURANT,MAD,2011-01-13,ACTIF,197579.2,1037,1037,4,4,22,22,,,2021-08-05,189914.02,Inactif
1285,4363229991077021,0113784363229991077021,0113784363229991077021,MA640113784363229991077021,MA640113784363229991077021,DAT,MAD,2011-05-09,ACTIF,61455.76,1037,1037,4,4,22,22,1284.0,1284.0,2011-05-09,61455.76,Actif
1286,4299199797242936,0118724299199797242936,0118724299199797242936,MA640118724299199797242936,MA640118724299199797242936,COURANT,MAD,2005-12-20,ACTIF,447596.08,1038,1038,4,4,23,23,,,2021-02-15,449956.17,Inactif
1287,6598059221633669,0114316598059221633669,0114316598059221633669,MA640114316598059221633669,MA640114316598059221633669,COURANT,MAD,2016-01-31,ACTIF,262470.03,1039,1039,4,4,22,22,,,2018-08-28,254676.3,Inactif
1288,9801648941586172,0118129801648941586172,0118129801648941586172,MA640118129801648941586172,MA640118129801648941586172,COURANT,MAD,2020-02-23,ACTIF,8515934.16,1040,1040,4,4,23,23,,,2020-09-17,8109034.03,Inactif
1289,7293683766482582,0113747293683766482582,0113747293683766482582,MA640113747293683766482582,MA640113747293683766482582,COURANT,MAD,2014-10-01,ACTIF,65046.03,1041,1041,4,4,22,22,,,2021-04-25,67351.46,Inactif
1290,9086186043246036,0116059086186043246036,0116059086186043246036,MA640116059086186043246036,MA640116059086186043246036,COURANT,MAD,2019-06-07,ACTIF,8342530.63,1042,1042,4,4,23,23,,,2022-12-21,8626942.43,Inactif
1291,3146718113731650,0112613146718113731650,0112613146718113731650,MA640112613146718113731650,MA640112613146718113731650,COURANT,MAD,2006-06-17,ACTIF,123349.19,1043,1043,4,4,22,22,,,2008-03-06,120517.65,Inactif
1292,8783825623342070,0113468783825623342070,0113468783825623342070,MA640113468783825623342070,MA640113468783825623342070,COURANT,MAD,2010-07-06,ACTIF,230474.18,1044,1044,4,4,23,23,,,2018-09-02,232325.72,Inactif
1293,6301304695518131,0113486301304695518131,0113486301304695518131,MA640113486301304695518131,MA640113486301304695518131,DAT,MAD,2010-11-12,ACTIF,152895.0,1044,1044,4,4,23,23,1292.0,1292.0,2010-11-12,152895.0,Actif
1294,8967796184264439,0111048967796184264439,0111048967796184264439,MA640111048967796184264439,MA640111048967796184264439,COURANT,MAD,2010-01-13,ACTIF,4675054.72,1045,1045,4,4,22,22,,,2014-01-05,4617059.48,Inactif
1295,2640049483720984,0113502640049483720984,0113502640049483720984,MA640113502640049483720984,MA640113502640049483720984,DAT,MAD,2010-05-16,ACTIF,2947562.51,1045,1045,4,4,22,22,1294.0,1294.0,2010-05-16,2947562.51,Actif
1296,2508565734552779,0111352508565734552779,0111352508565734552779,MA640111352508565734552779,MA640111352508565734552779,COURANT,MAD,2006-05-19,ACTIF,299428.14,1046,1046,4,4,23,23,,,2020-05-03,291754.39,Inactif
1297,9530931452976532,0115979530931452976532,0115979530931452976532,MA640115979530931452976532,MA640115979530931452976532,COURANT,MAD,2010-11-21,ACTIF,311248.08,1047,1047,4,4,22,22,,,2019-11-01,319735.88,Inactif
1298,1076546624119550,0111071076546624119550,0111071076546624119550,MA640111071076546624119550,MA640111071076546624119550,DAT,MAD,2010-12-28,ACTIF,113595.92,1047,1047,4,4,22,22,1297.0,1297.0,2010-12-28,113595.92,Actif
1299,2062769172131205,0118662062769172131205,0118662062769172131205,MA640118662062769172131205,MA640118662062769172131205,COURANT,MAD,2009-05-29,INACTIF,6595967.42,1048,1048,4,4,23,23,,,2017-11-04,6778320.78,Inactif
1300,5146085381081599,0114015146085381081599,0114015146085381081599,MA640114015146085381081599,MA640114015146085381081599,COURANT,MAD,2009-06-13,ACTIF,442369.53,1049,1049,4,4,22,22,,,2014-10-18,439337.2,Inactif
1301,6002536819761723,0112166002536819761723,0112166002536819761723,MA640112166002536819761723,MA640112166002536819761723,COURANT,MAD,2007-04-06,ACTIF,8652297.28,1050,1050,4,4,23,23,,,2014-04-09,8496973.79,Inactif
1302,8414852570692728,0111598414852570692728,0111598414852570692728,MA640111598414852570692728,MA640111598414852570692728,COURANT,MAD,2018-12-02,ACTIF,3056369.13,1051,1051,4,4,22,22,,,2019-01-15,3072642.95,Inactif
1303,4416050217144245,0111334416050217144245,0111334416050217144245,MA640111334416050217144245,MA640111334416050217144245,DAT,MAD,2019-04-06,ACTIF,1353726.33,1051,1051,4,4,22,22,1302.0,1302.0,2019-04-06,1353726.33,Actif
1304,1129792283191073,0116321129792283191073,0116321129792283191073,MA640116321129792283191073,MA640116321129792283191073,COURANT,MAD,2012-12-28,ACTIF,22399.44,1052,1052,4,4,23,23,,,2017-07-10,23096.46,Inactif
1305,3398755437500570,0112163398755437500570,0112163398755437500570,MA640112163398755437500570,MA640112163398755437500570,DAT,MAD,2013-12-21,ACTIF,5661.15,1052,1052,4,4,23,23,1304.0,1304.0,2013-12-21,5661.15,Actif
1306,1335640460285730,0111121335640460285730,0111121335640460285730,MA640111121335640460285730,MA640111121335640460285730,COURANT,MAD,2005-07-24,ACTIF,1760539.29,1053,1053,4,4,22,22,,,2024-11-15,1833745.26,Actif
1307,2863376357016900,0113392863376357016900,0113392863376357016900,MA640113392863376357016900,MA640113392863376357016900,COURANT,MAD,2015-06-14,ACTIF,5273839.57,1054,1054,4,4,23,23,,,2017-07-18,5422213.28,Inactif
1308,9798517015762109,0112519798517015762109,0112519798517015762109,MA640112519798517015762109,MA640112519798517015762109,DAT,MAD,2016-01-14,ACTIF,1857029.47,1054,1054,4,4,23,23,1307.0,1307.0,2016-01-14,1857029.47,Actif
1309,8569873256482605,0115788569873256482605,0115788569873256482605,MA640115788569873256482605,MA640115788569873256482605,COURANT,MAD,2015-09-30,ACTIF,5509054.09,1055,1055,4,4,22,22,,,2023-11-18,5535266.21,Inactif
1310,6184560876317977,0112716184560876317977,0112716184560876317977,MA640112716184560876317977,MA640112716184560876317977,DAT,MAD,2016-02-17,ACTIF,3343098.27,1055,1055,4,4,22,22,1309.0,1309.0,2016-02-17,3343098.27,Actif
1311,7785198324873566,0115567785198324873566,0115567785198324873566,MA640115567785198324873566,MA640115567785198324873566,COURANT,MAD,2016-05-19,INACTIF,5131461.8,1056,1056,4,4,23,23,,,2017-08-24,5373191.47,Inactif
1312,8207728265221804,0119138207728265221804,0119138207728265221804,MA640119138207728265221804,MA640119138207728265221804,DAT,MAD,2017-02-12,ACTIF,1696907.4,1056,1056,4,4,23,23,1311.0,1311.0,2017-02-12,1696907.4,Actif
1313,5293069922864861,0112835293069922864861,0112835293069922864861,MA640112835293069922864861,MA640112835293069922864861,COURANT,MAD,2014-04-22,ACTIF,369743.16,1057,1057,4,4,22,22,,,2018-01-15,372380.85,Inactif
1314,3290185132966864,0111163290185132966864,0111163290185132966864,MA640111163290185132966864,MA640111163290185132966864,COURANT,MAD,2015-04-14,ACTIF,1817762.52,1058,1058,4,4,23,23,,,2015-09-28,1863485.51,Inactif
1315,5536675438013349,0118025536675438013349,0118025536675438013349,MA640118025536675438013349,MA640118025536675438013349,DAT,MAD,2016-01-16,ACTIF,822474.12,1058,1058,4,4,23,23,1314.0,1314.0,2016-01-16,822474.12,Actif
1316,3649274620415789,0114693649274620415789,0114693649274620415789,MA640114693649274620415789,MA640114693649274620415789,COURANT,MAD,2017-09-13,ACTIF,254207.33,1059,1059,4,4,22,22,,,2024-07-09,245814.75,Faiblement actif
1317,9922034755998771,0111629922034755998771,0111629922034755998771,MA640111629922034755998771,MA640111629922034755998771,DAT,MAD,2017-11-20,ACTIF,67947.32,1059,1059,4,4,22,22,1316.0,1316.0,2017-11-20,67947.32,Actif
1318,8081565544823837,0111028081565544823837,0111028081565544823837,MA640111028081565544823837,MA640111028081565544823837,COURANT,MAD,2006-07-31,ACTIF,3719396.83,1060,1060,4,4,23,23,,,2017-10-31,3760236.25,Inactif
1319,7664894577673602,0113387664894577673602,0113387664894577673602,MA640113387664894577673602,MA640113387664894577673602,COURANT,MAD,2013-03-27,ACTIF,209365.92,1061,1061,4,4,22,22,,,2018-11-08,206880.82,Inactif
1320,9729676670331684,0111249729676670331684,0111249729676670331684,MA640111249729676670331684,MA640111249729676670331684,COURANT,MAD,2012-04-15,ACTIF,21570.62,1062,1062,4,4,23,23,,,2021-02-04,21889.21,Inactif
1321,7844257341177793,0114477844257341177793,0114477844257341177793,MA640114477844257341177793,MA640114477844257341177793,DAT,MAD,2012-06-04,ACTIF,7937.34,1062,1062,4,4,23,23,1320.0,1320.0,2012-06-04,7937.34,Actif
1322,7678011231933938,0111867678011231933938,0111867678011231933938,MA640111867678011231933938,MA640111867678011231933938,COURANT,MAD,2005-03-03,ACTIF,32871138.71,1063,1063,4,4,22,22,,,2015-01-29,34254544.25,Inactif
1323,8579380413462647,0112918579380413462647,0112918579380413462647,MA640112918579380413462647,MA640112918579380413462647,COURANT,MAD,2012-05-21,ACTIF,7316675.47,1064,1064,4,4,23,23,,,2015-01-11,7639760.09,Inactif
1324,1146058058453476,0112331146058058453476,0112331146058058453476,MA640112331146058058453476,MA640112331146058058453476,DAT,MAD,2012-10-18,ACTIF,2504143.18,1064,1064,4,4,23,23,1323.0,1323.0,2012-10-18,2504143.18,Actif
1325,3594127044308591,0119463594127044308591,0119463594127044308591,MA640119463594127044308591,MA640119463594127044308591,COURANT,MAD,2019-03-26,ACTIF,58430.32,1065,1065,4,4,22,22,,,2019-07-17,56778.87,Inactif
1326,5883870913955424,0111405883870913955424,0111405883870913955424,MA640111405883870913955424,MA640111405883870913955424,COURANT,MAD,2020-10-09,ACTIF,151358.77,1066,1066,4,4,23,23,,,2021-10-10,148426.67,Inactif
1327,7295666895635854,0111677295666895635854,0111677295666895635854,MA640111677295666895635854,MA640111677295666895635854,DAT,MAD,2020-12-10,ACTIF,43400.31,1066,1066,4,4,23,23,1326.0,1326.0,2020-12-10,43400.31,Actif
1328,2042065021907190,0115862042065021907190,0115862042065021907190,MA640115862042065021907190,MA640115862042065021907190,COURANT,MAD,2016-08-08,ACTIF,358062.29,1067,1067,4,4,22,22,,,2021-10-08,357728.85,Inactif
1329,8606659968469295,0115508606659968469295,0115508606659968469295,MA640115508606659968469295,MA640115508606659968469295,COURANT,MAD,2005-08-15,INACTIF,272680.73,1068,1068,4,4,23,23,,,2017-01-23,279736.78,Inactif
1330,4417403817517599,0119124417403817517599,0119124417403817517599,MA640119124417403817517599,MA640119124417403817517599,COURANT,MAD,2013-08-31,ACTIF,247068.81,1069,1069,4,4,22,22,,,2023-09-16,241738.44,Inactif
1331,4996501882883547,0117494996501882883547,0117494996501882883547,MA640117494996501882883547,MA640117494996501882883547,DAT,MAD,2014-03-06,ACTIF,70155.06,1069,1069,4,4,22,22,1330.0,1330.0,2014-03-06,70155.06,Actif
1332,7995637326169254,0117737995637326169254,0117737995637326169254,MA640117737995637326169254,MA640117737995637326169254,COURANT,MAD,2010-03-09,ACTIF,343946.3,1070,1070,4,4,23,23,,,2023-02-20,347576.94,Inactif
1333,5499893764609754,0119405499893764609754,0119405499893764609754,MA640119405499893764609754,MA640119405499893764609754,COURANT,MAD,2014-03-25,ACTIF,498413.21,1071,1071,4,4,22,22,,,2019-11-01,481663.93,Inactif
1334,5540961527347145,0119815540961527347145,0119815540961527347145,MA640119815540961527347145,MA640119815540961527347145,COURANT,MAD,2011-11-10,ACTIF,222294.17,1072,1072,4,4,23,23,,,2017-11-13,213106.08,Inactif
1335,6666210651127483,0115606666210651127483,0115606666210651127483,MA640115606666210651127483,MA640115606666210651127483,COURANT,MAD,2009-09-09,INACTIF,33257.3,1073,1073,4,4,22,22,,,2017-02-11,33235.74,Inactif
1336,1538507727305539,0118761538507727305539,0118761538507727305539,MA640118761538507727305539,MA640118761538507727305539,DAT,MAD,2010-06-04,ACTIF,19477.18,1073,1073,4,4,22,22,1335.0,1335.0,2010-06-04,19477.18,Actif
1337,4376683956977115,0111044376683956977115,0111044376683956977115,MA640111044376683956977115,MA640111044376683956977115,COURANT,MAD,2009-03-25,ACTIF,8854669.45,1074,1074,4,4,23,23,,,2014-05-22,8929854.18,Inactif
1338,3544721629967361,0114303544721629967361,0114303544721629967361,MA640114303544721629967361,MA640114303544721629967361,COURANT,MAD,2006-02-17,ACTIF,1705411.56,1075,1075,4,4,22,22,,,2007-06-17,1702857.25,Inactif
1339,8034812885702617,0113748034812885702617,0113748034812885702617,MA640113748034812885702617,MA640113748034812885702617,COURANT,MAD,2016-11-05,ACTIF,296087.74,1076,1076,4,4,23,23,,,2023-01-28,296052.33,Inactif
1340,9313434791561957,0112759313434791561957,0112759313434791561957,MA640112759313434791561957,MA640112759313434791561957,COURANT,MAD,2016-05-18,ACTIF,7116660.32,1077,1077,4,4,22,22,,,2018-07-05,7167839.16,Inactif
1341,3193239444216939,0111163193239444216939,0111163193239444216939,MA640111163193239444216939,MA640111163193239444216939,COURANT,MAD,2019-11-15,ACTIF,351790.73,1078,1078,4,4,23,23,,,2020-01-15,343549.74,Inactif
1342,9139321380935218,0113009139321380935218,0113009139321380935218,MA640113009139321380935218,MA640113009139321380935218,COURANT,MAD,2019-06-20,ACTIF,5795729.46,1079,1079,4,4,22,22,,,2021-03-12,5887822.19,Inactif
1343,4120812752828222,0116704120812752828222,0116704120812752828222,MA640116704120812752828222,MA640116704120812752828222,COURANT,MAD,2018-03-10,ACTIF,101276.51,1080,1080,4,4,23,23,,,2022-08-05,102978.25,Inactif
1344,2039392784232291,0117172039392784232291,0117172039392784232291,MA640117172039392784232291,MA640117172039392784232291,DAT,MAD,2018-08-09,ACTIF,45292.34,1080,1080,4,4,23,23,1343.0,1343.0,2018-08-09,45292.34,Actif
1345,3228304530873661,0115143228304530873661,0115143228304530873661,MA640115143228304530873661,MA640115143228304530873661,COURANT,MAD,2008-04-07,INACTIF,7357122.87,1081,1081,4,4,22,22,,,2018-11-18,7703206.92,Inactif
1346,1039902562402501,0114191039902562402501,0114191039902562402501,MA640114191039902562402501,MA640114191039902562402501,COURANT,MAD,2015-06-08,INACTIF,433927.82,1082,1082,4,4,23,23,,,2022-07-04,419908.06,Inactif
1347,4513863327876801,0112194513863327876801,0112194513863327876801,MA640112194513863327876801,MA640112194513863327876801,COURANT,MAD,2021-02-06,ACTIF,136333.8,1083,1083,4,4,22,22,,,2021-08-13,134863.96,Inactif
1348,5608614933763606,0118055608614933763606,0118055608614933763606,MA640118055608614933763606,MA640118055608614933763606,DAT,MAD,2021-07-16,ACTIF,72116.85,1083,1083,4,4,22,22,1347.0,1347.0,2021-07-16,73187.61,Actif
1349,8089099384706226,0112758089099384706226,0112758089099384706226,MA640112758089099384706226,MA640112758089099384706226,COURANT,MAD,2017-04-14,ACTIF,9725693.14,1084,1084,4,4,23,23,,,2021-12-27,10063978.94,Inactif
1350,2572942297564351,0114712572942297564351,0114712572942297564351,MA640114712572942297564351,MA640114712572942297564351,COURANT,MAD,2011-01-14,INACTIF,121469.4,1085,1085,4,4,22,22,,,2017-11-28,127043.01,Inactif
1351,2040135924126805,0111862040135924126805,0111862040135924126805,MA640111862040135924126805,MA640111862040135924126805,DAT,MAD,2011-04-29,ACTIF,63926.97,1085,1085,4,4,22,22,1350.0,1350.0,2011-04-29,63926.97,Actif
1352,4932952686185885,0113714932952686185885,0113714932952686185885,MA640113714932952686185885,MA640113714932952686185885,COURANT,MAD,2019-07-08,ACTIF,4725167.13,1086,1086,4,4,23,23,,,2021-05-18,4849332.35,Inactif
1353,3410977593947812,0114063410977593947812,0114063410977593947812,MA640114063410977593947812,MA640114063410977593947812,COURANT,MAD,2021-12-01,ACTIF,5456827.75,1087,1087,4,4,22,22,,,2023-08-07,5459103.42,Inactif
1354,3166542793757290,0111763166542793757290,0111763166542793757290,MA640111763166542793757290,MA640111763166542793757290,DAT,MAD,2022-07-06,ACTIF,2219733.76,1087,1087,4,4,22,22,1353.0,1353.0,2022-07-06,2177125.51,Actif
1355,7591690396125013,0113797591690396125013,0113797591690396125013,MA640113797591690396125013,MA640113797591690396125013,COURANT,MAD,2014-05-17,ACTIF,60065.52,1088,1088,4,4,23,23,,,2021-03-21,61673.62,Inactif
1356,3329072743982057,0115523329072743982057,0115523329072743982057,MA640115523329072743982057,MA640115523329072743982057,COURANT,MAD,2017-08-04,ACTIF,2830387.14,1089,1089,4,4,22,22,,,2022-07-15,2848162.0,Inactif
1357,9298965480908858,0117369298965480908858,0117369298965480908858,MA640117369298965480908858,MA640117369298965480908858,DAT,MAD,2018-08-02,ACTIF,1104825.1,1089,1089,4,4,22,22,1356.0,1356.0,2018-08-02,1104825.1,Actif
1358,2587193958336314,0116832587193958336314,0116832587193958336314,MA640116832587193958336314,MA640116832587193958336314,COURANT,MAD,2020-01-31,ACTIF,441665.46,1090,1090,4,4,23,23,,,2021-06-05,421108.16,Inactif
1359,2010584381005505,0117662010584381005505,0117662010584381005505,MA640117662010584381005505,MA640117662010584381005505,COURANT,MAD,2010-07-06,ACTIF,108779.51,1091,1091,4,4,22,22,,,2015-06-14,106320.94,Inactif
1360,4148859416538640,0112814148859416538640,0112814148859416538640,MA640112814148859416538640,MA640112814148859416538640,DAT,MAD,2011-05-23,ACTIF,52682.27,1091,1091,4,4,22,22,1359.0,1359.0,2011-05-23,52682.27,Actif
1361,3302052744906728,0116713302052744906728,0116713302052744906728,MA640116713302052744906728,MA640116713302052744906728,COURANT,MAD,2008-01-18,INACTIF,3462083.04,1092,1092,4,4,23,23,,,2015-04-27,3466711.87,Inactif
1362,6429133350246536,0113576429133350246536,0113576429133350246536,MA640113576429133350246536,MA640113576429133350246536,COURANT,MAD,2014-06-08,ACTIF,17726.98,1093,1093,4,4,22,22,,,2024-07-28,17687.84,Faiblement actif
1363,6152990332547386,0119456152990332547386,0119456152990332547386,MA640119456152990332547386,MA640119456152990332547386,COURANT,MAD,2021-03-20,ACTIF,7453585.76,1094,1094,4,4,23,23,,,2022-12-11,7135826.02,Inactif
1364,6714638166467862,0111136714638166467862,0111136714638166467862,MA640111136714638166467862,MA640111136714638166467862,COURANT,MAD,2006-08-10,ACTIF,267960.87,1095,1095,4,4,22,22,,,2023-02-14,273595.16,Inactif
1365,8985054794108285,0114868985054794108285,0114868985054794108285,MA640114868985054794108285,MA640114868985054794108285,DAT,MAD,2006-09-22,ACTIF,141934.31,1095,1095,4,4,22,22,1364.0,1364.0,2006-09-22,141934.31,Actif
1366,9148840423749243,0114169148840423749243,0114169148840423749243,MA640114169148840423749243,MA640114169148840423749243,COURANT,MAD,2014-12-10,ACTIF,209544.07,1096,1096,4,4,23,23,,,2024-10-26,215866.42,Actif
1367,9022479294399594,0116029022479294399594,0116029022479294399594,MA640116029022479294399594,MA640116029022479294399594,COURANT,MAD,2007-06-10,ACTIF,8009898.43,1097,1097,4,4,22,22,,,2008-04-07,8115414.12,Inactif
1368,5697570488021881,0111855697570488021881,0111855697570488021881,MA640111855697570488021881,MA640111855697570488021881,COURANT,MAD,2016-03-27,INACTIF,43375.66,1098,1098,4,4,23,23,,,2016-05-02,41913.59,Inactif
1369,1591899210221153,0115251591899210221153,0115251591899210221153,MA640115251591899210221153,MA640115251591899210221153,COURANT,MAD,2015-08-07,ACTIF,129800.01,1099,1099,4,4,22,22,,,2018-06-13,123552.15,Inactif
1370,8488300193347064,0112698488300193347064,0112698488300193347064,MA640112698488300193347064,MA640112698488300193347064,DAT,MAD,2016-05-09,ACTIF,32818.43,1099,1099,4,4,22,22,1369.0,1369.0,2016-05-09,32818.43,Actif
1371,7864397140445367,0119807864397140445367,0119807864397140445367,MA640119807864397140445367,MA640119807864397140445367,COURANT,MAD,2020-07-05,INACTIF,5457221.98,1100,1100,4,4,23,23,,,2024-02-03,5555199.89,Inactif
1372,9282566183550771,0113709282566183550771,0113709282566183550771,MA640113709282566183550771,MA640113709282566183550771,COURANT,MAD,2015-10-14,ACTIF,34738.57,1101,1101,5,5,26,26,,,2019-02-04,35521.15,Inactif
1373,9113607695449749,0117329113607695449749,0117329113607695449749,MA640117329113607695449749,MA640117329113607695449749,COURANT,MAD,2013-09-25,ACTIF,4674724.24,1102,1102,5,5,27,27,,,2023-11-20,4492127.0,Inactif
1374,4619670228309304,0113844619670228309304,0113844619670228309304,MA640113844619670228309304,MA640113844619670228309304,COURANT,MAD,2015-01-16,ACTIF,31802.64,1103,1103,5,5,26,26,,,2017-12-05,30689.83,Inactif
1375,7554356432760629,0119627554356432760629,0119627554356432760629,MA640119627554356432760629,MA640119627554356432760629,DAT,MAD,2015-06-09,ACTIF,8135.28,1103,1103,5,5,26,26,1374.0,1374.0,2015-06-09,8135.28,Actif
1376,1909052757508354,0115331909052757508354,0115331909052757508354,MA640115331909052757508354,MA640115331909052757508354,COURANT,MAD,2014-12-27,ACTIF,127112.01,1104,1104,5,5,27,27,,,2021-06-23,124870.81,Inactif
1377,9047995446676411,0118259047995446676411,0118259047995446676411,MA640118259047995446676411,MA640118259047995446676411,COURANT,MAD,2005-07-21,ACTIF,92734088.25,1105,1105,5,5,26,26,,,2015-10-20,90720162.3,Inactif
1378,9171233277624665,0118199171233277624665,0118199171233277624665,MA640118199171233277624665,MA640118199171233277624665,COURANT,MAD,2011-10-07,ACTIF,262954.41,1106,1106,5,5,27,27,,,2015-08-03,258809.6,Inactif
1379,7413734387145866,0116107413734387145866,0116107413734387145866,MA640116107413734387145866,MA640116107413734387145866,DAT,MAD,2012-04-14,ACTIF,87322.52,1106,1106,5,5,27,27,1378.0,1378.0,2012-04-14,87322.52,Actif
1380,3804822162338563,0116473804822162338563,0116473804822162338563,MA640116473804822162338563,MA640116473804822162338563,COURANT,MAD,2018-03-03,ACTIF,4745365.95,1107,1107,5,5,26,26,,,2023-02-21,4798111.97,Inactif
1381,4658698681871634,0117194658698681871634,0117194658698681871634,MA640117194658698681871634,MA640117194658698681871634,COURANT,MAD,2018-04-30,ACTIF,243472.86,1108,1108,5,5,27,27,,,2019-06-27,252383.26,Inactif
1382,1747254641726644,0116831747254641726644,0116831747254641726644,MA640116831747254641726644,MA640116831747254641726644,DAT,MAD,2018-09-24,ACTIF,117873.09,1108,1108,5,5,27,27,1381.0,1381.0,2018-09-24,117873.09,Actif
1383,2790033281234581,0111262790033281234581,0111262790033281234581,MA640111262790033281234581,MA640111262790033281234581,COURANT,MAD,2007-05-29,ACTIF,173795.07,1109,1109,5,5,26,26,,,2015-05-19,169359.4,Inactif
1384,1202378192866241,0118331202378192866241,0118331202378192866241,MA640118331202378192866241,MA640118331202378192866241,COURANT,MAD,2007-07-09,ACTIF,311391.25,1110,1110,5,5,27,27,,,2016-12-01,323106.06,Inactif
1385,5384267320990767,0115975384267320990767,0115975384267320990767,MA640115975384267320990767,MA640115975384267320990767,COURANT,MAD,2021-12-18,ACTIF,6001325.84,1111,1111,5,5,26,26,,,2022-12-04,5976458.44,Inactif
1386,6096107451715067,0112406096107451715067,0112406096107451715067,MA640112406096107451715067,MA640112406096107451715067,COURANT,MAD,2011-11-11,ACTIF,149027.05,1112,1112,5,5,27,27,,,2018-04-08,146527.36,Inactif
1387,1817188677338280,0114001817188677338280,0114001817188677338280,MA640114001817188677338280,MA640114001817188677338280,COURANT,MAD,2016-04-20,ACTIF,287654.39,1113,1113,5,5,26,26,,,2020-03-19,278832.35,Inactif
1388,6439571760130459,0114296439571760130459,0114296439571760130459,MA640114296439571760130459,MA640114296439571760130459,DAT,MAD,2016-09-16,ACTIF,151187.93,1113,1113,5,5,26,26,1387.0,1387.0,2016-09-16,151187.93,Actif
1389,7082167589283715,0115817082167589283715,0115817082167589283715,MA640115817082167589283715,MA640115817082167589283715,COURANT,MAD,2015-08-10,ACTIF,1625095.68,1114,1114,5,5,27,27,,,2019-04-26,1632980.76,Inactif
1390,5865681353317940,0117985865681353317940,0117985865681353317940,MA640117985865681353317940,MA640117985865681353317940,DAT,MAD,2016-04-09,ACTIF,854891.28,1114,1114,5,5,27,27,1389.0,1389.0,2016-04-09,854891.28,Actif
1391,5732782630764786,0116735732782630764786,0116735732782630764786,MA640116735732782630764786,MA640116735732782630764786,COURANT,MAD,2015-04-18,ACTIF,179884.41,1115,1115,5,5,26,26,,,2018-12-30,186549.21,Inactif
1392,8392837848982170,0119378392837848982170,0119378392837848982170,MA640119378392837848982170,MA640119378392837848982170,DAT,MAD,2015-11-03,ACTIF,52195.55,1115,1115,5,5,26,26,1391.0,1391.0,2015-11-03,52195.55,Actif
1393,1689590221044911,0117551689590221044911,0117551689590221044911,MA640117551689590221044911,MA640117551689590221044911,COURANT,MAD,2013-07-25,ACTIF,212557.8,1116,1116,5,5,27,27,,,2024-08-04,214065.94,Faiblement actif
1394,8905269695166003,0115918905269695166003,0115918905269695166003,MA640115918905269695166003,MA640115918905269695166003,COURANT,MAD,2009-10-17,ACTIF,387564.85,1117,1117,5,5,26,26,,,2013-09-20,405570.09,Inactif
1395,3175783738054937,0119983175783738054937,0119983175783738054937,MA640119983175783738054937,MA640119983175783738054937,COURANT,MAD,2007-04-12,ACTIF,381588.74,1118,1118,5,5,27,27,,,2024-12-01,373596.49,Actif
1396,9275336117078019,0116779275336117078019,0116779275336117078019,MA640116779275336117078019,MA640116779275336117078019,COURANT,MAD,2017-01-28,ACTIF,5013875.1,1119,1119,5,5,26,26,,,2018-09-02,4992012.44,Inactif
1397,1789870885198253,0111001789870885198253,0111001789870885198253,MA640111001789870885198253,MA640111001789870885198253,COURANT,MAD,2016-08-01,ACTIF,260918.46,1120,1120,5,5,27,27,,,2019-07-11,249647.83,Inactif
1398,6568031485729920,0112466568031485729920,0112466568031485729920,MA640112466568031485729920,MA640112466568031485729920,COURANT,MAD,2005-08-16,INACTIF,71735369.02,1121,1121,5,5,26,26,,,2022-03-20,70888861.51,Inactif
1399,3707390891640859,0111703707390891640859,0111703707390891640859,MA640111703707390891640859,MA640111703707390891640859,COURANT,MAD,2011-08-28,ACTIF,2291624.1,1122,1122,5,5,27,27,,,2022-06-20,2278161.17,Inactif
1400,2756118068302323,0114192756118068302323,0114192756118068302323,MA640114192756118068302323,MA640114192756118068302323,COURANT,MAD,2014-05-10,ACTIF,1694146.98,1123,1123,5,5,26,26,,,2022-09-28,1719997.32,Inactif
1401,4536117864709401,0113094536117864709401,0113094536117864709401,MA640113094536117864709401,MA640113094536117864709401,COURANT,MAD,2010-11-26,ACTIF,175333.89,1124,1124,5,5,27,27,,,2012-08-11,169446.91,Inactif
1402,3534774870240079,0116073534774870240079,0116073534774870240079,MA640116073534774870240079,MA640116073534774870240079,DAT,MAD,2011-09-21,ACTIF,82671.52,1124,1124,5,5,27,27,1401.0,1401.0,2011-09-21,82671.52,Actif
1403,3531263698451051,0117173531263698451051,0117173531263698451051,MA640117173531263698451051,MA640117173531263698451051,COURANT,MAD,2013-03-02,ACTIF,1031521.61,1125,1125,5,5,26,26,,,2018-01-25,1027314.4,Inactif
1404,9227158518852560,0118289227158518852560,0118289227158518852560,MA640118289227158518852560,MA640118289227158518852560,DAT,MAD,2013-05-23,ACTIF,493316.34,1125,1125,5,5,26,26,1403.0,1403.0,2013-05-23,493316.34,Actif
1405,1647864942911376,0114931647864942911376,0114931647864942911376,MA640114931647864942911376,MA640114931647864942911376,COURANT,MAD,2008-07-06,ACTIF,4861534.95,1126,1126,5,5,27,27,,,2013-01-18,4667417.62,Inactif
1406,2165509281020098,0113882165509281020098,0113882165509281020098,MA640113882165509281020098,MA640113882165509281020098,COURANT,MAD,2012-08-25,ACTIF,5193260.9,1127,1127,5,5,26,26,,,2019-05-29,5449739.21,Inactif
1407,9925080134257755,0111559925080134257755,0111559925080134257755,MA640111559925080134257755,MA640111559925080134257755,DAT,MAD,2013-05-02,ACTIF,1612749.66,1127,1127,5,5,26,26,1406.0,1406.0,2013-05-02,1612749.66,Actif
1408,2169866139865876,0113032169866139865876,0113032169866139865876,MA640113032169866139865876,MA640113032169866139865876,COURANT,MAD,2018-03-11,ACTIF,340106.86,1128,1128,5,5,27,27,,,2023-06-23,356224.69,Inactif
1409,8789350942251899,0111328789350942251899,0111328789350942251899,MA640111328789350942251899,MA640111328789350942251899,COURANT,MAD,2011-12-30,INACTIF,366924.81,1129,1129,5,5,26,26,,,2021-04-24,349759.0,Inactif
1410,7224713171058248,0119017224713171058248,0119017224713171058248,MA640119017224713171058248,MA640119017224713171058248,COURANT,MAD,2021-11-19,ACTIF,466241.86,1130,1130,5,5,27,27,,,2023-03-25,489021.89,Inactif
1411,5010361254402470,0114565010361254402470,0114565010361254402470,MA640114565010361254402470,MA640114565010361254402470,COURANT,MAD,2008-04-21,ACTIF,477295.67,1131,1131,5,5,26,26,,,2022-02-25,475621.36,Inactif
1412,4357030737117666,0114384357030737117666,0114384357030737117666,MA640114384357030737117666,MA640114384357030737117666,COURANT,MAD,2005-07-14,ACTIF,90051921.09,1132,1132,5,5,27,27,,,2013-07-26,90710854.79,Inactif
1413,5229658859857029,0116875229658859857029,0116875229658859857029,MA640116875229658859857029,MA640116875229658859857029,COURANT,MAD,2013-10-13,ACTIF,789992.1,1133,1133,5,5,26,26,,,2018-05-22,793451.0,Inactif
1414,2815887135788686,0118492815887135788686,0118492815887135788686,MA640118492815887135788686,MA640118492815887135788686,DAT,MAD,2014-09-24,ACTIF,378006.8,1133,1133,5,5,26,26,1413.0,1413.0,2014-09-24,378006.8,Actif
1415,5901946019372830,0113105901946019372830,0113105901946019372830,MA640113105901946019372830,MA640113105901946019372830,COURANT,MAD,2016-08-27,ACTIF,5479183.64,1134,1134,5,5,27,27,,,2020-02-23,5582992.85,Inactif
1416,1382411372345485,0118641382411372345485,0118641382411372345485,MA640118641382411372345485,MA640118641382411372345485,DAT,MAD,2017-03-17,ACTIF,1463176.47,1134,1134,5,5,27,27,1415.0,1415.0,2017-03-17,1463176.47,Actif
1417,2860453166718559,0115422860453166718559,0115422860453166718559,MA640115422860453166718559,MA640115422860453166718559,COURANT,MAD,2006-04-15,ACTIF,38238.12,1135,1135,5,5,26,26,,,2006-08-09,39804.98,Inactif
1418,4985645251031655,0118644985645251031655,0118644985645251031655,MA640118644985645251031655,MA640118644985645251031655,COURANT,MAD,2006-05-04,ACTIF,57531.19,1136,1136,5,5,27,27,,,2024-08-13,55159.55,Faiblement actif
1419,8549573642840854,0113928549573642840854,0113928549573642840854,MA640113928549573642840854,MA640113928549573642840854,COURANT,MAD,2012-01-29,ACTIF,3484454.27,1137,1137,5,5,26,26,,,2017-10-17,3364203.17,Inactif
1420,4345352517319131,0115644345352517319131,0115644345352517319131,MA640115644345352517319131,MA640115644345352517319131,DAT,MAD,2012-12-20,ACTIF,941642.15,1137,1137,5,5,26,26,1419.0,1419.0,2012-12-20,941642.15,Actif
1421,5391489774154172,0116805391489774154172,0116805391489774154172,MA640116805391489774154172,MA640116805391489774154172,COURANT,MAD,2021-10-21,ACTIF,1825222.41,1138,1138,5,5,27,27,,,2022-10-01,1803800.62,Inactif
1422,7808157693215525,0114697808157693215525,0114697808157693215525,MA640114697808157693215525,MA640114697808157693215525,COURANT,MAD,2013-04-30,ACTIF,1661062.9,1139,1139,5,5,26,26,,,2017-12-14,1589112.2,Inactif
1423,8123226885073253,0113708123226885073253,0113708123226885073253,MA640113708123226885073253,MA640113708123226885073253,COURANT,MAD,2009-01-21,ACTIF,1691999.49,1140,1140,5,5,27,27,,,2022-07-28,1726184.05,Inactif
1424,9098031958081688,0114079098031958081688,0114079098031958081688,MA640114079098031958081688,MA640114079098031958081688,COURANT,MAD,2005-04-11,ACTIF,445717.55,1141,1141,5,5,26,26,,,2007-02-16,441739.31,Inactif
1425,5208629162825914,0113825208629162825914,0113825208629162825914,MA640113825208629162825914,MA640113825208629162825914,COURANT,MAD,2013-01-14,ACTIF,4660952.94,1142,1142,5,5,27,27,,,2019-08-12,4882506.97,Inactif
1426,4197825388407149,0112474197825388407149,0112474197825388407149,MA640112474197825388407149,MA640112474197825388407149,DAT,MAD,2013-07-27,ACTIF,1625960.26,1142,1142,5,5,27,27,1425.0,1425.0,2013-07-27,1625960.26,Actif
1427,3280023950689313,0114793280023950689313,0114793280023950689313,MA640114793280023950689313,MA640114793280023950689313,COURANT,MAD,2011-09-13,INACTIF,158459.97,1143,1143,5,5,26,26,,,2015-03-15,152491.0,Inactif
1428,5432322044312208,0114745432322044312208,0114745432322044312208,MA640114745432322044312208,MA640114745432322044312208,COURANT,MAD,2019-03-17,ACTIF,370019.87,1144,1144,5,5,27,27,,,2024-09-28,380166.71,Faiblement actif
1429,7550735290412028,0118807550735290412028,0118807550735290412028,MA640118807550735290412028,MA640118807550735290412028,COURANT,MAD,2009-02-01,ACTIF,394794.19,1145,1145,5,5,26,26,,,2024-07-03,409115.78,Inactif
1430,9268691540670085,0111449268691540670085,0111449268691540670085,MA640111449268691540670085,MA640111449268691540670085,COURANT,MAD,2007-05-23,ACTIF,447178.7,1146,1146,5,5,27,27,,,2016-11-20,442116.75,Inactif
1431,7757977413739154,0112317757977413739154,0112317757977413739154,MA640112317757977413739154,MA640112317757977413739154,COURANT,MAD,2019-03-09,ACTIF,476762.36,1147,1147,5,5,26,26,,,2019-10-29,472092.92,Inactif
1432,9526123876476298,0111339526123876476298,0111339526123876476298,MA640111339526123876476298,MA640111339526123876476298,COURANT,MAD,2005-12-23,INACTIF,859506.27,1148,1148,5,5,27,27,,,2011-05-22,836309.03,Inactif
1433,5000664211688036,0117795000664211688036,0117795000664211688036,MA640117795000664211688036,MA640117795000664211688036,COURANT,MAD,2006-12-01,ACTIF,358182.64,1149,1149,5,5,26,26,,,2023-08-29,352296.83,Inactif
1434,4599646856982946,0114944599646856982946,0114944599646856982946,MA640114944599646856982946,MA640114944599646856982946,DAT,MAD,2007-02-13,ACTIF,166457.15,1149,1149,5,5,26,26,1433.0,1433.0,2007-02-13,166457.15,Actif
1435,4873272396919001,0114534873272396919001,0114534873272396919001,MA640114534873272396919001,MA640114534873272396919001,COURANT,MAD,2009-11-06,ACTIF,48661714.96,1150,1150,5,5,27,27,,,2013-11-12,48547406.01,Inactif
1436,6363509275751370,0118726363509275751370,0118726363509275751370,MA640118726363509275751370,MA640118726363509275751370,COURANT,MAD,2020-02-03,ACTIF,209400.32,1151,1151,5,5,26,26,,,2023-12-11,201747.36,Inactif
1437,1701010866761343,0114631701010866761343,0114631701010866761343,MA640114631701010866761343,MA640114631701010866761343,DAT,MAD,2020-04-19,ACTIF,125586.37,1151,1151,5,5,26,26,1436.0,1436.0,2020-04-19,125586.37,Actif
1438,1942696656644169,0116201942696656644169,0116201942696656644169,MA640116201942696656644169,MA640116201942696656644169,COURANT,MAD,2021-06-15,ACTIF,9081969.59,1152,1152,5,5,27,27,,,2023-06-19,9513925.34,Inactif
1439,2086503966555055,0115262086503966555055,0115262086503966555055,MA640115262086503966555055,MA640115262086503966555055,COURANT,MAD,2010-11-03,ACTIF,165925.1,1153,1153,5,5,26,26,,,2020-02-20,169518.98,Inactif
1440,4207579662077771,0118644207579662077771,0118644207579662077771,MA640118644207579662077771,MA640118644207579662077771,COURANT,MAD,2021-04-03,ACTIF,1998786.38,1154,1154,5,5,27,27,,,2022-08-29,1988808.44,Inactif
1441,5208847426028086,0114795208847426028086,0114795208847426028086,MA640114795208847426028086,MA640114795208847426028086,DAT,MAD,2022-02-18,ACTIF,1086223.39,1154,1154,5,5,27,27,1440.0,1440.0,2022-02-18,1070953.99,Actif
1442,8878746954858411,0113128878746954858411,0113128878746954858411,MA640113128878746954858411,MA640113128878746954858411,COURANT,MAD,2013-11-13,ACTIF,54585417.83,1155,1155,5,5,26,26,,,2018-07-11,55519198.96,Inactif
1443,2001796978553022,0114802001796978553022,0114802001796978553022,MA640114802001796978553022,MA640114802001796978553022,DAT,MAD,2014-04-25,ACTIF,15279222.5,1155,1155,5,5,26,26,1442.0,1442.0,2014-04-25,15279222.5,Actif
1444,8965270627268353,0111688965270627268353,0111688965270627268353,MA640111688965270627268353,MA640111688965270627268353,COURANT,MAD,2012-04-03,ACTIF,1571047.87,1156,1156,5,5,27,27,,,2014-01-30,1496980.33,Inactif
1445,5186117484899260,0118565186117484899260,0118565186117484899260,MA640118565186117484899260,MA640118565186117484899260,COURANT,MAD,2019-01-01,ACTIF,4353600.58,1157,1157,5,5,26,26,,,2023-05-08,4247477.63,Inactif
1446,9421800491405321,0116199421800491405321,0116199421800491405321,MA640116199421800491405321,MA640116199421800491405321,COURANT,MAD,2016-07-21,ACTIF,265169.25,1158,1158,5,5,27,27,,,2021-02-17,257196.19,Inactif
1447,1683842644879264,0117421683842644879264,0117421683842644879264,MA640117421683842644879264,MA640117421683842644879264,COURANT,MAD,2007-08-28,ACTIF,144146.51,1159,1159,5,5,26,26,,,2023-07-20,143841.94,Inactif
1448,5664665085618104,0112845664665085618104,0112845664665085618104,MA640112845664665085618104,MA640112845664665085618104,DAT,MAD,2007-12-29,ACTIF,71157.92,1159,1159,5,5,26,26,1447.0,1447.0,2007-12-29,71157.92,Actif
1449,1058040926173422,0113401058040926173422,0113401058040926173422,MA640113401058040926173422,MA640113401058040926173422,COURANT,MAD,2021-09-10,ACTIF,7344569.41,1160,1160,5,5,27,27,,,2022-06-11,7544560.33,Inactif
1450,6240572837353505,0115996240572837353505,0115996240572837353505,MA640115996240572837353505,MA640115996240572837353505,COURANT,MAD,2014-04-10,ACTIF,458773.59,1161,1161,5,5,26,26,,,2015-06-26,472139.62,Inactif
1451,9745433812278921,0115779745433812278921,0115779745433812278921,MA640115779745433812278921,MA640115779745433812278921,COURANT,MAD,2008-02-11,ACTIF,413620.19,1162,1162,5,5,27,27,,,2019-11-13,396123.66,Inactif
1452,1162012265462526,0112971162012265462526,0112971162012265462526,MA640112971162012265462526,MA640112971162012265462526,COURANT,MAD,2011-08-12,ACTIF,308421.23,1163,1163,5,5,26,26,,,2015-11-03,310223.16,Inactif
1453,5735007275811260,0118545735007275811260,0118545735007275811260,MA640118545735007275811260,MA640118545735007275811260,DAT,MAD,2012-08-04,ACTIF,98669.21,1163,1163,5,5,26,26,1452.0,1452.0,2012-08-04,98669.21,Actif
1454,3230716091602472,0113963230716091602472,0113963230716091602472,MA640113963230716091602472,MA640113963230716091602472,COURANT,MAD,2015-07-27,ACTIF,46022607.07,1164,1164,5,5,27,27,,,2021-05-29,47076547.51,Inactif
1455,1474254739137054,0118261474254739137054,0118261474254739137054,MA640118261474254739137054,MA640118261474254739137054,COURANT,MAD,2015-07-30,ACTIF,8012667.29,1165,1165,5,5,26,26,,,2023-12-04,7628701.93,Inactif
1456,6965833550883521,0118266965833550883521,0118266965833550883521,MA640118266965833550883521,MA640118266965833550883521,COURANT,MAD,2008-12-19,ACTIF,85066.75,1166,1166,5,5,27,27,,,2024-07-19,89213.44,Faiblement actif
1457,5360427727089237,0118665360427727089237,0118665360427727089237,MA640118665360427727089237,MA640118665360427727089237,DAT,MAD,2009-05-03,ACTIF,27844.04,1166,1166,5,5,27,27,1456.0,1456.0,2009-05-03,27844.04,Actif
1458,2556065184731000,0111822556065184731000,0111822556065184731000,MA640111822556065184731000,MA640111822556065184731000,COURANT,MAD,2008-10-04,ACTIF,229455.43,1167,1167,5,5,26,26,,,2020-04-21,236119.87,Inactif
1459,8248331510443707,0119548248331510443707,0119548248331510443707,MA640119548248331510443707,MA640119548248331510443707,DAT,MAD,2009-03-07,ACTIF,113882.35,1167,1167,5,5,26,26,1458.0,1458.0,2009-03-07,113882.35,Actif
1460,8820754854226782,0117888820754854226782,0117888820754854226782,MA640117888820754854226782,MA640117888820754854226782,COURANT,MAD,2018-05-02,ACTIF,344932.5,1168,1168,5,5,27,27,,,2024-01-01,360296.92,Inactif
1461,9920456818599994,0117659920456818599994,0117659920456818599994,MA640117659920456818599994,MA640117659920456818599994,COURANT,MAD,2013-02-21,INACTIF,982797.49,1169,1169,5,5,26,26,,,2015-06-14,958057.69,Inactif
1462,2054979172630385,0118802054979172630385,0118802054979172630385,MA640118802054979172630385,MA640118802054979172630385,DAT,MAD,2013-12-05,ACTIF,490732.35,1169,1169,5,5,26,26,1461.0,1461.0,2013-12-05,490732.35,Actif
1463,9557022662520332,0113149557022662520332,0113149557022662520332,MA640113149557022662520332,MA640113149557022662520332,COURANT,MAD,2018-08-20,ACTIF,244791.19,1170,1170,5,5,27,27,,,2023-05-22,245094.75,Inactif
1464,3351318178064258,0115913351318178064258,0115913351318178064258,MA640115913351318178064258,MA640115913351318178064258,COURANT,MAD,2011-06-22,ACTIF,327211.17,1171,1171,5,5,26,26,,,2013-02-14,334816.48,Inactif
1465,5513571811365118,0113865513571811365118,0113865513571811365118,MA640113865513571811365118,MA640113865513571811365118,COURANT,MAD,2010-04-25,ACTIF,9521404.48,1172,1172,5,5,27,27,,,2014-08-18,9787193.68,Inactif
1466,9069404247323176,0117799069404247323176,0117799069404247323176,MA640117799069404247323176,MA640117799069404247323176,COURANT,MAD,2009-10-28,ACTIF,307499.71,1173,1173,5,5,26,26,,,2010-07-07,293867.58,Inactif
1467,2444932098603880,0117822444932098603880,0117822444932098603880,MA640117822444932098603880,MA640117822444932098603880,COURANT,MAD,2012-09-03,ACTIF,2265205.7,1174,1174,5,5,27,27,,,2017-03-06,2349149.86,Inactif
1468,5429484965640081,0118055429484965640081,0118055429484965640081,MA640118055429484965640081,MA640118055429484965640081,COURANT,MAD,2005-11-10,ACTIF,174760.2,1175,1175,5,5,26,26,,,2015-12-27,172405.42,Inactif
1469,4349065717316826,0119024349065717316826,0119024349065717316826,MA640119024349065717316826,MA640119024349065717316826,COURANT,MAD,2010-08-20,ACTIF,3488805.61,1176,1176,5,5,27,27,,,2018-11-30,3589650.8,Inactif
1470,6342093554260004,0118176342093554260004,0118176342093554260004,MA640118176342093554260004,MA640118176342093554260004,COURANT,MAD,2019-02-21,INACTIF,7097175.87,1177,1177,5,5,26,26,,,2020-11-03,7287264.11,Inactif
1471,5771977231471289,0116125771977231471289,0116125771977231471289,MA640116125771977231471289,MA640116125771977231471289,COURANT,MAD,2021-05-21,ACTIF,2991888.21,1178,1178,5,5,27,27,,,2024-09-29,3091001.24,Faiblement actif
1472,1991023654024238,0111041991023654024238,0111041991023654024238,MA640111041991023654024238,MA640111041991023654024238,COURANT,MAD,2006-07-25,ACTIF,2455792.71,1179,1179,5,5,26,26,,,2009-04-09,2413769.2,Inactif
1473,6368155121394849,0113516368155121394849,0113516368155121394849,MA640113516368155121394849,MA640113516368155121394849,COURANT,MAD,2014-09-26,ACTIF,250842.61,1180,1180,5,5,27,27,,,2019-04-25,262975.07,Inactif
1474,6190589424565419,0112376190589424565419,0112376190589424565419,MA640112376190589424565419,MA640112376190589424565419,COURANT,MAD,2014-01-17,ACTIF,328081.04,1181,1181,5,5,26,26,,,2023-06-18,340816.58,Inactif
1475,8563886699444020,0118258563886699444020,0118258563886699444020,MA640118258563886699444020,MA640118258563886699444020,DAT,MAD,2014-07-03,ACTIF,92295.73,1181,1181,5,5,26,26,1474.0,1474.0,2014-07-03,92295.73,Actif
1476,8552742450925836,0112348552742450925836,0112348552742450925836,MA640112348552742450925836,MA640112348552742450925836,COURANT,MAD,2016-10-22,ACTIF,81645886.67,1182,1182,5,5,27,27,,,2023-02-09,79817024.29,Inactif
1477,4436312052928178,0119334436312052928178,0119334436312052928178,MA640119334436312052928178,MA640119334436312052928178,COURANT,MAD,2018-03-17,INACTIF,151768.79,1183,1183,5,5,26,26,,,2023-05-06,148994.53,Inactif
1478,8279057481948183,0113438279057481948183,0113438279057481948183,MA640113438279057481948183,MA640113438279057481948183,COURANT,MAD,2009-05-12,ACTIF,4151864.34,1184,1184,5,5,27,27,,,2019-02-28,4174549.39,Inactif
1479,8819800622133813,0111348819800622133813,0111348819800622133813,MA640111348819800622133813,MA640111348819800622133813,COURANT,MAD,2021-08-18,ACTIF,389587.17,1185,1185,5,5,26,26,,,2023-09-09,382913.82,Inactif
1480,8574185997398934,0113138574185997398934,0113138574185997398934,MA640113138574185997398934,MA640113138574185997398934,COURANT,MAD,2005-01-07,ACTIF,74736615.2,1186,1186,5,5,27,27,,,2021-08-23,71440731.12,Inactif
1481,1204883425706469,0114921204883425706469,0114921204883425706469,MA640114921204883425706469,MA640114921204883425706469,COURANT,MAD,2021-05-04,ACTIF,9364616.79,1187,1187,5,5,26,26,,,2024-08-02,9686793.49,Faiblement actif
1482,6138681424237247,0115256138681424237247,0115256138681424237247,MA640115256138681424237247,MA640115256138681424237247,COURANT,MAD,2014-07-06,ACTIF,48045.36,1188,1188,5,5,27,27,,,2020-10-23,46980.38,Inactif
1483,1558186668833120,0116471558186668833120,0116471558186668833120,MA640116471558186668833120,MA640116471558186668833120,COURANT,MAD,2021-01-05,ACTIF,4156649.73,1189,1189,5,5,26,26,,,2021-10-10,3959954.4,Inactif
1484,3881172983897673,0117493881172983897673,0117493881172983897673,MA640117493881172983897673,MA640117493881172983897673,COURANT,MAD,2013-03-08,ACTIF,90335747.21,1190,1190,5,5,27,27,,,2015-06-06,86326886.3,Inactif
1485,7398639167527109,0115057398639167527109,0115057398639167527109,MA640115057398639167527109,MA640115057398639167527109,COURANT,MAD,2007-08-14,INACTIF,380384.11,1191,1191,5,5,26,26,,,2012-07-18,364116.05,Inactif
1486,4358406977550050,0118924358406977550050,0118924358406977550050,MA640118924358406977550050,MA640118924358406977550050,COURANT,MAD,2015-03-24,ACTIF,103673.83,1192,1192,5,5,27,27,,,2017-09-25,101856.28,Inactif
1487,1033693556641580,0117441033693556641580,0117441033693556641580,MA640117441033693556641580,MA640117441033693556641580,COURANT,MAD,2010-10-29,ACTIF,155206.81,1193,1193,5,5,26,26,,,2019-12-03,152605.22,Inactif
1488,3600961189047966,0119593600961189047966,0119593600961189047966,MA640119593600961189047966,MA640119593600961189047966,DAT,MAD,2011-04-23,ACTIF,57954.28,1193,1193,5,5,26,26,1487.0,1487.0,2011-04-23,57954.28,Actif
1489,6249167770477351,0113666249167770477351,0113666249167770477351,MA640113666249167770477351,MA640113666249167770477351,COURANT,MAD,2013-02-23,ACTIF,206979.0,1194,1194,5,5,27,27,,,2017-08-29,210693.31,Inactif
1490,5586479146312075,0118605586479146312075,0118605586479146312075,MA640118605586479146312075,MA640118605586479146312075,COURANT,MAD,2007-09-14,ACTIF,25874500.56,1195,1195,5,5,26,26,,,2017-04-01,25502134.54,Inactif
1491,1672138857484464,0117761672138857484464,0117761672138857484464,MA640117761672138857484464,MA640117761672138857484464,COURANT,MAD,2021-01-13,ACTIF,250101.35,1196,1196,5,5,27,27,,,2023-12-08,238699.28,Inactif
1492,2268620528333930,0113172268620528333930,0113172268620528333930,MA640113172268620528333930,MA640113172268620528333930,COURANT,MAD,2015-07-11,ACTIF,1332668.31,1197,1197,5,5,26,26,,,2022-02-19,1286940.29,Inactif
1493,7823509916536895,0118967823509916536895,0118967823509916536895,MA640118967823509916536895,MA640118967823509916536895,COURANT,MAD,2006-08-12,ACTIF,57810261.45,1198,1198,5,5,27,27,,,2022-01-03,56142090.62,Inactif
1494,1189640122163283,0114131189640122163283,0114131189640122163283,MA640114131189640122163283,MA640114131189640122163283,DAT,MAD,2006-10-07,ACTIF,30527308.99,1198,1198,5,5,27,27,1493.0,1493.0,2006-10-07,30527308.99,Actif
1495,9165758672658976,0114239165758672658976,0114239165758672658976,MA640114239165758672658976,MA640114239165758672658976,COURANT,MAD,2010-04-03,ACTIF,7817847.01,1199,1199,5,5,26,26,,,2010-07-18,7550488.92,Inactif
1496,3813671979666060,0115613813671979666060,0115613813671979666060,MA640115613813671979666060,MA640115613813671979666060,COURANT,MAD,2017-10-06,ACTIF,227157.83,1200,1200,5,5,27,27,,,2023-06-11,236244.84,Inactif
1497,4111066794665098,0118764111066794665098,0118764111066794665098,MA640118764111066794665098,MA640118764111066794665098,DAT,MAD,2018-06-18,ACTIF,64896.13,1200,1200,5,5,27,27,1496.0,1496.0,2018-06-18,64896.13,Actif
1498,6394007486833621,0119646394007486833621,0119646394007486833621,MA640119646394007486833621,MA640119646394007486833621,COURANT,MAD,2013-04-21,ACTIF,3159398.86,1201,1201,5,5,26,26,,,2018-07-04,3204448.89,Inactif
1499,2440324387091587,0113152440324387091587,0113152440324387091587,MA640113152440324387091587,MA640113152440324387091587,COURANT,MAD,2012-11-30,ACTIF,421084.71,1202,1202,5,5,27,27,,,2024-10-29,413065.61,Actif
1500,2925374424657987,0113242925374424657987,0113242925374424657987,MA640113242925374424657987,MA640113242925374424657987,COURANT,MAD,2007-11-19,ACTIF,5794879.65,1203,1203,5,5,26,26,,,2012-05-23,5813157.98,Inactif
1501,9787852733507351,0113599787852733507351,0113599787852733507351,MA640113599787852733507351,MA640113599787852733507351,COURANT,MAD,2017-09-02,ACTIF,67297.06,1204,1204,5,5,27,27,,,2021-09-09,65221.25,Inactif
1502,5742888890686827,0113015742888890686827,0113015742888890686827,MA640113015742888890686827,MA640113015742888890686827,COURANT,MAD,2019-08-21,ACTIF,483405.15,1205,1205,5,5,26,26,,,2021-04-26,495624.21,Inactif
1503,3435263852079076,0111643435263852079076,0111643435263852079076,MA640111643435263852079076,MA640111643435263852079076,COURANT,MAD,2020-12-11,ACTIF,150434.4,1206,1206,5,5,27,27,,,2024-02-10,149276.89,Inactif
1504,2872634143138697,0118902872634143138697,0118902872634143138697,MA640118902872634143138697,MA640118902872634143138697,COURANT,MAD,2005-12-22,ACTIF,6056948.87,1207,1207,5,5,26,26,,,2018-06-26,5762615.75,Inactif
1505,6223604867741265,0115796223604867741265,0115796223604867741265,MA640115796223604867741265,MA640115796223604867741265,DAT,MAD,2006-08-23,ACTIF,2165358.88,1207,1207,5,5,26,26,1504.0,1504.0,2006-08-23,2165358.88,Actif
1506,8027482287475654,0112698027482287475654,0112698027482287475654,MA640112698027482287475654,MA640112698027482287475654,COURANT,MAD,2011-01-06,INACTIF,459110.1,1208,1208,5,5,27,27,,,2018-03-12,440166.13,Inactif
1507,1224078196928218,0114171224078196928218,0114171224078196928218,MA640114171224078196928218,MA640114171224078196928218,COURANT,MAD,2012-12-01,INACTIF,447650.64,1209,1209,5,5,26,26,,,2017-09-06,429381.73,Inactif
1508,9757390936095200,0117859757390936095200,0117859757390936095200,MA640117859757390936095200,MA640117859757390936095200,COURANT,MAD,2010-05-12,ACTIF,3292791.15,1210,1210,5,5,27,27,,,2010-11-02,3204226.53,Inactif
1509,3161978486299338,0113443161978486299338,0113443161978486299338,MA640113443161978486299338,MA640113443161978486299338,DAT,MAD,2011-01-05,ACTIF,1464016.48,1210,1210,5,5,27,27,1508.0,1508.0,2011-01-05,1464016.48,Actif
1510,7009142311144001,0118007009142311144001,0118007009142311144001,MA640118007009142311144001,MA640118007009142311144001,COURANT,MAD,2013-01-04,ACTIF,333932.1,1211,1211,5,5,26,26,,,2017-01-20,346717.11,Inactif
1511,5674144851462177,0112255674144851462177,0112255674144851462177,MA640112255674144851462177,MA640112255674144851462177,COURANT,MAD,2020-09-24,ACTIF,257350.7,1212,1212,5,5,27,27,,,2023-11-13,263316.86,Inactif
1512,7306944378364441,0111797306944378364441,0111797306944378364441,MA640111797306944378364441,MA640111797306944378364441,COURANT,MAD,2008-11-20,ACTIF,115118.68,1213,1213,5,5,26,26,,,2018-03-12,111381.98,Inactif
1513,8957979328333498,0111738957979328333498,0111738957979328333498,MA640111738957979328333498,MA640111738957979328333498,COURANT,MAD,2007-06-22,INACTIF,45458560.87,1214,1214,5,5,27,27,,,2023-04-08,46913723.03,Inactif
1514,4055719417928980,0111344055719417928980,0111344055719417928980,MA640111344055719417928980,MA640111344055719417928980,COURANT,MAD,2011-08-09,INACTIF,281547.98,1215,1215,5,5,26,26,,,2015-02-07,293289.0,Inactif
1515,5798575077576135,0111345798575077576135,0111345798575077576135,MA640111345798575077576135,MA640111345798575077576135,COURANT,MAD,2007-02-02,ACTIF,224735.94,1216,1216,5,5,27,27,,,2021-02-01,224852.69,Inactif
1516,7560606981117200,0115487560606981117200,0115487560606981117200,MA640115487560606981117200,MA640115487560606981117200,COURANT,MAD,2009-08-13,INACTIF,4666998.88,1217,1217,5,5,26,26,,,2020-06-05,4743343.06,Inactif
1517,9014124873370753,0113729014124873370753,0113729014124873370753,MA640113729014124873370753,MA640113729014124873370753,DAT,MAD,2009-12-07,ACTIF,2160799.1,1217,1217,5,5,26,26,1516.0,1516.0,2009-12-07,2160799.1,Actif
1518,1860930935413170,0115761860930935413170,0115761860930935413170,MA640115761860930935413170,MA640115761860930935413170,COURANT,MAD,2015-11-10,INACTIF,4425520.86,1218,1218,5,5,27,27,,,2020-05-25,4243221.24,Inactif
1519,5878658022716418,0113645878658022716418,0113645878658022716418,MA640113645878658022716418,MA640113645878658022716418,DAT,MAD,2016-08-10,ACTIF,2232142.51,1218,1218,5,5,27,27,1518.0,1518.0,2016-08-10,2232142.51,Actif
1520,5783508733850233,0115635783508733850233,0115635783508733850233,MA640115635783508733850233,MA640115635783508733850233,COURANT,MAD,2013-09-28,ACTIF,348720.09,1219,1219,5,5,26,26,,,2021-09-17,351193.4,Inactif
1521,7955270081382845,0119437955270081382845,0119437955270081382845,MA640119437955270081382845,MA640119437955270081382845,COURANT,MAD,2008-03-27,ACTIF,80869441.41,1220,1220,5,5,27,27,,,2011-07-07,84325929.59,Inactif
1522,8696648016513672,0117188696648016513672,0117188696648016513672,MA640117188696648016513672,MA640117188696648016513672,COURANT,MAD,2012-03-09,ACTIF,361548.84,1221,1221,5,5,26,26,,,2014-09-16,364741.37,Inactif
1523,5223487268086830,0112145223487268086830,0112145223487268086830,MA640112145223487268086830,MA640112145223487268086830,COURANT,MAD,2018-10-20,ACTIF,1131861.58,1222,1222,5,5,27,27,,,2024-02-22,1134912.08,Inactif
1524,6742169448500243,0115706742169448500243,0115706742169448500243,MA640115706742169448500243,MA640115706742169448500243,COURANT,MAD,2020-12-18,ACTIF,274005.82,1223,1223,5,5,26,26,,,2023-04-28,274458.72,Inactif
1525,8141156211240901,0119868141156211240901,0119868141156211240901,MA640119868141156211240901,MA640119868141156211240901,COURANT,MAD,2010-07-04,ACTIF,3745866.32,1224,1224,5,5,27,27,,,2024-02-25,3797096.76,Inactif
1526,5343432318124524,0115445343432318124524,0115445343432318124524,MA640115445343432318124524,MA640115445343432318124524,COURANT,MAD,2009-04-28,ACTIF,77900.49,1225,1225,5,5,26,26,,,2013-04-20,76027.01,Inactif
1527,4336976193967309,0111524336976193967309,0111524336976193967309,MA640111524336976193967309,MA640111524336976193967309,DAT,MAD,2010-01-02,ACTIF,30811.24,1225,1225,5,5,26,26,1526.0,1526.0,2010-01-02,30811.24,Actif
1528,3721271442352496,0114853721271442352496,0114853721271442352496,MA640114853721271442352496,MA640114853721271442352496,COURANT,MAD,2020-03-18,ACTIF,3062032.76,1226,1226,5,5,27,27,,,2024-12-31,3126303.31,Actif
1529,2857663347432847,0114682857663347432847,0114682857663347432847,MA640114682857663347432847,MA640114682857663347432847,COURANT,MAD,2016-09-12,ACTIF,179910.47,1227,1227,5,5,26,26,,,2020-04-18,171676.88,Inactif
1530,5526403873150629,0119845526403873150629,0119845526403873150629,MA640119845526403873150629,MA640119845526403873150629,DAT,MAD,2017-03-23,ACTIF,92627.19,1227,1227,5,5,26,26,1529.0,1529.0,2017-03-23,92627.19,Actif
1531,6401303935820600,0112366401303935820600,0112366401303935820600,MA640112366401303935820600,MA640112366401303935820600,COURANT,MAD,2019-08-11,INACTIF,8546976.3,1228,1228,5,5,27,27,,,2022-08-11,8641907.05,Inactif
1532,2950772272275316,0118562950772272275316,0118562950772272275316,MA640118562950772272275316,MA640118562950772272275316,COURANT,MAD,2011-05-06,ACTIF,92061.53,1229,1229,5,5,26,26,,,2013-05-01,92694.9,Inactif
1533,3156943078618665,0118913156943078618665,0118913156943078618665,MA640118913156943078618665,MA640118913156943078618665,DAT,MAD,2011-12-21,ACTIF,36431.09,1229,1229,5,5,26,26,1532.0,1532.0,2011-12-21,36431.09,Actif
1534,4368023174612618,0115734368023174612618,0115734368023174612618,MA640115734368023174612618,MA640115734368023174612618,COURANT,MAD,2012-01-12,ACTIF,91018174.11,1230,1230,5,5,27,27,,,2021-05-27,93757618.83,Inactif
1535,8469340556243719,0118008469340556243719,0118008469340556243719,MA640118008469340556243719,MA640118008469340556243719,COURANT,MAD,2010-06-27,ACTIF,6198727.7,1231,1231,5,5,26,26,,,2016-09-29,6095276.12,Inactif
1536,8068032122882585,0115238068032122882585,0115238068032122882585,MA640115238068032122882585,MA640115238068032122882585,DAT,MAD,2010-10-29,ACTIF,2734719.47,1231,1231,5,5,26,26,1535.0,1535.0,2010-10-29,2734719.47,Actif
1537,9196812630806031,0112259196812630806031,0112259196812630806031,MA640112259196812630806031,MA640112259196812630806031,COURANT,MAD,2020-01-22,INACTIF,5750896.39,1232,1232,5,5,27,27,,,2021-01-22,5530725.82,Inactif
1538,3991984528723094,0112793991984528723094,0112793991984528723094,MA640112793991984528723094,MA640112793991984528723094,COURANT,MAD,2008-04-14,ACTIF,49686.82,1233,1233,5,5,26,26,,,2019-09-25,49396.37,Inactif
1539,5677723542299895,0112895677723542299895,0112895677723542299895,MA640112895677723542299895,MA640112895677723542299895,COURANT,MAD,2019-09-28,INACTIF,469823.36,1234,1234,5,5,27,27,,,2023-08-01,455604.16,Inactif
1540,5939977247340011,0114495939977247340011,0114495939977247340011,MA640114495939977247340011,MA640114495939977247340011,COURANT,MAD,2008-04-03,ACTIF,1038452.16,1235,1235,5,5,26,26,,,2009-09-12,1032612.56,Inactif
1541,2148074245068257,0113442148074245068257,0113442148074245068257,MA640113442148074245068257,MA640113442148074245068257,COURANT,MAD,2021-10-15,ACTIF,162557.31,1236,1236,5,5,27,27,,,2021-10-22,170175.15,Inactif
1542,3022158967860255,0116173022158967860255,0116173022158967860255,MA640116173022158967860255,MA640116173022158967860255,COURANT,MAD,2006-01-12,ACTIF,159429.31,1237,1237,5,5,26,26,,,2016-09-05,164260.04,Inactif
1543,5138626369965419,0111095138626369965419,0111095138626369965419,MA640111095138626369965419,MA640111095138626369965419,DAT,MAD,2006-12-21,ACTIF,44727.54,1237,1237,5,5,26,26,1542.0,1542.0,2006-12-21,44727.54,Actif
1544,5835723869462324,0114895835723869462324,0114895835723869462324,MA640114895835723869462324,MA640114895835723869462324,COURANT,MAD,2010-05-28,ACTIF,58377624.14,1238,1238,5,5,27,27,,,2012-08-26,59850793.72,Inactif
1545,3613205129831895,0111943613205129831895,0111943613205129831895,MA640111943613205129831895,MA640111943613205129831895,COURANT,MAD,2020-05-25,ACTIF,5883711.74,1239,1239,5,5,26,26,,,2024-10-07,6176111.29,Actif
1546,8246344064731709,0119708246344064731709,0119708246344064731709,MA640119708246344064731709,MA640119708246344064731709,COURANT,MAD,2007-10-09,ACTIF,3730191.71,1240,1240,5,5,27,27,,,2019-10-18,3804543.06,Inactif
1547,8031016382244794,0111518031016382244794,0111518031016382244794,MA640111518031016382244794,MA640111518031016382244794,COURANT,MAD,2008-11-06,ACTIF,314427.88,1241,1241,5,5,26,26,,,2012-10-08,315563.32,Inactif
1548,9026017797384713,0116339026017797384713,0116339026017797384713,MA640116339026017797384713,MA640116339026017797384713,COURANT,MAD,2015-11-29,ACTIF,426263.96,1242,1242,5,5,27,27,,,2023-01-31,445828.61,Inactif
1549,4276080112207378,0113074276080112207378,0113074276080112207378,MA640113074276080112207378,MA640113074276080112207378,COURANT,MAD,2005-11-18,ACTIF,281256.74,1243,1243,5,5,26,26,,,2024-12-27,288856.53,Actif
1550,2384157972960123,0111422384157972960123,0111422384157972960123,MA640111422384157972960123,MA640111422384157972960123,DAT,MAD,2006-07-04,ACTIF,156928.35,1243,1243,5,5,26,26,1549.0,1549.0,2006-07-04,156928.35,Actif
1551,7900797911916830,0112557900797911916830,0112557900797911916830,MA640112557900797911916830,MA640112557900797911916830,COURANT,MAD,2021-04-08,ACTIF,1661204.11,1244,1244,5,5,27,27,,,2022-08-03,1709301.23,Inactif
1552,4811538599589032,0119454811538599589032,0119454811538599589032,MA640119454811538599589032,MA640119454811538599589032,COURANT,MAD,2016-12-29,ACTIF,41117338.05,1245,1245,5,5,26,26,,,2022-08-06,42093922.41,Inactif
1553,9750967539872793,0113609750967539872793,0113609750967539872793,MA640113609750967539872793,MA640113609750967539872793,COURANT,MAD,2008-03-16,INACTIF,65253.74,1246,1246,5,5,27,27,,,2023-06-15,67882.62,Inactif
1554,6530423141523514,0114976530423141523514,0114976530423141523514,MA640114976530423141523514,MA640114976530423141523514,COURANT,MAD,2009-01-08,INACTIF,35226.23,1247,1247,5,5,26,26,,,2017-06-09,36619.16,Inactif
1555,5270187651074256,0119575270187651074256,0119575270187651074256,MA640119575270187651074256,MA640119575270187651074256,COURANT,MAD,2006-09-04,ACTIF,485691.69,1248,1248,5,5,27,27,,,2008-04-18,473075.34,Inactif
1556,6078295130436467,0119746078295130436467,0119746078295130436467,MA640119746078295130436467,MA640119746078295130436467,COURANT,MAD,2013-04-25,ACTIF,6393043.61,1249,1249,5,5,26,26,,,2016-12-18,6690887.3,Inactif
1557,6730956220710416,0116396730956220710416,0116396730956220710416,MA640116396730956220710416,MA640116396730956220710416,COURANT,MAD,2017-08-28,INACTIF,229991.3,1250,1250,5,5,27,27,,,2018-01-24,237446.65,Inactif
1558,1587329798560124,0118651587329798560124,0118651587329798560124,MA640118651587329798560124,MA640118651587329798560124,DAT,MAD,2018-04-27,ACTIF,153093.49,1250,1250,5,5,27,27,1557.0,1557.0,2018-04-27,153093.49,Actif
1559,6621562089341174,0114036621562089341174,0114036621562089341174,MA640114036621562089341174,MA640114036621562089341174,COURANT,MAD,2012-05-16,ACTIF,268607.7,1251,1251,5,5,26,26,,,2012-10-07,269631.35,Inactif
1560,5503010936743100,0117755503010936743100,0117755503010936743100,MA640117755503010936743100,MA640117755503010936743100,DAT,MAD,2013-04-24,ACTIF,127631.26,1251,1251,5,5,26,26,1559.0,1559.0,2013-04-24,127631.26,Actif
1561,6096715127998275,0119426096715127998275,0119426096715127998275,MA640119426096715127998275,MA640119426096715127998275,COURANT,MAD,2018-09-11,INACTIF,258000.62,1252,1252,5,5,27,27,,,2022-03-13,263125.32,Inactif
1562,4863997552875790,0116574863997552875790,0116574863997552875790,MA640116574863997552875790,MA640116574863997552875790,COURANT,MAD,2016-08-21,ACTIF,4222490.52,1253,1253,5,5,26,26,,,2021-11-30,4290772.63,Inactif
1563,1751328333850475,0114571751328333850475,0114571751328333850475,MA640114571751328333850475,MA640114571751328333850475,COURANT,MAD,2019-12-21,INACTIF,82943387.0,1254,1254,5,5,27,27,,,2023-10-20,80897704.14,Inactif
1564,4412403311877145,0113724412403311877145,0113724412403311877145,MA640113724412403311877145,MA640113724412403311877145,COURANT,MAD,2005-01-30,ACTIF,388222.5,1255,1255,5,5,26,26,,,2015-06-02,400281.32,Inactif
1565,9275126079230816,0112759275126079230816,0112759275126079230816,MA640112759275126079230816,MA640112759275126079230816,COURANT,MAD,2008-09-25,ACTIF,9257546.74,1256,1256,5,5,27,27,,,2017-02-20,9307849.15,Inactif
1566,1408442467129494,0118671408442467129494,0118671408442467129494,MA640118671408442467129494,MA640118671408442467129494,COURANT,MAD,2016-10-23,ACTIF,6621918.69,1257,1257,5,5,26,26,,,2021-09-03,6486388.16,Inactif
1567,2638245677057321,0113032638245677057321,0113032638245677057321,MA640113032638245677057321,MA640113032638245677057321,COURANT,MAD,2015-12-10,ACTIF,3464199.26,1258,1258,5,5,27,27,,,2024-07-04,3449258.53,Inactif
1568,1885672032911582,0119291885672032911582,0119291885672032911582,MA640119291885672032911582,MA640119291885672032911582,COURANT,MAD,2012-10-18,ACTIF,381376.42,1259,1259,5,5,26,26,,,2016-07-07,364771.31,Inactif
1569,8366865219693867,0117878366865219693867,0117878366865219693867,MA640117878366865219693867,MA640117878366865219693867,COURANT,MAD,2007-07-12,ACTIF,1407242.2,1260,1260,5,5,27,27,,,2015-07-10,1429233.94,Inactif
1570,5754195128614886,0117005754195128614886,0117005754195128614886,MA640117005754195128614886,MA640117005754195128614886,DAT,MAD,2008-04-27,ACTIF,452711.76,1260,1260,5,5,27,27,1569.0,1569.0,2008-04-27,452711.76,Actif
1571,1048122826132729,0116601048122826132729,0116601048122826132729,MA640116601048122826132729,MA640116601048122826132729,COURANT,MAD,2020-11-20,ACTIF,1195560.34,1261,1261,5,5,26,26,,,2021-10-09,1175347.74,Inactif
1572,4059802428236300,0115884059802428236300,0115884059802428236300,MA640115884059802428236300,MA640115884059802428236300,COURANT,MAD,2009-04-17,ACTIF,2268250.33,1262,1262,5,5,27,27,,,2015-07-16,2376138.28,Inactif
1573,4964071842025663,0117154964071842025663,0117154964071842025663,MA640117154964071842025663,MA640117154964071842025663,DAT,MAD,2009-09-12,ACTIF,1139977.33,1262,1262,5,5,27,27,1572.0,1572.0,2009-09-12,1139977.33,Actif
1574,3265134859039768,0118683265134859039768,0118683265134859039768,MA640118683265134859039768,MA640118683265134859039768,COURANT,MAD,2021-12-11,ACTIF,65185.28,1263,1263,5,5,26,26,,,2022-03-14,63665.28,Inactif
1575,4217313785316790,0119074217313785316790,0119074217313785316790,MA640119074217313785316790,MA640119074217313785316790,COURANT,MAD,2009-01-11,ACTIF,25809644.12,1264,1264,5,5,27,27,,,2014-03-13,26084429.53,Inactif
1576,4113428974670302,0117954113428974670302,0117954113428974670302,MA640117954113428974670302,MA640117954113428974670302,COURANT,MAD,2005-12-26,ACTIF,568001.75,1265,1265,5,5,26,26,,,2020-05-23,595303.31,Inactif
1577,8544946157830152,0119638544946157830152,0119638544946157830152,MA640119638544946157830152,MA640119638544946157830152,COURANT,MAD,2021-10-21,ACTIF,6001629.42,1266,1266,5,5,27,27,,,2024-09-29,6120806.33,Faiblement actif
1578,2288877048585210,0119402288877048585210,0119402288877048585210,MA640119402288877048585210,MA640119402288877048585210,COURANT,MAD,2007-09-21,ACTIF,1586177.61,1267,1267,5,5,26,26,,,2020-03-15,1519367.4,Inactif
1579,9708710816282443,0117049708710816282443,0117049708710816282443,MA640117049708710816282443,MA640117049708710816282443,DAT,MAD,2007-12-25,ACTIF,738991.27,1267,1267,5,5,26,26,1578.0,1578.0,2007-12-25,738991.27,Actif
1580,4655849178606405,0111584655849178606405,0111584655849178606405,MA640111584655849178606405,MA640111584655849178606405,COURANT,MAD,2005-09-16,ACTIF,260094.46,1268,1268,5,5,27,27,,,2024-11-18,272205.37,Actif
1581,2582674584771859,0114222582674584771859,0114222582674584771859,MA640114222582674584771859,MA640114222582674584771859,COURANT,MAD,2014-11-08,ACTIF,57374.78,1269,1269,5,5,26,26,,,2016-04-04,56365.9,Inactif
1582,4451483973152163,0113954451483973152163,0113954451483973152163,MA640113954451483973152163,MA640113954451483973152163,COURANT,MAD,2021-03-23,ACTIF,54536.39,1270,1270,5,5,27,27,,,2024-06-07,55426.08,Inactif
1583,2676032875018436,0115822676032875018436,0115822676032875018436,MA640115822676032875018436,MA640115822676032875018436,DAT,MAD,2021-05-28,ACTIF,34809.36,1270,1270,5,5,27,27,1582.0,1582.0,2021-05-28,34996.13,Actif
1584,3689848044386595,0111303689848044386595,0111303689848044386595,MA640111303689848044386595,MA640111303689848044386595,COURANT,MAD,2008-05-26,ACTIF,94025869.38,1271,1271,5,5,26,26,,,2016-05-24,92220254.16,Inactif
1585,6316740054231976,0116426316740054231976,0116426316740054231976,MA640116426316740054231976,MA640116426316740054231976,COURANT,MAD,2012-07-24,ACTIF,254541.82,1272,1272,5,5,27,27,,,2023-06-24,266884.23,Inactif
1586,1065928769389107,0114861065928769389107,0114861065928769389107,MA640114861065928769389107,MA640114861065928769389107,COURANT,MAD,2019-01-02,ACTIF,7829256.91,1273,1273,5,5,26,26,,,2020-07-08,8166606.32,Inactif
1587,7307742645341746,0119147307742645341746,0119147307742645341746,MA640119147307742645341746,MA640119147307742645341746,COURANT,MAD,2009-03-15,ACTIF,33735.23,1274,1274,5,5,27,27,,,2011-07-11,34894.99,Inactif
1588,9581985530649460,0116139581985530649460,0116139581985530649460,MA640116139581985530649460,MA640116139581985530649460,COURANT,MAD,2009-01-23,ACTIF,192647.62,1275,1275,5,5,26,26,,,2017-01-13,185978.27,Inactif
1589,8860196593906197,0117948860196593906197,0117948860196593906197,MA640117948860196593906197,MA640117948860196593906197,DAT,MAD,2009-11-22,ACTIF,81251.83,1275,1275,5,5,26,26,1588.0,1588.0,2009-11-22,81251.83,Actif
1590,5899156925699005,0113525899156925699005,0113525899156925699005,MA640113525899156925699005,MA640113525899156925699005,COURANT,MAD,2009-10-03,ACTIF,144609.42,1276,1276,5,5,27,27,,,2018-10-10,137685.6,Inactif
1591,2777024467788626,0114822777024467788626,0114822777024467788626,MA640114822777024467788626,MA640114822777024467788626,COURANT,MAD,2010-05-07,INACTIF,388206.76,1277,1277,5,5,26,26,,,2019-09-27,395262.22,Inactif
1592,6373847573066275,0113016373847573066275,0113016373847573066275,MA640113016373847573066275,MA640113016373847573066275,COURANT,MAD,2008-07-24,ACTIF,350104.97,1278,1278,5,5,27,27,,,2020-04-18,364640.38,Inactif
1593,9690938284286228,0119549690938284286228,0119549690938284286228,MA640119549690938284286228,MA640119549690938284286228,DAT,MAD,2009-01-03,ACTIF,117879.07,1278,1278,5,5,27,27,1592.0,1592.0,2009-01-03,117879.07,Actif
1594,4592094831036217,0114944592094831036217,0114944592094831036217,MA640114944592094831036217,MA640114944592094831036217,COURANT,MAD,2018-07-06,ACTIF,7638533.14,1279,1279,5,5,26,26,,,2024-04-15,7830660.17,Inactif
1595,4225646390452198,0114664225646390452198,0114664225646390452198,MA640114664225646390452198,MA640114664225646390452198,COURANT,MAD,2007-09-29,ACTIF,10654.91,1280,1280,5,5,27,27,,,2015-12-19,10411.39,Inactif
1596,3427199290542459,0112923427199290542459,0112923427199290542459,MA640112923427199290542459,MA640112923427199290542459,COURANT,MAD,2013-02-26,ACTIF,6216527.16,1281,1281,6,6,30,30,,,2023-08-26,6118348.77,Inactif
1597,2128599744085780,0111952128599744085780,0111952128599744085780,MA640111952128599744085780,MA640111952128599744085780,DAT,MAD,2013-04-12,ACTIF,2291190.7,1281,1281,6,6,30,30,1596.0,1596.0,2013-04-12,2291190.7,Actif
1598,5088008571108953,0118375088008571108953,0118375088008571108953,MA640118375088008571108953,MA640118375088008571108953,COURANT,MAD,2013-01-14,ACTIF,6232072.69,1282,1282,6,6,31,31,,,2020-06-01,5967426.91,Inactif
1599,1495813046971540,0115741495813046971540,0115741495813046971540,MA640115741495813046971540,MA640115741495813046971540,COURANT,MAD,2015-11-29,ACTIF,337621.31,1283,1283,6,6,30,30,,,2024-06-10,323140.28,Inactif
1600,9095404651611540,0111699095404651611540,0111699095404651611540,MA640111699095404651611540,MA640111699095404651611540,COURANT,MAD,2006-06-21,ACTIF,5801643.19,1284,1284,6,6,31,31,,,2014-08-24,5850597.25,Inactif
1601,4127465991818981,0115614127465991818981,0115614127465991818981,MA640115614127465991818981,MA640115614127465991818981,COURANT,MAD,2009-03-19,INACTIF,8615857.68,1285,1285,6,6,30,30,,,2017-11-05,8359794.64,Inactif
1602,5605319973101388,0111215605319973101388,0111215605319973101388,MA640111215605319973101388,MA640111215605319973101388,COURANT,MAD,2013-03-10,ACTIF,6666903.32,1286,1286,6,6,31,31,,,2017-10-19,6535811.18,Inactif
1603,7964407412708318,0111527964407412708318,0111527964407412708318,MA640111527964407412708318,MA640111527964407412708318,COURANT,MAD,2018-05-09,ACTIF,9048989.83,1287,1287,6,6,30,30,,,2021-08-22,8931950.16,Inactif
1604,9578220147300958,0117399578220147300958,0117399578220147300958,MA640117399578220147300958,MA640117399578220147300958,COURANT,MAD,2014-06-21,ACTIF,250971.85,1288,1288,6,6,31,31,,,2024-06-15,255748.43,Inactif
1605,9861538777947696,0116149861538777947696,0116149861538777947696,MA640116149861538777947696,MA640116149861538777947696,COURANT,MAD,2010-08-01,INACTIF,222337.26,1289,1289,6,6,30,30,,,2020-10-25,221794.61,Inactif
1606,8894601023538227,0116908894601023538227,0116908894601023538227,MA640116908894601023538227,MA640116908894601023538227,DAT,MAD,2011-04-05,ACTIF,135800.51,1289,1289,6,6,30,30,1605.0,1605.0,2011-04-05,135800.51,Actif
1607,6505344643184936,0113376505344643184936,0113376505344643184936,MA640113376505344643184936,MA640113376505344643184936,COURANT,MAD,2008-03-10,ACTIF,196666.74,1290,1290,6,6,31,31,,,2015-02-06,187837.9,Inactif
1608,6631497770297819,0116696631497770297819,0116696631497770297819,MA640116696631497770297819,MA640116696631497770297819,COURANT,MAD,2008-02-20,ACTIF,135526.7,1291,1291,6,6,30,30,,,2010-08-12,133507.87,Inactif
1609,1894908284252887,0119511894908284252887,0119511894908284252887,MA640119511894908284252887,MA640119511894908284252887,COURANT,MAD,2006-02-11,ACTIF,405562.36,1292,1292,6,6,31,31,,,2009-05-02,388074.25,Inactif
1610,9372404096078953,0116759372404096078953,0116759372404096078953,MA640116759372404096078953,MA640116759372404096078953,COURANT,MAD,2016-09-19,INACTIF,1264916.93,1293,1293,6,6,30,30,,,2022-09-15,1232615.92,Inactif
1611,1858742593821737,0116961858742593821737,0116961858742593821737,MA640116961858742593821737,MA640116961858742593821737,COURANT,MAD,2008-03-23,ACTIF,86479.42,1294,1294,6,6,31,31,,,2017-04-17,87511.53,Inactif
1612,5492730959380026,0116735492730959380026,0116735492730959380026,MA640116735492730959380026,MA640116735492730959380026,COURANT,MAD,2006-09-08,ACTIF,1089213.78,1295,1295,6,6,30,30,,,2011-01-08,1141150.87,Inactif
1613,3727328626640129,0115263727328626640129,0115263727328626640129,MA640115263727328626640129,MA640115263727328626640129,COURANT,MAD,2021-06-23,ACTIF,354547.85,1296,1296,6,6,31,31,,,2024-06-11,356718.91,Inactif
1614,9351746044286083,0118699351746044286083,0118699351746044286083,MA640118699351746044286083,MA640118699351746044286083,COURANT,MAD,2009-05-11,INACTIF,371164.65,1297,1297,6,6,30,30,,,2015-01-31,383291.4,Inactif
1615,5099355010304210,0113775099355010304210,0113775099355010304210,MA640113775099355010304210,MA640113775099355010304210,DAT,MAD,2009-07-28,ACTIF,114452.04,1297,1297,6,6,30,30,1614.0,1614.0,2009-07-28,114452.04,Actif
1616,6966819659605740,0111376966819659605740,0111376966819659605740,MA640111376966819659605740,MA640111376966819659605740,COURANT,MAD,2007-08-23,ACTIF,81191.36,1298,1298,6,6,31,31,,,2016-11-04,82047.67,Inactif
1617,1541571569664207,0118941541571569664207,0118941541571569664207,MA640118941541571569664207,MA640118941541571569664207,COURANT,MAD,2010-02-25,ACTIF,321543.69,1299,1299,6,6,30,30,,,2023-10-09,313604.37,Inactif
1618,3165315133684726,0118583165315133684726,0118583165315133684726,MA640118583165315133684726,MA640118583165315133684726,DAT,MAD,2010-12-20,ACTIF,109875.02,1299,1299,6,6,30,30,1617.0,1617.0,2010-12-20,109875.02,Actif
1619,5100406530651921,0114385100406530651921,0114385100406530651921,MA640114385100406530651921,MA640114385100406530651921,COURANT,MAD,2011-02-10,ACTIF,367823.35,1300,1300,6,6,31,31,,,2021-04-12,354449.09,Inactif
1620,9042431630025540,0116899042431630025540,0116899042431630025540,MA640116899042431630025540,MA640116899042431630025540,COURANT,MAD,2008-09-18,INACTIF,2660368.92,1301,1301,6,6,30,30,,,2017-02-13,2762062.55,Inactif
1621,6516987964742774,0119316516987964742774,0119316516987964742774,MA640119316516987964742774,MA640119316516987964742774,COURANT,MAD,2016-05-15,ACTIF,460251.73,1302,1302,6,6,31,31,,,2023-06-12,460543.31,Inactif
1622,7193367985201148,0116207193367985201148,0116207193367985201148,MA640116207193367985201148,MA640116207193367985201148,COURANT,MAD,2008-02-01,ACTIF,141550.35,1303,1303,6,6,30,30,,,2023-11-01,146694.49,Inactif
1623,1803134953300586,0111681803134953300586,0111681803134953300586,MA640111681803134953300586,MA640111681803134953300586,COURANT,MAD,2017-11-03,ACTIF,364884.15,1304,1304,6,6,31,31,,,2019-12-11,370869.07,Inactif
1624,6773567276513637,0111566773567276513637,0111566773567276513637,MA640111566773567276513637,MA640111566773567276513637,COURANT,MAD,2020-02-27,ACTIF,75723.22,1305,1305,6,6,30,30,,,2022-09-25,79138.35,Inactif
1625,4011835012687119,0113964011835012687119,0113964011835012687119,MA640113964011835012687119,MA640113964011835012687119,COURANT,MAD,2011-10-06,INACTIF,260848.88,1306,1306,6,6,31,31,,,2017-07-12,259462.97,Inactif
1626,1790172016273521,0114861790172016273521,0114861790172016273521,MA640114861790172016273521,MA640114861790172016273521,DAT,MAD,2012-05-02,ACTIF,97935.21,1306,1306,6,6,31,31,1625.0,1625.0,2012-05-02,97935.21,Actif
1627,7633077172390872,0115067633077172390872,0115067633077172390872,MA640115067633077172390872,MA640115067633077172390872,COURANT,MAD,2017-04-09,ACTIF,93168.46,1307,1307,6,6,30,30,,,2021-03-21,91160.99,Inactif
1628,2483094830904348,0115482483094830904348,0115482483094830904348,MA640115482483094830904348,MA640115482483094830904348,DAT,MAD,2017-05-09,ACTIF,57122.52,1307,1307,6,6,30,30,1627.0,1627.0,2017-05-09,57122.52,Actif
1629,7290961323768845,0118527290961323768845,0118527290961323768845,MA640118527290961323768845,MA640118527290961323768845,COURANT,MAD,2005-03-30,ACTIF,88253301.02,1308,1308,6,6,31,31,,,2015-02-02,86978700.03,Inactif
1630,4967869933950870,0118794967869933950870,0118794967869933950870,MA640118794967869933950870,MA640118794967869933950870,COURANT,MAD,2021-01-07,ACTIF,166268.65,1309,1309,6,6,30,30,,,2024-12-03,159257.27,Actif
1631,4947469738274202,0118044947469738274202,0118044947469738274202,MA640118044947469738274202,MA640118044947469738274202,COURANT,MAD,2015-11-08,ACTIF,5737751.46,1310,1310,6,6,31,31,,,2021-08-04,5463797.37,Inactif
1632,3254186768841475,0112383254186768841475,0112383254186768841475,MA640112383254186768841475,MA640112383254186768841475,COURANT,MAD,2015-12-08,ACTIF,454681.35,1311,1311,6,6,30,30,,,2016-04-27,447939.63,Inactif
1633,1895842152757382,0116881895842152757382,0116881895842152757382,MA640116881895842152757382,MA640116881895842152757382,COURANT,MAD,2013-07-01,ACTIF,1850090.75,1312,1312,6,6,31,31,,,2024-12-10,1778454.67,Actif
1634,7475900926926289,0113797475900926926289,0113797475900926926289,MA640113797475900926926289,MA640113797475900926926289,DAT,MAD,2014-03-03,ACTIF,690998.63,1312,1312,6,6,31,31,1633.0,1633.0,2014-03-03,690998.63,Actif
1635,7876951931149385,0115787876951931149385,0115787876951931149385,MA640115787876951931149385,MA640115787876951931149385,COURANT,MAD,2017-07-05,ACTIF,112306.11,1313,1313,6,6,30,30,,,2024-11-01,111881.82,Actif
1636,9326256412877964,0115469326256412877964,0115469326256412877964,MA640115469326256412877964,MA640115469326256412877964,DAT,MAD,2017-11-16,ACTIF,58748.3,1313,1313,6,6,30,30,1635.0,1635.0,2017-11-16,58748.3,Actif
1637,5709983714404289,0118275709983714404289,0118275709983714404289,MA640118275709983714404289,MA640118275709983714404289,COURANT,MAD,2020-01-27,ACTIF,39687313.64,1314,1314,6,6,31,31,,,2023-10-16,38984819.49,Inactif
1638,7325206840391602,0117387325206840391602,0117387325206840391602,MA640117387325206840391602,MA640117387325206840391602,COURANT,MAD,2017-04-04,ACTIF,740201.56,1315,1315,6,6,30,30,,,2018-04-22,711469.42,Inactif
1639,6892864068442003,0114936892864068442003,0114936892864068442003,MA640114936892864068442003,MA640114936892864068442003,COURANT,MAD,2020-10-16,ACTIF,294853.37,1316,1316,6,6,31,31,,,2023-01-25,292777.09,Inactif
1640,4144878795218175,0114324144878795218175,0114324144878795218175,MA640114324144878795218175,MA640114324144878795218175,DAT,MAD,2020-11-17,ACTIF,91693.47,1316,1316,6,6,31,31,1639.0,1639.0,2020-11-17,91693.47,Actif
1641,6528073885859424,0118086528073885859424,0118086528073885859424,MA640118086528073885859424,MA640118086528073885859424,COURANT,MAD,2007-03-17,ACTIF,74258.6,1317,1317,6,6,30,30,,,2013-06-06,73323.28,Inactif
1642,6829558819835291,0116126829558819835291,0116126829558819835291,MA640116126829558819835291,MA640116126829558819835291,DAT,MAD,2007-07-10,ACTIF,19227.59,1317,1317,6,6,30,30,1641.0,1641.0,2007-07-10,19227.59,Actif
1643,1909753842180102,0116671909753842180102,0116671909753842180102,MA640116671909753842180102,MA640116671909753842180102,COURANT,MAD,2005-10-23,ACTIF,4716982.07,1318,1318,6,6,31,31,,,2017-06-16,4900431.77,Inactif
1644,8488304897713689,0115548488304897713689,0115548488304897713689,MA640115548488304897713689,MA640115548488304897713689,COURANT,MAD,2009-09-04,ACTIF,78409.83,1319,1319,6,6,30,30,,,2022-03-28,80563.27,Inactif
1645,6486309224792610,0112366486309224792610,0112366486309224792610,MA640112366486309224792610,MA640112366486309224792610,DAT,MAD,2010-04-12,ACTIF,37644.08,1319,1319,6,6,30,30,1644.0,1644.0,2010-04-12,37644.08,Actif
1646,9933453459042691,0114569933453459042691,0114569933453459042691,MA640114569933453459042691,MA640114569933453459042691,COURANT,MAD,2009-08-01,INACTIF,97003.65,1320,1320,6,6,31,31,,,2020-09-29,94517.17,Inactif
1647,6012784714847662,0117376012784714847662,0117376012784714847662,MA640117376012784714847662,MA640117376012784714847662,DAT,MAD,2009-11-19,ACTIF,64071.27,1320,1320,6,6,31,31,1646.0,1646.0,2009-11-19,64071.27,Actif
1648,4582761348828353,0119164582761348828353,0119164582761348828353,MA640119164582761348828353,MA640119164582761348828353,COURANT,MAD,2013-04-01,ACTIF,56650788.83,1321,1321,6,6,30,30,,,2015-04-29,56693230.93,Inactif
1649,8330472389098076,0119718330472389098076,0119718330472389098076,MA640119718330472389098076,MA640119718330472389098076,COURANT,MAD,2016-09-22,INACTIF,464551.21,1322,1322,6,6,31,31,,,2021-08-04,482221.93,Inactif
1650,6357542343085901,0119956357542343085901,0119956357542343085901,MA640119956357542343085901,MA640119956357542343085901,COURANT,MAD,2011-03-13,ACTIF,32478409.37,1323,1323,6,6,30,30,,,2018-03-25,32148486.18,Inactif
1651,5915113321729622,0111645915113321729622,0111645915113321729622,MA640111645915113321729622,MA640111645915113321729622,COURANT,MAD,2021-03-17,INACTIF,325837.79,1324,1324,6,6,31,31,,,2023-11-30,327116.38,Inactif
1652,2014099088521426,0114712014099088521426,0114712014099088521426,MA640114712014099088521426,MA640114712014099088521426,COURANT,MAD,2016-10-21,ACTIF,436915.06,1325,1325,6,6,30,30,,,2019-01-21,416064.38,Inactif
1653,3655974445851995,0115653655974445851995,0115653655974445851995,MA640115653655974445851995,MA640115653655974445851995,COURANT,MAD,2007-12-07,ACTIF,227070.01,1326,1326,6,6,31,31,,,2013-07-25,222498.21,Inactif
1654,9979674918876805,0111209979674918876805,0111209979674918876805,MA640111209979674918876805,MA640111209979674918876805,DAT,MAD,2008-12-01,ACTIF,68970.98,1326,1326,6,6,31,31,1653.0,1653.0,2008-12-01,68970.98,Actif
1655,2503218436489172,0112632503218436489172,0112632503218436489172,MA640112632503218436489172,MA640112632503218436489172,COURANT,MAD,2005-02-07,ACTIF,314084.11,1327,1327,6,6,30,30,,,2011-02-18,311382.35,Inactif
1656,6791905955014786,0112526791905955014786,0112526791905955014786,MA640112526791905955014786,MA640112526791905955014786,COURANT,MAD,2009-10-27,ACTIF,142229.67,1328,1328,6,6,31,31,,,2015-05-22,141133.8,Inactif
1657,7035129415251418,0119997035129415251418,0119997035129415251418,MA640119997035129415251418,MA640119997035129415251418,COURANT,MAD,2007-11-23,ACTIF,8483843.01,1329,1329,6,6,30,30,,,2024-07-10,8598442.24,Faiblement actif
1658,8087038024514369,0113768087038024514369,0113768087038024514369,MA640113768087038024514369,MA640113768087038024514369,COURANT,MAD,2016-09-25,ACTIF,51916.32,1330,1330,6,6,31,31,,,2018-08-13,50152.35,Inactif
1659,8456552790677034,0118928456552790677034,0118928456552790677034,MA640118928456552790677034,MA640118928456552790677034,COURANT,MAD,2012-06-29,ACTIF,309634.66,1331,1331,6,6,30,30,,,2018-02-14,296702.33,Inactif
1660,9695720426023698,0119859695720426023698,0119859695720426023698,MA640119859695720426023698,MA640119859695720426023698,COURANT,MAD,2013-06-11,ACTIF,474458.82,1332,1332,6,6,31,31,,,2016-06-27,480085.02,Inactif
1661,1190656779953694,0111081190656779953694,0111081190656779953694,MA640111081190656779953694,MA640111081190656779953694,COURANT,MAD,2015-01-22,ACTIF,49265819.49,1333,1333,6,6,30,30,,,2024-08-10,47524609.82,Faiblement actif
1662,1159973254251646,0119931159973254251646,0119931159973254251646,MA640119931159973254251646,MA640119931159973254251646,COURANT,MAD,2005-10-21,ACTIF,259917.6,1334,1334,6,6,31,31,,,2024-12-05,272290.48,Actif
1663,3907563847932567,0112973907563847932567,0112973907563847932567,MA640112973907563847932567,MA640112973907563847932567,COURANT,MAD,2019-09-13,ACTIF,308753.19,1335,1335,6,6,30,30,,,2023-09-10,295642.05,Inactif
1664,2507344716472606,0116662507344716472606,0116662507344716472606,MA640116662507344716472606,MA640116662507344716472606,DAT,MAD,2019-10-30,ACTIF,185926.54,1335,1335,6,6,30,30,1663.0,1663.0,2019-10-30,185926.54,Actif
1665,5580505996110424,0113265580505996110424,0113265580505996110424,MA640113265580505996110424,MA640113265580505996110424,COURANT,MAD,2005-08-14,ACTIF,172856.04,1336,1336,6,6,31,31,,,2017-03-29,171212.46,Inactif
1666,3474676924181622,0117493474676924181622,0117493474676924181622,MA640117493474676924181622,MA640117493474676924181622,COURANT,MAD,2019-06-27,ACTIF,8122551.44,1337,1337,6,6,30,30,,,2023-11-06,7787917.94,Inactif
1667,1295820928400814,0115281295820928400814,0115281295820928400814,MA640115281295820928400814,MA640115281295820928400814,COURANT,MAD,2010-07-05,ACTIF,4168228.15,1338,1338,6,6,31,31,,,2024-10-12,4255848.4,Actif
1668,7013184166643291,0115407013184166643291,0115407013184166643291,MA640115407013184166643291,MA640115407013184166643291,COURANT,MAD,2011-04-12,ACTIF,456732.11,1339,1339,6,6,30,30,,,2017-01-25,468578.53,Inactif
1669,8028786835520958,0116798028786835520958,0116798028786835520958,MA640116798028786835520958,MA640116798028786835520958,COURANT,MAD,2017-06-02,ACTIF,7085961.92,1340,1340,6,6,31,31,,,2021-11-12,7204706.15,Inactif
1670,8516186345360977,0119438516186345360977,0119438516186345360977,MA640119438516186345360977,MA640119438516186345360977,COURANT,MAD,2021-11-08,INACTIF,410031.97,1341,1341,6,6,30,30,,,2023-08-27,390515.62,Inactif
1671,4284193040077110,0111004284193040077110,0111004284193040077110,MA640111004284193040077110,MA640111004284193040077110,COURANT,MAD,2016-06-29,ACTIF,197452.45,1342,1342,6,6,31,31,,,2017-05-18,196002.95,Inactif
1672,7649632926103879,0114627649632926103879,0114627649632926103879,MA640114627649632926103879,MA640114627649632926103879,COURANT,MAD,2005-11-22,ACTIF,4384081.43,1343,1343,6,6,30,30,,,2022-11-30,4375061.4,Inactif
1673,3833091613046687,0111983833091613046687,0111983833091613046687,MA640111983833091613046687,MA640111983833091613046687,COURANT,MAD,2009-12-27,ACTIF,426057.31,1344,1344,6,6,31,31,,,2016-05-22,434228.64,Inactif
1674,8647855263162693,0116138647855263162693,0116138647855263162693,MA640116138647855263162693,MA640116138647855263162693,COURANT,MAD,2010-07-10,ACTIF,425435.5,1345,1345,6,6,30,30,,,2017-01-15,436176.67,Inactif
1675,8563692253347216,0119968563692253347216,0119968563692253347216,MA640119968563692253347216,MA640119968563692253347216,COURANT,MAD,2010-05-08,ACTIF,179096.26,1346,1346,6,6,31,31,,,2014-08-11,171078.52,Inactif
1676,8416656675658972,0113778416656675658972,0113778416656675658972,MA640113778416656675658972,MA640113778416656675658972,COURANT,MAD,2008-02-05,INACTIF,942982.2,1347,1347,6,6,30,30,,,2016-09-28,943923.24,Inactif
1677,3920177799858938,0112013920177799858938,0112013920177799858938,MA640112013920177799858938,MA640112013920177799858938,DAT,MAD,2008-10-03,ACTIF,415091.51,1347,1347,6,6,30,30,1676.0,1676.0,2008-10-03,415091.51,Actif
1678,5872623275767685,0118975872623275767685,0118975872623275767685,MA640118975872623275767685,MA640118975872623275767685,COURANT,MAD,2018-10-05,ACTIF,433871.51,1348,1348,6,6,31,31,,,2021-07-30,438995.76,Inactif
1679,8739111342937053,0113048739111342937053,0113048739111342937053,MA640113048739111342937053,MA640113048739111342937053,COURANT,MAD,2019-07-11,ACTIF,169118.12,1349,1349,6,6,30,30,,,2021-04-10,171658.4,Inactif
1680,4641263295025488,0114774641263295025488,0114774641263295025488,MA640114774641263295025488,MA640114774641263295025488,DAT,MAD,2019-11-30,ACTIF,85354.64,1349,1349,6,6,30,30,1679.0,1679.0,2019-11-30,85354.64,Actif
1681,9577405073595863,0117919577405073595863,0117919577405073595863,MA640117919577405073595863,MA640117919577405073595863,COURANT,MAD,2012-07-26,ACTIF,408711.59,1350,1350,6,6,31,31,,,2024-02-12,419068.37,Inactif
1682,6141529160048429,0117266141529160048429,0117266141529160048429,MA640117266141529160048429,MA640117266141529160048429,COURANT,MAD,2006-01-02,ACTIF,5890992.42,1351,1351,6,6,30,30,,,2014-07-19,5902501.65,Inactif
1683,2906853571536679,0115242906853571536679,0115242906853571536679,MA640115242906853571536679,MA640115242906853571536679,DAT,MAD,2006-12-04,ACTIF,3394980.12,1351,1351,6,6,30,30,1682.0,1682.0,2006-12-04,3394980.12,Actif
1684,2112767933356193,0113412112767933356193,0113412112767933356193,MA640113412112767933356193,MA640113412112767933356193,COURANT,MAD,2010-03-10,INACTIF,142959.87,1352,1352,6,6,31,31,,,2020-09-23,140487.66,Inactif
1685,3763010492278415,0116453763010492278415,0116453763010492278415,MA640116453763010492278415,MA640116453763010492278415,DAT,MAD,2010-06-10,ACTIF,77657.71,1352,1352,6,6,31,31,1684.0,1684.0,2010-06-10,77657.71,Actif
1686,9519882673122528,0114479519882673122528,0114479519882673122528,MA640114479519882673122528,MA640114479519882673122528,COURANT,MAD,2008-07-15,ACTIF,371067.32,1353,1353,6,6,30,30,,,2021-02-12,384939.47,Inactif
1687,2801220278977427,0119412801220278977427,0119412801220278977427,MA640119412801220278977427,MA640119412801220278977427,COURANT,MAD,2020-04-17,ACTIF,21194.48,1354,1354,6,6,31,31,,,2020-05-23,21151.12,Inactif
1688,8570261049755366,0112338570261049755366,0112338570261049755366,MA640112338570261049755366,MA640112338570261049755366,COURANT,MAD,2017-10-18,ACTIF,44929.53,1355,1355,6,6,30,30,,,2021-11-12,46862.48,Inactif
1689,4589738071046426,0113934589738071046426,0113934589738071046426,MA640113934589738071046426,MA640113934589738071046426,COURANT,MAD,2020-03-19,ACTIF,7514113.16,1356,1356,6,6,31,31,,,2021-06-19,7337999.0,Inactif
1690,4783254043112646,0117574783254043112646,0117574783254043112646,MA640117574783254043112646,MA640117574783254043112646,COURANT,MAD,2013-06-11,ACTIF,2847972.23,1357,1357,6,6,30,30,,,2015-01-31,2821192.78,Inactif
1691,8094589167872489,0119468094589167872489,0119468094589167872489,MA640119468094589167872489,MA640119468094589167872489,COURANT,MAD,2005-11-08,ACTIF,95028272.77,1358,1358,6,6,31,31,,,2024-08-24,96770900.61,Faiblement actif
1692,1670246066982227,0117521670246066982227,0117521670246066982227,MA640117521670246066982227,MA640117521670246066982227,COURANT,MAD,2020-07-16,INACTIF,216341.33,1359,1359,6,6,30,30,,,2022-11-27,221482.83,Inactif
1693,1694443523098693,0112391694443523098693,0112391694443523098693,MA640112391694443523098693,MA640112391694443523098693,COURANT,MAD,2011-02-11,ACTIF,132218.74,1360,1360,6,6,31,31,,,2012-11-23,131177.48,Inactif
1694,8486787033275635,0115798486787033275635,0115798486787033275635,MA640115798486787033275635,MA640115798486787033275635,COURANT,MAD,2009-03-17,ACTIF,96409.09,1361,1361,6,6,30,30,,,2018-01-18,95248.23,Inactif
1695,7291798473844412,0115577291798473844412,0115577291798473844412,MA640115577291798473844412,MA640115577291798473844412,DAT,MAD,2010-01-20,ACTIF,2015.88,1361,1361,6,6,30,30,1694.0,1694.0,2010-01-20,2015.88,Actif
1696,3528518247916684,0113273528518247916684,0113273528518247916684,MA640113273528518247916684,MA640113273528518247916684,COURANT,MAD,2021-04-24,ACTIF,393994.81,1362,1362,6,6,31,31,,,2022-02-09,393658.88,Inactif
1697,2719983058329577,0113702719983058329577,0113702719983058329577,MA640113702719983058329577,MA640113702719983058329577,COURANT,MAD,2011-02-18,ACTIF,2337170.49,1363,1363,6,6,30,30,,,2022-03-06,2330665.21,Inactif
1698,5551014216429227,0117905551014216429227,0117905551014216429227,MA640117905551014216429227,MA640117905551014216429227,COURANT,MAD,2017-03-17,ACTIF,230714.06,1364,1364,6,6,31,31,,,2019-01-21,219368.8,Inactif
1699,2339593747845920,0111952339593747845920,0111952339593747845920,MA640111952339593747845920,MA640111952339593747845920,COURANT,MAD,2018-07-12,INACTIF,262977.06,1365,1365,6,6,30,30,,,2024-06-05,263822.75,Inactif
1700,8817321163181904,0113358817321163181904,0113358817321163181904,MA640113358817321163181904,MA640113358817321163181904,COURANT,MAD,2010-07-21,INACTIF,2350015.46,1366,1366,6,6,31,31,,,2022-07-14,2256622.04,Inactif
1701,9954373348300640,0118669954373348300640,0118669954373348300640,MA640118669954373348300640,MA640118669954373348300640,COURANT,MAD,2015-06-15,ACTIF,330871.68,1367,1367,6,6,30,30,,,2020-08-19,338694.94,Inactif
1702,8522176943095958,0118908522176943095958,0118908522176943095958,MA640118908522176943095958,MA640118908522176943095958,DAT,MAD,2016-05-10,ACTIF,106353.11,1367,1367,6,6,30,30,1701.0,1701.0,2016-05-10,106353.11,Actif
1703,7000524973727107,0114187000524973727107,0114187000524973727107,MA640114187000524973727107,MA640114187000524973727107,COURANT,MAD,2018-04-09,ACTIF,3748211.51,1368,1368,6,6,31,31,,,2018-11-24,3584366.33,Inactif
1704,3384488580628659,0117033384488580628659,0117033384488580628659,MA640117033384488580628659,MA640117033384488580628659,COURANT,MAD,2014-08-27,ACTIF,9526577.46,1369,1369,6,6,30,30,,,2018-06-21,9829499.19,Inactif
1705,5167280264667195,0114245167280264667195,0114245167280264667195,MA640114245167280264667195,MA640114245167280264667195,COURANT,MAD,2016-12-16,ACTIF,32012.38,1370,1370,6,6,31,31,,,2017-11-13,32699.19,Inactif
1706,6523185569741054,0113966523185569741054,0113966523185569741054,MA640113966523185569741054,MA640113966523185569741054,COURANT,MAD,2015-09-12,ACTIF,70703643.19,1371,1371,6,6,30,30,,,2022-12-05,73541868.4,Inactif
1707,6832005638890267,0116296832005638890267,0116296832005638890267,MA640116296832005638890267,MA640116296832005638890267,COURANT,MAD,2020-05-31,INACTIF,775657.93,1372,1372,6,6,31,31,,,2024-06-08,811952.28,Inactif
1708,4900049695525368,0117334900049695525368,0117334900049695525368,MA640117334900049695525368,MA640117334900049695525368,COURANT,MAD,2016-01-28,ACTIF,8743775.48,1373,1373,6,6,30,30,,,2019-10-02,8558005.36,Inactif
1709,6881790433208465,0118666881790433208465,0118666881790433208465,MA640118666881790433208465,MA640118666881790433208465,COURANT,MAD,2016-10-23,ACTIF,262544.45,1374,1374,6,6,31,31,,,2019-05-21,253622.58,Inactif
1710,2172856193050274,0111522172856193050274,0111522172856193050274,MA640111522172856193050274,MA640111522172856193050274,DAT,MAD,2017-10-10,ACTIF,91065.8,1374,1374,6,6,31,31,1709.0,1709.0,2017-10-10,91065.8,Actif
1711,6382511736400904,0112406382511736400904,0112406382511736400904,MA640112406382511736400904,MA640112406382511736400904,COURANT,MAD,2008-05-19,ACTIF,100429.46,1375,1375,6,6,30,30,,,2019-09-17,103417.45,Inactif
1712,8552764493521293,0113998552764493521293,0113998552764493521293,MA640113998552764493521293,MA640113998552764493521293,DAT,MAD,2008-12-15,ACTIF,43558.91,1375,1375,6,6,30,30,1711.0,1711.0,2008-12-15,43558.91,Actif
1713,7424879084350616,0111877424879084350616,0111877424879084350616,MA640111877424879084350616,MA640111877424879084350616,COURANT,MAD,2014-06-28,INACTIF,439540.11,1376,1376,6,6,31,31,,,2021-07-09,440243.19,Inactif
1714,1311939914047775,0112261311939914047775,0112261311939914047775,MA640112261311939914047775,MA640112261311939914047775,COURANT,MAD,2008-09-06,ACTIF,282717.14,1377,1377,6,6,30,30,,,2010-11-13,292647.83,Inactif
1715,6586368790013979,0117836586368790013979,0117836586368790013979,MA640117836586368790013979,MA640117836586368790013979,DAT,MAD,2009-05-02,ACTIF,115460.24,1377,1377,6,6,30,30,1714.0,1714.0,2009-05-02,115460.24,Actif
1716,8867486655660172,0114318867486655660172,0114318867486655660172,MA640114318867486655660172,MA640114318867486655660172,COURANT,MAD,2013-12-21,ACTIF,4143104.81,1378,1378,6,6,31,31,,,2015-03-07,3955735.66,Inactif
1717,6335671569767803,0116786335671569767803,0116786335671569767803,MA640116786335671569767803,MA640116786335671569767803,DAT,MAD,2014-02-10,ACTIF,2570058.56,1378,1378,6,6,31,31,1716.0,1716.0,2014-02-10,2570058.56,Actif
1718,1188175999093739,0119231188175999093739,0119231188175999093739,MA640119231188175999093739,MA640119231188175999093739,COURANT,MAD,2006-01-07,ACTIF,53586.7,1379,1379,6,6,30,30,,,2017-06-26,54321.41,Inactif
1719,3461455546627646,0115953461455546627646,0115953461455546627646,MA640115953461455546627646,MA640115953461455546627646,COURANT,MAD,2011-08-23,ACTIF,317425.45,1380,1380,6,6,31,31,,,2015-02-26,316428.04,Inactif
1720,8906964462892181,0118378906964462892181,0118378906964462892181,MA640118378906964462892181,MA640118378906964462892181,COURANT,MAD,2016-07-19,ACTIF,6766535.7,1381,1381,6,6,30,30,,,2021-04-18,6894784.4,Inactif
1721,1602285256349568,0119731602285256349568,0119731602285256349568,MA640119731602285256349568,MA640119731602285256349568,COURANT,MAD,2011-02-20,ACTIF,311482.57,1382,1382,6,6,31,31,,,2013-09-18,316452.73,Inactif
1722,3914448544362298,0117683914448544362298,0117683914448544362298,MA640117683914448544362298,MA640117683914448544362298,COURANT,MAD,2020-03-07,ACTIF,16373563.04,1383,1383,6,6,30,30,,,2021-05-02,16445316.19,Inactif
1723,7006183874969653,0117917006183874969653,0117917006183874969653,MA640117917006183874969653,MA640117917006183874969653,COURANT,MAD,2020-04-23,ACTIF,2396935.87,1384,1384,6,6,31,31,,,2023-02-06,2430382.5,Inactif
1724,5493695881408187,0119185493695881408187,0119185493695881408187,MA640119185493695881408187,MA640119185493695881408187,COURANT,MAD,2011-10-02,ACTIF,362481.43,1385,1385,6,6,30,30,,,2022-07-25,367705.19,Inactif
1725,6873412590432055,0117046873412590432055,0117046873412590432055,MA640117046873412590432055,MA640117046873412590432055,COURANT,MAD,2021-06-22,ACTIF,39451.48,1386,1386,6,6,31,31,,,2021-12-27,37947.14,Inactif
1726,3447164778451665,0117423447164778451665,0117423447164778451665,MA640117423447164778451665,MA640117423447164778451665,COURANT,MAD,2011-07-23,ACTIF,4826092.4,1387,1387,6,6,30,30,,,2012-03-23,4902030.24,Inactif
1727,7460828845460383,0111367460828845460383,0111367460828845460383,MA640111367460828845460383,MA640111367460828845460383,COURANT,MAD,2019-01-13,ACTIF,470483.5,1388,1388,6,6,31,31,,,2023-06-16,471357.18,Inactif
1728,4663463273695346,0117844663463273695346,0117844663463273695346,MA640117844663463273695346,MA640117844663463273695346,COURANT,MAD,2021-02-16,INACTIF,209089.65,1389,1389,6,6,30,30,,,2021-12-23,212031.8,Inactif
1729,4890045240905429,0112744890045240905429,0112744890045240905429,MA640112744890045240905429,MA640112744890045240905429,COURANT,MAD,2016-07-26,ACTIF,376240.23,1390,1390,6,6,31,31,,,2020-09-11,380980.35,Inactif
1730,3926266330621137,0111513926266330621137,0111513926266330621137,MA640111513926266330621137,MA640111513926266330621137,COURANT,MAD,2008-09-25,ACTIF,81157134.84,1391,1391,6,6,30,30,,,2016-07-17,78644737.63,Inactif
1731,2938210858641444,0118322938210858641444,0118322938210858641444,MA640118322938210858641444,MA640118322938210858641444,COURANT,MAD,2015-03-12,ACTIF,494516.26,1392,1392,6,6,31,31,,,2018-11-05,497440.83,Inactif
1732,1141197173692856,0118461141197173692856,0118461141197173692856,MA640118461141197173692856,MA640118461141197173692856,COURANT,MAD,2016-07-13,ACTIF,445279.54,1393,1393,6,6,30,30,,,2022-10-24,441937.68,Inactif
1733,4993445171908154,0117094993445171908154,0117094993445171908154,MA640117094993445171908154,MA640117094993445171908154,COURANT,MAD,2013-02-23,ACTIF,245133.14,1394,1394,6,6,31,31,,,2021-10-21,249394.06,Inactif
1734,6085207821833641,0112876085207821833641,0112876085207821833641,MA640112876085207821833641,MA640112876085207821833641,DAT,MAD,2013-04-30,ACTIF,87154.1,1394,1394,6,6,31,31,1733.0,1733.0,2013-04-30,87154.1,Actif
1735,3746223198081834,0117223746223198081834,0117223746223198081834,MA640117223746223198081834,MA640117223746223198081834,COURANT,MAD,2020-07-21,ACTIF,133852.51,1395,1395,6,6,30,30,,,2022-10-28,134291.78,Inactif
1736,5479460362943896,0115515479460362943896,0115515479460362943896,MA640115515479460362943896,MA640115515479460362943896,COURANT,MAD,2020-03-03,ACTIF,7732262.36,1396,1396,6,6,31,31,,,2024-01-31,7505540.41,Inactif
1737,5521721862780947,0117195521721862780947,0117195521721862780947,MA640117195521721862780947,MA640117195521721862780947,COURANT,MAD,2019-07-22,ACTIF,288303.92,1397,1397,6,6,30,30,,,2024-07-15,290855.32,Faiblement actif
1738,1827644097502660,0111161827644097502660,0111161827644097502660,MA640111161827644097502660,MA640111161827644097502660,DAT,MAD,2019-12-10,ACTIF,146102.88,1397,1397,6,6,30,30,1737.0,1737.0,2019-12-10,146102.88,Actif
1739,1722318358144301,0112201722318358144301,0112201722318358144301,MA640112201722318358144301,MA640112201722318358144301,COURANT,MAD,2017-12-17,ACTIF,199963.47,1398,1398,6,6,31,31,,,2018-10-29,199335.74,Inactif
1740,9696964217445459,0119299696964217445459,0119299696964217445459,MA640119299696964217445459,MA640119299696964217445459,COURANT,MAD,2014-05-04,INACTIF,5153134.52,1399,1399,6,6,30,30,,,2024-02-09,5011542.4,Inactif
1741,3622766773943905,0119843622766773943905,0119843622766773943905,MA640119843622766773943905,MA640119843622766773943905,COURANT,MAD,2010-03-15,ACTIF,42757.06,1400,1400,6,6,31,31,,,2024-05-15,41715.07,Inactif
1742,5897476731487126,0115255897476731487126,0115255897476731487126,MA640115255897476731487126,MA640115255897476731487126,DAT,MAD,2011-02-17,ACTIF,15749.56,1400,1400,6,6,31,31,1741.0,1741.0,2011-02-17,15749.56,Actif
1743,8995310052533981,0118838995310052533981,0118838995310052533981,MA640118838995310052533981,MA640118838995310052533981,COURANT,MAD,2005-03-19,ACTIF,243951.69,1401,1401,6,6,30,30,,,2018-03-28,239290.61,Inactif
1744,5002363479367608,0114695002363479367608,0114695002363479367608,MA640114695002363479367608,MA640114695002363479367608,COURANT,MAD,2014-02-24,ACTIF,233101.39,1402,1402,6,6,31,31,,,2020-10-17,239976.31,Inactif
1745,9122260661563851,0117019122260661563851,0117019122260661563851,MA640117019122260661563851,MA640117019122260661563851,COURANT,MAD,2012-08-29,ACTIF,239730.65,1403,1403,6,6,30,30,,,2014-10-25,241058.05,Inactif
1746,1666068698161970,0111091666068698161970,0111091666068698161970,MA640111091666068698161970,MA640111091666068698161970,COURANT,MAD,2016-04-03,ACTIF,19124992.53,1404,1404,6,6,31,31,,,2017-09-06,19073073.81,Inactif
1747,8676293636177262,0116218676293636177262,0116218676293636177262,MA640116218676293636177262,MA640116218676293636177262,COURANT,MAD,2010-08-26,ACTIF,278029.68,1405,1405,6,6,30,30,,,2021-03-19,280243.67,Inactif
1748,4351601168325499,0111654351601168325499,0111654351601168325499,MA640111654351601168325499,MA640111654351601168325499,DAT,MAD,2010-12-14,ACTIF,71200.36,1405,1405,6,6,30,30,1747.0,1747.0,2010-12-14,71200.36,Actif
1749,5827893977071574,0111775827893977071574,0111775827893977071574,MA640111775827893977071574,MA640111775827893977071574,COURANT,MAD,2018-11-23,ACTIF,380133.1,1406,1406,6,6,31,31,,,2024-04-19,378283.64,Inactif
1750,9672444660252469,0117409672444660252469,0117409672444660252469,MA640117409672444660252469,MA640117409672444660252469,COURANT,MAD,2014-10-26,ACTIF,3993903.66,1407,1407,6,6,30,30,,,2015-07-11,3813378.71,Inactif
1751,2140494373474412,0118702140494373474412,0118702140494373474412,MA640118702140494373474412,MA640118702140494373474412,DAT,MAD,2015-06-24,ACTIF,2120625.32,1407,1407,6,6,30,30,1750.0,1750.0,2015-06-24,2120625.32,Actif
1752,8489013790535246,0114448489013790535246,0114448489013790535246,MA640114448489013790535246,MA640114448489013790535246,COURANT,MAD,2018-05-12,ACTIF,220687.97,1408,1408,6,6,31,31,,,2020-02-12,229474.42,Inactif
1753,9968172213467114,0116029968172213467114,0116029968172213467114,MA640116029968172213467114,MA640116029968172213467114,COURANT,MAD,2020-12-24,ACTIF,2609844.15,1409,1409,6,6,30,30,,,2023-06-07,2595235.7,Inactif
1754,2984305683408772,0118862984305683408772,0118862984305683408772,MA640118862984305683408772,MA640118862984305683408772,DAT,MAD,2021-04-10,ACTIF,1069313.75,1409,1409,6,6,30,30,1753.0,1753.0,2021-04-10,1016165.05,Actif
1755,4161330957890830,0113284161330957890830,0113284161330957890830,MA640113284161330957890830,MA640113284161330957890830,COURANT,MAD,2005-11-03,ACTIF,7804688.65,1410,1410,6,6,31,31,,,2009-01-23,7881761.46,Inactif
1756,9034632897096340,0114599034632897096340,0114599034632897096340,MA640114599034632897096340,MA640114599034632897096340,COURANT,MAD,2018-06-17,INACTIF,229661.2,1411,1411,6,6,30,30,,,2023-01-21,223576.21,Inactif
1757,9914590451581031,0116389914590451581031,0116389914590451581031,MA640116389914590451581031,MA640116389914590451581031,DAT,MAD,2019-02-12,ACTIF,78509.62,1411,1411,6,6,30,30,1756.0,1756.0,2019-02-12,78509.62,Actif
1758,5830982053078365,0113835830982053078365,0113835830982053078365,MA640113835830982053078365,MA640113835830982053078365,COURANT,MAD,2017-02-18,ACTIF,8519876.54,1412,1412,6,6,31,31,,,2017-07-06,8607938.31,Inactif
1759,8390404257435606,0112258390404257435606,0112258390404257435606,MA640112258390404257435606,MA640112258390404257435606,COURANT,MAD,2016-10-23,ACTIF,157931.12,1413,1413,6,6,30,30,,,2024-12-13,162484.28,Actif
1760,1659246482456345,0116591659246482456345,0116591659246482456345,MA640116591659246482456345,MA640116591659246482456345,DAT,MAD,2017-08-18,ACTIF,104429.68,1413,1413,6,6,30,30,1759.0,1759.0,2017-08-18,104429.68,Actif
1761,5705940213430833,0119385705940213430833,0119385705940213430833,MA640119385705940213430833,MA640119385705940213430833,COURANT,MAD,2013-12-21,ACTIF,4853812.44,1414,1414,6,6,31,31,,,2022-05-08,4983883.59,Inactif
1762,1020245485431973,0112111020245485431973,0112111020245485431973,MA640112111020245485431973,MA640112111020245485431973,COURANT,MAD,2011-05-06,INACTIF,6540051.93,1415,1415,6,6,30,30,,,2023-10-25,6582455.77,Inactif
1763,4404281277048234,0113664404281277048234,0113664404281277048234,MA640113664404281277048234,MA640113664404281277048234,COURANT,MAD,2018-05-21,ACTIF,49161702.39,1416,1416,6,6,31,31,,,2023-04-07,51324261.67,Inactif
1764,6059039236019640,0115376059039236019640,0115376059039236019640,MA640115376059039236019640,MA640115376059039236019640,COURANT,MAD,2016-01-09,ACTIF,5360766.7,1417,1417,6,6,30,30,,,2020-04-30,5374822.13,Inactif
1765,6962137569416285,0119366962137569416285,0119366962137569416285,MA640119366962137569416285,MA640119366962137569416285,COURANT,MAD,2014-02-24,ACTIF,4926532.98,1418,1418,6,6,31,31,,,2017-04-01,4971338.01,Inactif
1766,7435896987464714,0113037435896987464714,0113037435896987464714,MA640113037435896987464714,MA640113037435896987464714,DAT,MAD,2014-07-21,ACTIF,2725126.2,1418,1418,6,6,31,31,1765.0,1765.0,2014-07-21,2725126.2,Actif
1767,6776787832853057,0118096776787832853057,0118096776787832853057,MA640118096776787832853057,MA640118096776787832853057,COURANT,MAD,2013-08-11,ACTIF,339577.23,1419,1419,6,6,30,30,,,2024-11-13,352934.16,Actif
1768,1006959734336115,0114531006959734336115,0114531006959734336115,MA640114531006959734336115,MA640114531006959734336115,DAT,MAD,2013-10-18,ACTIF,108034.29,1419,1419,6,6,30,30,1767.0,1767.0,2013-10-18,108034.29,Actif
1769,7693930242866401,0117547693930242866401,0117547693930242866401,MA640117547693930242866401,MA640117547693930242866401,COURANT,MAD,2005-03-18,ACTIF,2263912.02,1420,1420,6,6,31,31,,,2011-09-04,2375836.9,Inactif
1770,1052410043889772,0117481052410043889772,0117481052410043889772,MA640117481052410043889772,MA640117481052410043889772,COURANT,MAD,2008-01-02,ACTIF,63426798.67,1421,1421,6,6,30,30,,,2018-08-13,65882182.42,Inactif
1771,9611352085654855,0115899611352085654855,0115899611352085654855,MA640115899611352085654855,MA640115899611352085654855,DAT,MAD,2008-12-16,ACTIF,32972594.88,1421,1421,6,6,30,30,1770.0,1770.0,2008-12-16,32972594.88,Actif
1772,8885267375338800,0114638885267375338800,0114638885267375338800,MA640114638885267375338800,MA640114638885267375338800,COURANT,MAD,2015-05-02,INACTIF,216398.37,1422,1422,6,6,31,31,,,2020-05-21,223637.05,Inactif
1773,5255825787926851,0118595255825787926851,0118595255825787926851,MA640118595255825787926851,MA640118595255825787926851,COURANT,MAD,2014-01-19,ACTIF,191936.34,1423,1423,6,6,30,30,,,2015-05-04,192289.95,Inactif
1774,6219283968497067,0113376219283968497067,0113376219283968497067,MA640113376219283968497067,MA640113376219283968497067,COURANT,MAD,2016-02-07,ACTIF,376931.03,1424,1424,6,6,31,31,,,2020-03-11,364410.09,Inactif
1775,5019000177909494,0119255019000177909494,0119255019000177909494,MA640119255019000177909494,MA640119255019000177909494,COURANT,MAD,2015-05-28,ACTIF,53343237.5,1425,1425,6,6,30,30,,,2023-10-14,51776031.63,Inactif
1776,4284848625197672,0112194284848625197672,0112194284848625197672,MA640112194284848625197672,MA640112194284848625197672,COURANT,MAD,2019-04-09,ACTIF,90412648.54,1426,1426,6,6,31,31,,,2022-02-08,86986633.5,Inactif
1777,6840359642636158,0111666840359642636158,0111666840359642636158,MA640111666840359642636158,MA640111666840359642636158,COURANT,MAD,2015-07-25,ACTIF,397359.73,1427,1427,6,6,30,30,,,2021-11-22,377935.59,Inactif
1778,6886631795927534,0113426886631795927534,0113426886631795927534,MA640113426886631795927534,MA640113426886631795927534,COURANT,MAD,2007-03-12,ACTIF,25846462.45,1428,1428,6,6,31,31,,,2010-09-24,26308186.91,Inactif
1779,1975868593328144,0114921975868593328144,0114921975868593328144,MA640114921975868593328144,MA640114921975868593328144,COURANT,MAD,2006-11-14,ACTIF,140711.66,1429,1429,6,6,30,30,,,2008-09-10,135771.43,Inactif
1780,8954110299766649,0116048954110299766649,0116048954110299766649,MA640116048954110299766649,MA640116048954110299766649,COURANT,MAD,2016-03-31,ACTIF,417140.17,1430,1430,6,6,31,31,,,2022-04-12,436230.68,Inactif
1781,1382090618017604,0117541382090618017604,0117541382090618017604,MA640117541382090618017604,MA640117541382090618017604,COURANT,MAD,2019-03-07,ACTIF,366583.34,1431,1431,6,6,30,30,,,2022-10-22,380998.44,Inactif
1782,5889826548169169,0116635889826548169169,0116635889826548169169,MA640116635889826548169169,MA640116635889826548169169,COURANT,MAD,2011-05-04,ACTIF,115371.03,1432,1432,6,6,31,31,,,2012-01-24,112721.43,Inactif
1783,4721174050656800,0113294721174050656800,0113294721174050656800,MA640113294721174050656800,MA640113294721174050656800,DAT,MAD,2012-03-21,ACTIF,63215.55,1432,1432,6,6,31,31,1782.0,1782.0,2012-03-21,63215.55,Actif
1784,9827606472994859,0119809827606472994859,0119809827606472994859,MA640119809827606472994859,MA640119809827606472994859,COURANT,MAD,2020-09-24,ACTIF,9263027.39,1433,1433,6,6,30,30,,,2021-04-23,9513503.91,Inactif
1785,6454875255128661,0111566454875255128661,0111566454875255128661,MA640111566454875255128661,MA640111566454875255128661,COURANT,MAD,2016-03-20,INACTIF,120975.02,1434,1434,6,6,31,31,,,2018-11-14,122650.21,Inactif
1786,5211329388560144,0115835211329388560144,0115835211329388560144,MA640115835211329388560144,MA640115835211329388560144,COURANT,MAD,2010-11-12,ACTIF,2028016.03,1435,1435,6,6,30,30,,,2023-01-05,2108627.77,Inactif
1787,2611125689780522,0118202611125689780522,0118202611125689780522,MA640118202611125689780522,MA640118202611125689780522,COURANT,MAD,2018-03-08,ACTIF,406223.47,1436,1436,6,6,31,31,,,2022-09-15,407014.18,Inactif
1788,7317486677678930,0117487317486677678930,0117487317486677678930,MA640117487317486677678930,MA640117487317486677678930,COURANT,MAD,2015-07-17,ACTIF,5645388.46,1437,1437,6,6,30,30,,,2022-11-06,5715655.11,Inactif
1789,6703224443225726,0115766703224443225726,0115766703224443225726,MA640115766703224443225726,MA640115766703224443225726,COURANT,MAD,2018-04-02,ACTIF,352272.14,1438,1438,6,6,31,31,,,2018-10-13,350848.38,Inactif
1790,4318655768699416,0118424318655768699416,0118424318655768699416,MA640118424318655768699416,MA640118424318655768699416,COURANT,MAD,2015-02-23,ACTIF,2272975.01,1439,1439,6,6,30,30,,,2024-08-17,2369393.44,Faiblement actif
1791,7754437453741989,0116107754437453741989,0116107754437453741989,MA640116107754437453741989,MA640116107754437453741989,COURANT,MAD,2007-04-15,ACTIF,369530.37,1440,1440,6,6,31,31,,,2014-10-19,384865.3,Inactif
1792,5882838798819879,0113845882838798819879,0113845882838798819879,MA640113845882838798819879,MA640113845882838798819879,COURANT,MAD,2018-09-23,ACTIF,7565395.23,1441,1441,6,6,30,30,,,2019-03-31,7546641.81,Inactif
1793,1365105320964239,0118461365105320964239,0118461365105320964239,MA640118461365105320964239,MA640118461365105320964239,COURANT,MAD,2014-06-22,ACTIF,4057325.51,1442,1442,6,6,31,31,,,2014-08-31,4222987.37,Inactif
1794,5774022629826155,0115145774022629826155,0115145774022629826155,MA640115145774022629826155,MA640115145774022629826155,COURANT,MAD,2015-09-15,ACTIF,356781.78,1443,1443,6,6,30,30,,,2020-09-25,365658.91,Inactif
1795,5714112367090187,0111805714112367090187,0111805714112367090187,MA640111805714112367090187,MA640111805714112367090187,COURANT,MAD,2014-11-27,ACTIF,141932.13,1444,1444,6,6,31,31,,,2020-07-05,149008.32,Inactif
1796,8839035883973509,0113088839035883973509,0113088839035883973509,MA640113088839035883973509,MA640113088839035883973509,DAT,MAD,2015-06-08,ACTIF,54044.36,1444,1444,6,6,31,31,1795.0,1795.0,2015-06-08,54044.36,Actif
1797,6936465532090955,0119076936465532090955,0119076936465532090955,MA640119076936465532090955,MA640119076936465532090955,COURANT,MAD,2013-10-07,ACTIF,8417645.92,1445,1445,6,6,30,30,,,2020-01-01,8309283.19,Inactif
1798,8423151071787553,0119668423151071787553,0119668423151071787553,MA640119668423151071787553,MA640119668423151071787553,COURANT,MAD,2018-11-14,ACTIF,9965509.53,1446,1446,6,6,31,31,,,2019-04-03,9899197.21,Inactif
1799,3690817883903008,0114223690817883903008,0114223690817883903008,MA640114223690817883903008,MA640114223690817883903008,COURANT,MAD,2018-08-05,ACTIF,3111167.32,1447,1447,6,6,30,30,,,2018-08-14,3003161.1,Inactif
1800,8000444039115196,0115478000444039115196,0115478000444039115196,MA640115478000444039115196,MA640115478000444039115196,COURANT,MAD,2011-02-05,ACTIF,3453443.42,1448,1448,6,6,31,31,,,2024-12-25,3436119.82,Actif
1801,5686892621015414,0111245686892621015414,0111245686892621015414,MA640111245686892621015414,MA640111245686892621015414,COURANT,MAD,2010-12-17,ACTIF,429044.54,1449,1449,6,6,30,30,,,2015-03-21,443942.37,Inactif
1802,5262380162093474,0112095262380162093474,0112095262380162093474,MA640112095262380162093474,MA640112095262380162093474,COURANT,MAD,2011-10-07,ACTIF,159212.11,1450,1450,6,6,31,31,,,2024-01-17,162158.15,Inactif
1803,3458348874894960,0119473458348874894960,0119473458348874894960,MA640119473458348874894960,MA640119473458348874894960,DAT,MAD,2011-11-20,ACTIF,51414.78,1450,1450,6,6,31,31,1802.0,1802.0,2011-11-20,51414.78,Actif
1804,7037053886391678,0113297037053886391678,0113297037053886391678,MA640113297037053886391678,MA640113297037053886391678,COURANT,MAD,2019-02-18,INACTIF,433201.03,1451,1451,6,6,30,30,,,2020-11-16,426969.82,Inactif
1805,7434974742391279,0112057434974742391279,0112057434974742391279,MA640112057434974742391279,MA640112057434974742391279,COURANT,MAD,2008-12-03,ACTIF,224486.24,1452,1452,6,6,31,31,,,2008-12-23,226772.65,Inactif
1806,1474328581025622,0116791474328581025622,0116791474328581025622,MA640116791474328581025622,MA640116791474328581025622,DAT,MAD,2009-04-10,ACTIF,139411.22,1452,1452,6,6,31,31,1805.0,1805.0,2009-04-10,139411.22,Actif
1807,7735848737405731,0117997735848737405731,0117997735848737405731,MA640117997735848737405731,MA640117997735848737405731,COURANT,MAD,2005-07-24,ACTIF,128910.62,1453,1453,6,6,30,30,,,2024-11-09,127328.31,Actif
1808,6682574269464552,0112266682574269464552,0112266682574269464552,MA640112266682574269464552,MA640112266682574269464552,DAT,MAD,2006-05-14,ACTIF,60218.97,1453,1453,6,6,30,30,1807.0,1807.0,2006-05-14,60218.97,Actif
1809,9948409365534389,0114449948409365534389,0114449948409365534389,MA640114449948409365534389,MA640114449948409365534389,COURANT,MAD,2013-05-08,ACTIF,85132.19,1454,1454,6,6,31,31,,,2014-05-19,86031.79,Inactif
1810,7025065742683856,0114647025065742683856,0114647025065742683856,MA640114647025065742683856,MA640114647025065742683856,COURANT,MAD,2012-10-11,INACTIF,3776795.08,1455,1455,6,6,30,30,,,2020-02-11,3886207.3,Inactif
1811,6931330274611183,0117856931330274611183,0117856931330274611183,MA640117856931330274611183,MA640117856931330274611183,COURANT,MAD,2010-11-17,ACTIF,162633.45,1456,1456,6,6,31,31,,,2013-10-23,156332.26,Inactif
1812,8156400697373916,0119228156400697373916,0119228156400697373916,MA640119228156400697373916,MA640119228156400697373916,COURANT,MAD,2018-12-17,ACTIF,24354.11,1457,1457,6,6,30,30,,,2024-08-03,24874.48,Faiblement actif
1813,5366551080947290,0119255366551080947290,0119255366551080947290,MA640119255366551080947290,MA640119255366551080947290,COURANT,MAD,2018-07-29,ACTIF,355330.47,1458,1458,6,6,31,31,,,2023-08-05,350558.61,Inactif
1814,9446102029995600,0115839446102029995600,0115839446102029995600,MA640115839446102029995600,MA640115839446102029995600,COURANT,MAD,2016-12-15,ACTIF,5088121.72,1459,1459,6,6,30,30,,,2017-06-23,5294185.98,Inactif
1815,7266828350664631,0111607266828350664631,0111607266828350664631,MA640111607266828350664631,MA640111607266828350664631,COURANT,MAD,2019-10-02,ACTIF,309495.74,1460,1460,6,6,31,31,,,2023-01-01,303474.92,Inactif
1816,2595614767461593,0116352595614767461593,0116352595614767461593,MA640116352595614767461593,MA640116352595614767461593,DAT,MAD,2019-11-08,ACTIF,161398.07,1460,1460,6,6,31,31,1815.0,1815.0,2019-11-08,161398.07,Actif
1817,9525671159220868,0114519525671159220868,0114519525671159220868,MA640114519525671159220868,MA640114519525671159220868,COURANT,MAD,2010-11-23,ACTIF,384430.74,1461,1461,6,6,30,30,,,2019-06-21,367071.14,Inactif
1818,5782095816045005,0117705782095816045005,0117705782095816045005,MA640117705782095816045005,MA640117705782095816045005,COURANT,MAD,2006-02-17,INACTIF,213373.68,1462,1462,6,6,31,31,,,2007-01-27,213822.24,Inactif
1819,5038196014552235,0116655038196014552235,0116655038196014552235,MA640116655038196014552235,MA640116655038196014552235,DAT,MAD,2006-09-06,ACTIF,112338.67,1462,1462,6,6,31,31,1818.0,1818.0,2006-09-06,112338.67,Actif
1820,9404623774096708,0112339404623774096708,0112339404623774096708,MA640112339404623774096708,MA640112339404623774096708,COURANT,MAD,2006-06-20,INACTIF,9494734.57,1463,1463,6,6,30,30,,,2006-12-26,9640751.77,Inactif
1821,5130557793727028,0117215130557793727028,0117215130557793727028,MA640117215130557793727028,MA640117215130557793727028,COURANT,MAD,2012-01-14,ACTIF,4576233.01,1464,1464,6,6,31,31,,,2017-06-18,4711584.12,Inactif
1822,7794224915465365,0119447794224915465365,0119447794224915465365,MA640119447794224915465365,MA640119447794224915465365,DAT,MAD,2013-01-10,ACTIF,1691175.42,1464,1464,6,6,31,31,1821.0,1821.0,2013-01-10,1691175.42,Actif
1823,3919698364150132,0116753919698364150132,0116753919698364150132,MA640116753919698364150132,MA640116753919698364150132,COURANT,MAD,2011-01-18,INACTIF,336704.41,1465,1465,6,6,30,30,,,2017-08-13,336143.82,Inactif
1824,5364860478449316,0114715364860478449316,0114715364860478449316,MA640114715364860478449316,MA640114715364860478449316,DAT,MAD,2011-07-22,ACTIF,123851.18,1465,1465,6,6,30,30,1823.0,1823.0,2011-07-22,123851.18,Actif
1825,4163679356906175,0113264163679356906175,0113264163679356906175,MA640113264163679356906175,MA640113264163679356906175,COURANT,MAD,2020-12-24,ACTIF,278662.54,1466,1466,6,6,31,31,,,2021-05-05,287008.93,Inactif
1826,3469307844981801,0117833469307844981801,0117833469307844981801,MA640117833469307844981801,MA640117833469307844981801,DAT,MAD,2021-12-18,ACTIF,179908.15,1466,1466,6,6,31,31,1825.0,1825.0,2021-12-18,179257.02,Actif
1827,9464737664622800,0117279464737664622800,0117279464737664622800,MA640117279464737664622800,MA640117279464737664622800,COURANT,MAD,2012-06-04,ACTIF,139712.74,1467,1467,6,6,30,30,,,2021-06-05,133463.33,Inactif
1828,8941632483655063,0113168941632483655063,0113168941632483655063,MA640113168941632483655063,MA640113168941632483655063,COURANT,MAD,2016-03-21,INACTIF,272323.25,1468,1468,6,6,31,31,,,2016-06-03,264188.2,Inactif
1829,8297858665984755,0119888297858665984755,0119888297858665984755,MA640119888297858665984755,MA640119888297858665984755,DAT,MAD,2017-01-26,ACTIF,176334.5,1468,1468,6,6,31,31,1828.0,1828.0,2017-01-26,176334.5,Actif
1830,8722263660530246,0111108722263660530246,0111108722263660530246,MA640111108722263660530246,MA640111108722263660530246,COURANT,MAD,2010-03-01,ACTIF,166093.1,1469,1469,6,6,30,30,,,2012-08-13,165075.75,Inactif
1831,7010499438287293,0116147010499438287293,0116147010499438287293,MA640116147010499438287293,MA640116147010499438287293,DAT,MAD,2011-01-21,ACTIF,84335.43,1469,1469,6,6,30,30,1830.0,1830.0,2011-01-21,84335.43,Actif
1832,7725451025529829,0117047725451025529829,0117047725451025529829,MA640117047725451025529829,MA640117047725451025529829,COURANT,MAD,2017-06-17,INACTIF,8278100.97,1470,1470,6,6,31,31,,,2021-12-03,8003703.7,Inactif
1833,9411515483225650,0119789411515483225650,0119789411515483225650,MA640119789411515483225650,MA640119789411515483225650,COURANT,MAD,2020-02-12,ACTIF,355039.51,1471,1471,6,6,30,30,,,2021-10-06,369778.52,Inactif
1834,2287552558967244,0116622287552558967244,0116622287552558967244,MA640116622287552558967244,MA640116622287552558967244,DAT,MAD,2020-06-13,ACTIF,100920.59,1471,1471,6,6,30,30,1833.0,1833.0,2020-06-13,100920.59,Actif
1835,6487543161681244,0113676487543161681244,0113676487543161681244,MA640113676487543161681244,MA640113676487543161681244,COURANT,MAD,2007-03-05,ACTIF,32051.31,1472,1472,6,6,31,31,,,2010-08-13,33450.41,Inactif
1836,2707661969240367,0112102707661969240367,0112102707661969240367,MA640112102707661969240367,MA640112102707661969240367,COURANT,MAD,2016-09-24,ACTIF,81619.84,1473,1473,6,6,30,30,,,2021-03-30,83518.0,Inactif
1837,8838361257601034,0118748838361257601034,0118748838361257601034,MA640118748838361257601034,MA640118748838361257601034,COURANT,MAD,2021-07-11,ACTIF,90246.59,1474,1474,6,6,31,31,,,2024-04-26,86222.3,Inactif
1838,8454090018043280,0111388454090018043280,0111388454090018043280,MA640111388454090018043280,MA640111388454090018043280,COURANT,MAD,2019-08-21,ACTIF,471199.98,1475,1475,6,6,30,30,,,2023-03-05,451798.06,Inactif
1839,2201939455211447,0113252201939455211447,0113252201939455211447,MA640113252201939455211447,MA640113252201939455211447,COURANT,MAD,2015-01-15,INACTIF,6135183.37,1476,1476,6,6,31,31,,,2023-09-20,6213675.41,Inactif
1840,3315116961359023,0113843315116961359023,0113843315116961359023,MA640113843315116961359023,MA640113843315116961359023,DAT,MAD,2015-03-04,ACTIF,1722894.38,1476,1476,6,6,31,31,1839.0,1839.0,2015-03-04,1722894.38,Actif
1841,4388646870102337,0119544388646870102337,0119544388646870102337,MA640119544388646870102337,MA640119544388646870102337,COURANT,MAD,2011-02-25,ACTIF,469222.28,1477,1477,6,6,30,30,,,2013-02-11,481513.75,Inactif
1842,3487795067732461,0114783487795067732461,0114783487795067732461,MA640114783487795067732461,MA640114783487795067732461,COURANT,MAD,2010-09-06,ACTIF,8496826.12,1478,1478,6,6,31,31,,,2016-07-16,8498077.85,Inactif
1843,6557787490003060,0117136557787490003060,0117136557787490003060,MA640117136557787490003060,MA640117136557787490003060,COURANT,MAD,2008-08-27,ACTIF,331500.98,1479,1479,6,6,30,30,,,2015-01-24,344118.62,Inactif
1844,2536840939419828,0119172536840939419828,0119172536840939419828,MA640119172536840939419828,MA640119172536840939419828,COURANT,MAD,2016-08-09,ACTIF,47724.01,1480,1480,6,6,31,31,,,2024-10-17,46853.61,Actif
1845,6752189828124356,0115966752189828124356,0115966752189828124356,MA640115966752189828124356,MA640115966752189828124356,COURANT,MAD,2007-05-24,INACTIF,5621278.69,1481,1481,6,6,30,30,,,2007-11-11,5734423.22,Inactif
1846,5365602432116549,0115015365602432116549,0115015365602432116549,MA640115015365602432116549,MA640115015365602432116549,COURANT,MAD,2005-12-21,INACTIF,8098946.56,1482,1482,6,6,31,31,,,2012-12-23,7938881.04,Inactif
1847,2624909651740766,0117752624909651740766,0117752624909651740766,MA640117752624909651740766,MA640117752624909651740766,COURANT,MAD,2007-09-29,ACTIF,5120182.32,1483,1483,6,6,30,30,,,2017-07-14,5066661.91,Inactif
1848,3286492468429076,0111033286492468429076,0111033286492468429076,MA640111033286492468429076,MA640111033286492468429076,DAT,MAD,2008-03-15,ACTIF,1613979.76,1483,1483,6,6,30,30,1847.0,1847.0,2008-03-15,1613979.76,Actif
1849,5740862055833553,0114335740862055833553,0114335740862055833553,MA640114335740862055833553,MA640114335740862055833553,COURANT,MAD,2019-10-16,ACTIF,44477097.01,1484,1484,6,6,31,31,,,2021-12-13,45425773.31,Inactif
1850,3045959521849364,0118373045959521849364,0118373045959521849364,MA640118373045959521849364,MA640118373045959521849364,DAT,MAD,2020-06-22,ACTIF,25208221.87,1484,1484,6,6,31,31,1849.0,1849.0,2020-06-22,25208221.87,Actif
1851,5832982656261832,0119835832982656261832,0119835832982656261832,MA640119835832982656261832,MA640119835832982656261832,COURANT,MAD,2006-03-08,ACTIF,2157435.28,1485,1485,6,6,30,30,,,2007-10-22,2169607.99,Inactif
1852,5859054828973437,0117435859054828973437,0117435859054828973437,MA640117435859054828973437,MA640117435859054828973437,COURANT,MAD,2019-03-14,ACTIF,179028.27,1486,1486,6,6,31,31,,,2024-08-05,176911.36,Faiblement actif
1853,1828913978525356,0117531828913978525356,0117531828913978525356,MA640117531828913978525356,MA640117531828913978525356,COURANT,MAD,2010-09-29,ACTIF,187056.56,1487,1487,6,6,30,30,,,2016-11-19,187482.85,Inactif
1854,6251826935252711,0112546251826935252711,0112546251826935252711,MA640112546251826935252711,MA640112546251826935252711,COURANT,MAD,2012-10-18,ACTIF,1137574.09,1488,1488,6,6,31,31,,,2017-05-28,1122156.59,Inactif
1855,9298725538439577,0117729298725538439577,0117729298725538439577,MA640117729298725538439577,MA640117729298725538439577,DAT,MAD,2013-02-19,ACTIF,664464.0,1488,1488,6,6,31,31,1854.0,1854.0,2013-02-19,664464.0,Actif
1856,4331695530326759,0119014331695530326759,0119014331695530326759,MA640119014331695530326759,MA640119014331695530326759,COURANT,MAD,2019-09-11,ACTIF,49382573.0,1489,1489,6,6,30,30,,,2021-12-21,46944883.87,Inactif
1857,7001636867652499,0115597001636867652499,0115597001636867652499,MA640115597001636867652499,MA640115597001636867652499,COURANT,MAD,2015-12-21,INACTIF,2514043.39,1490,1490,6,6,31,31,,,2020-11-22,2555589.41,Inactif
1858,2659214587931390,0119802659214587931390,0119802659214587931390,MA640119802659214587931390,MA640119802659214587931390,COURANT,MAD,2008-03-06,ACTIF,34238568.26,1491,1491,6,6,30,30,,,2022-05-30,35084000.34,Inactif
1859,4948989888325417,0115684948989888325417,0115684948989888325417,MA640115684948989888325417,MA640115684948989888325417,COURANT,MAD,2016-03-01,ACTIF,271027.04,1492,1492,6,6,31,31,,,2023-11-09,263785.73,Inactif
1860,3701184865979746,0111743701184865979746,0111743701184865979746,MA640111743701184865979746,MA640111743701184865979746,COURANT,MAD,2009-06-01,INACTIF,137900.72,1493,1493,6,6,30,30,,,2020-05-19,138119.63,Inactif
1861,6412816264877536,0118686412816264877536,0118686412816264877536,MA640118686412816264877536,MA640118686412816264877536,COURANT,MAD,2016-10-17,INACTIF,82706.63,1494,1494,6,6,31,31,,,2022-06-14,84456.96,Inactif
1862,9712545466732775,0115149712545466732775,0115149712545466732775,MA640115149712545466732775,MA640115149712545466732775,COURANT,MAD,2014-08-29,ACTIF,355511.79,1495,1495,6,6,30,30,,,2024-09-21,362563.86,Faiblement actif
1863,3506187914261222,0113143506187914261222,0113143506187914261222,MA640113143506187914261222,MA640113143506187914261222,DAT,MAD,2015-06-11,ACTIF,126636.82,1495,1495,6,6,30,30,1862.0,1862.0,2015-06-11,126636.82,Actif
1864,3770162824401979,0118303770162824401979,0118303770162824401979,MA640118303770162824401979,MA640118303770162824401979,COURANT,MAD,2014-05-11,ACTIF,1994757.39,1496,1496,6,6,31,31,,,2019-10-13,2037589.62,Inactif
1865,3974374535422394,0116463974374535422394,0116463974374535422394,MA640116463974374535422394,MA640116463974374535422394,COURANT,MAD,2018-12-04,ACTIF,80470.55,1497,1497,6,6,30,30,,,2021-02-28,77894.07,Inactif
1866,1211046224146573,0116241211046224146573,0116241211046224146573,MA640116241211046224146573,MA640116241211046224146573,DAT,MAD,2019-02-21,ACTIF,44975.69,1497,1497,6,6,30,30,1865.0,1865.0,2019-02-21,44975.69,Actif
1867,3114190243491463,0111113114190243491463,0111113114190243491463,MA640111113114190243491463,MA640111113114190243491463,COURANT,MAD,2008-11-18,ACTIF,202016.49,1498,1498,6,6,31,31,,,2018-05-18,209399.54,Inactif
1868,9249037196496708,0116419249037196496708,0116419249037196496708,MA640116419249037196496708,MA640116419249037196496708,COURANT,MAD,2006-05-08,ACTIF,1280416.7,1499,1499,6,6,30,30,,,2014-07-18,1278993.98,Inactif
1869,8561394674964622,0113468561394674964622,0113468561394674964622,MA640113468561394674964622,MA640113468561394674964622,COURANT,MAD,2021-03-02,ACTIF,180037.65,1500,1500,6,6,31,31,,,2024-03-20,188947.76,Inactif
1870,8781971121335999,0114258781971121335999,0114258781971121335999,MA640114258781971121335999,MA640114258781971121335999,COURANT,MAD,2006-08-12,ACTIF,126804.71,1501,1501,7,7,34,34,,,2007-02-04,123964.97,Inactif
1871,6101024557407891,0113416101024557407891,0113416101024557407891,MA640113416101024557407891,MA640113416101024557407891,COURANT,MAD,2021-08-30,ACTIF,221890.04,1502,1502,7,7,35,35,,,2021-12-30,214551.8,Inactif
1872,2926716151733564,0112782926716151733564,0112782926716151733564,MA640112782926716151733564,MA640112782926716151733564,COURANT,MAD,2011-02-10,ACTIF,74868.52,1503,1503,7,7,34,34,,,2022-03-14,71940.01,Inactif
1873,9567492683854958,0112079567492683854958,0112079567492683854958,MA640112079567492683854958,MA640112079567492683854958,COURANT,MAD,2011-10-27,INACTIF,15316133.52,1504,1504,7,7,35,35,,,2015-02-07,15511486.78,Inactif
1874,1578640465809222,0114451578640465809222,0114451578640465809222,MA640114451578640465809222,MA640114451578640465809222,COURANT,MAD,2017-06-01,ACTIF,364816.55,1505,1505,7,7,34,34,,,2018-10-27,355675.02,Inactif
1875,5336281874433570,0111795336281874433570,0111795336281874433570,MA640111795336281874433570,MA640111795336281874433570,DAT,MAD,2017-07-17,ACTIF,116208.48,1505,1505,7,7,34,34,1874.0,1874.0,2017-07-17,116208.48,Actif
1876,1237048962973564,0117671237048962973564,0117671237048962973564,MA640117671237048962973564,MA640117671237048962973564,COURANT,MAD,2018-01-21,INACTIF,422954.21,1506,1506,7,7,35,35,,,2019-07-31,435452.87,Inactif
1877,9624391657488651,0115899624391657488651,0115899624391657488651,MA640115899624391657488651,MA640115899624391657488651,COURANT,MAD,2007-10-21,ACTIF,36826.29,1507,1507,7,7,34,34,,,2011-12-05,38545.87,Inactif
1878,3877947666203368,0116463877947666203368,0116463877947666203368,MA640116463877947666203368,MA640116463877947666203368,COURANT,MAD,2013-02-20,ACTIF,200851.84,1508,1508,7,7,35,35,,,2015-03-23,199866.06,Inactif
1879,1563341069394658,0113971563341069394658,0113971563341069394658,MA640113971563341069394658,MA640113971563341069394658,COURANT,MAD,2008-11-08,ACTIF,81142862.45,1509,1509,7,7,34,34,,,2013-12-03,84821255.88,Inactif
1880,3653258587653536,0113873653258587653536,0113873653258587653536,MA640113873653258587653536,MA640113873653258587653536,COURANT,MAD,2010-06-05,ACTIF,53019982.61,1510,1510,7,7,35,35,,,2010-10-29,55110074.74,Inactif
1881,9924971762499542,0119659924971762499542,0119659924971762499542,MA640119659924971762499542,MA640119659924971762499542,COURANT,MAD,2011-05-23,ACTIF,350142.17,1511,1511,7,7,34,34,,,2015-05-12,356692.18,Inactif
1882,3379295597506168,0117473379295597506168,0117473379295597506168,MA640117473379295597506168,MA640117473379295597506168,DAT,MAD,2011-06-25,ACTIF,97219.72,1511,1511,7,7,34,34,1881.0,1881.0,2011-06-25,97219.72,Actif
1883,5380414297681326,0119455380414297681326,0119455380414297681326,MA640119455380414297681326,MA640119455380414297681326,COURANT,MAD,2009-01-18,ACTIF,468195.07,1512,1512,7,7,35,35,,,2019-02-12,485891.6,Inactif
1884,3258055571987949,0113363258055571987949,0113363258055571987949,MA640113363258055571987949,MA640113363258055571987949,COURANT,MAD,2005-06-17,INACTIF,422342.72,1513,1513,7,7,34,34,,,2010-08-01,409522.72,Inactif
1885,2814408887161350,0112772814408887161350,0112772814408887161350,MA640112772814408887161350,MA640112772814408887161350,COURANT,MAD,2007-05-01,ACTIF,355718.19,1514,1514,7,7,35,35,,,2017-07-02,348318.48,Inactif
1886,1498922825050316,0113621498922825050316,0113621498922825050316,MA640113621498922825050316,MA640113621498922825050316,DAT,MAD,2007-11-14,ACTIF,114227.9,1514,1514,7,7,35,35,1885.0,1885.0,2007-11-14,114227.9,Actif
1887,8390934249693496,0113548390934249693496,0113548390934249693496,MA640113548390934249693496,MA640113548390934249693496,COURANT,MAD,2007-12-04,ACTIF,151873.94,1515,1515,7,7,34,34,,,2018-11-24,149236.88,Inactif
1888,5845361590551305,0114185845361590551305,0114185845361590551305,MA640114185845361590551305,MA640114185845361590551305,COURANT,MAD,2008-10-31,ACTIF,104365.3,1516,1516,7,7,35,35,,,2014-11-06,109144.42,Inactif
1889,9444632587039524,0119339444632587039524,0119339444632587039524,MA640119339444632587039524,MA640119339444632587039524,DAT,MAD,2009-07-31,ACTIF,35459.66,1516,1516,7,7,35,35,1888.0,1888.0,2009-07-31,35459.66,Actif
1890,3908298563657999,0115383908298563657999,0115383908298563657999,MA640115383908298563657999,MA640115383908298563657999,COURANT,MAD,2009-04-05,INACTIF,1819626.34,1517,1517,7,7,34,34,,,2018-06-24,1734190.53,Inactif
1891,9718346359057227,0117539718346359057227,0117539718346359057227,MA640117539718346359057227,MA640117539718346359057227,COURANT,MAD,2015-01-07,INACTIF,124880.06,1518,1518,7,7,35,35,,,2022-04-15,123862.22,Inactif
1892,7708222072380874,0111137708222072380874,0111137708222072380874,MA640111137708222072380874,MA640111137708222072380874,COURANT,MAD,2020-07-04,ACTIF,119741.47,1519,1519,7,7,34,34,,,2020-09-06,115700.5,Inactif
1893,6956592329436140,0112186956592329436140,0112186956592329436140,MA640112186956592329436140,MA640112186956592329436140,DAT,MAD,2020-11-07,ACTIF,51668.54,1519,1519,7,7,34,34,1892.0,1892.0,2020-11-07,51668.54,Actif
1894,5866329488860998,0113325866329488860998,0113325866329488860998,MA640113325866329488860998,MA640113325866329488860998,COURANT,MAD,2008-07-27,ACTIF,1040399.13,1520,1520,7,7,35,35,,,2024-06-01,1046958.92,Inactif
1895,8793842466441829,0115308793842466441829,0115308793842466441829,MA640115308793842466441829,MA640115308793842466441829,COURANT,MAD,2015-01-10,ACTIF,1633573.56,1521,1521,7,7,34,34,,,2017-12-28,1710479.34,Inactif
1896,1415997922164838,0115151415997922164838,0115151415997922164838,MA640115151415997922164838,MA640115151415997922164838,DAT,MAD,2015-07-18,ACTIF,540256.58,1521,1521,7,7,34,34,1895.0,1895.0,2015-07-18,540256.58,Actif
1897,5387253034909822,0113135387253034909822,0113135387253034909822,MA640113135387253034909822,MA640113135387253034909822,COURANT,MAD,2005-10-16,ACTIF,443894.6,1522,1522,7,7,35,35,,,2005-12-13,428846.12,Inactif
1898,8610774637792124,0111558610774637792124,0111558610774637792124,MA640111558610774637792124,MA640111558610774637792124,COURANT,MAD,2009-02-26,ACTIF,493177.6,1523,1523,7,7,34,34,,,2010-11-20,489766.79,Inactif
1899,4101809025699633,0113324101809025699633,0113324101809025699633,MA640113324101809025699633,MA640113324101809025699633,COURANT,MAD,2011-07-04,ACTIF,1391483.48,1524,1524,7,7,35,35,,,2020-01-03,1378543.53,Inactif
1900,2150448670247394,0115862150448670247394,0115862150448670247394,MA640115862150448670247394,MA640115862150448670247394,COURANT,MAD,2013-07-08,ACTIF,172113.03,1525,1525,7,7,34,34,,,2016-03-25,164658.06,Inactif
1901,4356096616201016,0115764356096616201016,0115764356096616201016,MA640115764356096616201016,MA640115764356096616201016,DAT,MAD,2014-01-16,ACTIF,105005.57,1525,1525,7,7,34,34,1900.0,1900.0,2014-01-16,105005.57,Actif
1902,1387102084367308,0114701387102084367308,0114701387102084367308,MA640114701387102084367308,MA640114701387102084367308,COURANT,MAD,2011-04-19,ACTIF,125044.77,1526,1526,7,7,35,35,,,2012-12-11,128423.44,Inactif
1903,5465620065441233,0119615465620065441233,0119615465620065441233,MA640119615465620065441233,MA640119615465620065441233,DAT,MAD,2011-05-21,ACTIF,45507.53,1526,1526,7,7,35,35,1902.0,1902.0,2011-05-21,45507.53,Actif
1904,5806484531112142,0117525806484531112142,0117525806484531112142,MA640117525806484531112142,MA640117525806484531112142,COURANT,MAD,2005-01-24,ACTIF,386819.84,1527,1527,7,7,34,34,,,2023-01-24,395659.44,Inactif
1905,3444359645397635,0114703444359645397635,0114703444359645397635,MA640114703444359645397635,MA640114703444359645397635,COURANT,MAD,2009-04-12,INACTIF,45758395.75,1528,1528,7,7,35,35,,,2011-09-25,45310478.03,Inactif
1906,3492688880767121,0118213492688880767121,0118213492688880767121,MA640118213492688880767121,MA640118213492688880767121,DAT,MAD,2009-07-27,ACTIF,14453589.26,1528,1528,7,7,35,35,1905.0,1905.0,2009-07-27,14453589.26,Actif
1907,6326463165594754,0111556326463165594754,0111556326463165594754,MA640111556326463165594754,MA640111556326463165594754,COURANT,MAD,2005-09-29,ACTIF,7855490.62,1529,1529,7,7,34,34,,,2013-01-24,8146358.12,Inactif
1908,6909611669565113,0115566909611669565113,0115566909611669565113,MA640115566909611669565113,MA640115566909611669565113,COURANT,MAD,2021-06-19,ACTIF,19281232.78,1530,1530,7,7,35,35,,,2023-01-28,19027680.84,Inactif
1909,7319221321468917,0114767319221321468917,0114767319221321468917,MA640114767319221321468917,MA640114767319221321468917,DAT,MAD,2021-08-10,ACTIF,10909191.96,1530,1530,7,7,35,35,1908.0,1908.0,2021-08-10,10879075.37,Actif
1910,9375788192964958,0119849375788192964958,0119849375788192964958,MA640119849375788192964958,MA640119849375788192964958,COURANT,MAD,2016-12-24,ACTIF,3149728.52,1531,1531,7,7,34,34,,,2022-07-06,3203120.24,Inactif
1911,6285026026377550,0112676285026026377550,0112676285026026377550,MA640112676285026026377550,MA640112676285026026377550,DAT,MAD,2017-07-20,ACTIF,1884190.92,1531,1531,7,7,34,34,1910.0,1910.0,2017-07-20,1884190.92,Actif
1912,9381179580344519,0116359381179580344519,0116359381179580344519,MA640116359381179580344519,MA640116359381179580344519,COURANT,MAD,2015-05-08,ACTIF,32274937.37,1532,1532,7,7,35,35,,,2022-01-07,33289720.95,Inactif
1913,7406894824212288,0112017406894824212288,0112017406894824212288,MA640112017406894824212288,MA640112017406894824212288,COURANT,MAD,2006-02-09,ACTIF,408757.55,1533,1533,7,7,34,34,,,2013-03-22,424780.06,Inactif
1914,7720967651842904,0113997720967651842904,0113997720967651842904,MA640113997720967651842904,MA640113997720967651842904,COURANT,MAD,2012-09-20,INACTIF,496149.43,1534,1534,7,7,35,35,,,2020-11-21,486823.05,Inactif
1915,1998083637365821,0113221998083637365821,0113221998083637365821,MA640113221998083637365821,MA640113221998083637365821,DAT,MAD,2013-06-02,ACTIF,264094.33,1534,1534,7,7,35,35,1914.0,1914.0,2013-06-02,264094.33,Actif
1916,4539291322402810,0119614539291322402810,0119614539291322402810,MA640119614539291322402810,MA640119614539291322402810,COURANT,MAD,2015-03-30,ACTIF,44923243.47,1535,1535,7,7,34,34,,,2021-09-02,44418504.61,Inactif
1917,9786618117181290,0114259786618117181290,0114259786618117181290,MA640114259786618117181290,MA640114259786618117181290,COURANT,MAD,2007-03-29,ACTIF,41576838.07,1536,1536,7,7,35,35,,,2019-05-31,40858862.02,Inactif
1918,9717831922181808,0112259717831922181808,0112259717831922181808,MA640112259717831922181808,MA640112259717831922181808,COURANT,MAD,2016-10-29,INACTIF,148653.05,1537,1537,7,7,34,34,,,2022-05-10,155422.81,Inactif
1919,1493531125214279,0117651493531125214279,0117651493531125214279,MA640117651493531125214279,MA640117651493531125214279,COURANT,MAD,2007-03-24,ACTIF,4668913.55,1538,1538,7,7,35,35,,,2009-07-19,4450952.54,Inactif
1920,9475386497238441,0116349475386497238441,0116349475386497238441,MA640116349475386497238441,MA640116349475386497238441,COURANT,MAD,2016-02-26,ACTIF,268467.61,1539,1539,7,7,34,34,,,2017-02-19,255619.3,Inactif
1921,5800378466625181,0114895800378466625181,0114895800378466625181,MA640114895800378466625181,MA640114895800378466625181,COURANT,MAD,2006-06-08,ACTIF,2519467.45,1540,1540,7,7,35,35,,,2012-04-03,2592446.27,Inactif
1922,5257284149026419,0118535257284149026419,0118535257284149026419,MA640118535257284149026419,MA640118535257284149026419,COURANT,MAD,2005-07-06,ACTIF,45937.44,1541,1541,7,7,34,34,,,2024-09-14,47011.39,Faiblement actif
1923,2993836949045002,0116662993836949045002,0116662993836949045002,MA640116662993836949045002,MA640116662993836949045002,COURANT,MAD,2018-03-02,INACTIF,31530377.9,1542,1542,7,7,35,35,,,2019-01-03,30815040.77,Inactif
1924,3315630550662181,0113773315630550662181,0113773315630550662181,MA640113773315630550662181,MA640113773315630550662181,DAT,MAD,2018-07-15,ACTIF,8951901.07,1542,1542,7,7,35,35,1923.0,1923.0,2018-07-15,8951901.07,Actif
1925,2638860744021361,0111712638860744021361,0111712638860744021361,MA640111712638860744021361,MA640111712638860744021361,COURANT,MAD,2005-10-09,ACTIF,96078996.41,1543,1543,7,7,34,34,,,2016-05-19,98989024.92,Inactif
1926,8088968429576374,0118708088968429576374,0118708088968429576374,MA640118708088968429576374,MA640118708088968429576374,COURANT,MAD,2018-09-23,INACTIF,40179809.17,1544,1544,7,7,35,35,,,2020-02-24,41637568.6,Inactif
1927,2695115719836409,0114002695115719836409,0114002695115719836409,MA640114002695115719836409,MA640114002695115719836409,COURANT,MAD,2018-03-26,ACTIF,323889.29,1545,1545,7,7,34,34,,,2019-02-13,333330.92,Inactif
1928,5666838223126013,0117115666838223126013,0117115666838223126013,MA640117115666838223126013,MA640117115666838223126013,COURANT,MAD,2015-01-13,ACTIF,154676.65,1546,1546,7,7,35,35,,,2022-01-27,157230.45,Inactif
1929,6671631362467116,0113856671631362467116,0113856671631362467116,MA640113856671631362467116,MA640113856671631362467116,DAT,MAD,2015-06-13,ACTIF,48487.37,1546,1546,7,7,35,35,1928.0,1928.0,2015-06-13,48487.37,Actif
1930,4451013553587444,0115344451013553587444,0115344451013553587444,MA640115344451013553587444,MA640115344451013553587444,COURANT,MAD,2010-06-18,ACTIF,122147.06,1547,1547,7,7,34,34,,,2014-09-07,124169.3,Inactif
1931,4628395687911801,0118704628395687911801,0118704628395687911801,MA640118704628395687911801,MA640118704628395687911801,DAT,MAD,2011-02-24,ACTIF,40561.0,1547,1547,7,7,34,34,1930.0,1930.0,2011-02-24,40561.0,Actif
1932,4865371723878135,0117614865371723878135,0117614865371723878135,MA640117614865371723878135,MA640117614865371723878135,COURANT,MAD,2020-04-28,ACTIF,48211197.72,1548,1548,7,7,35,35,,,2020-11-10,48313806.14,Inactif
1933,4003330196149085,0112064003330196149085,0112064003330196149085,MA640112064003330196149085,MA640112064003330196149085,DAT,MAD,2021-04-27,ACTIF,31247347.38,1548,1548,7,7,35,35,1932.0,1932.0,2021-04-27,31114172.94,Actif
1934,4249404894924448,0119084249404894924448,0119084249404894924448,MA640119084249404894924448,MA640119084249404894924448,COURANT,MAD,2021-10-19,ACTIF,338777.32,1549,1549,7,7,34,34,,,2022-05-22,334733.05,Inactif
1935,9576169774898377,0111469576169774898377,0111469576169774898377,MA640111469576169774898377,MA640111469576169774898377,COURANT,MAD,2008-02-23,INACTIF,250701.34,1550,1550,7,7,35,35,,,2020-02-27,243465.19,Inactif
1936,2496203984816737,0111542496203984816737,0111542496203984816737,MA640111542496203984816737,MA640111542496203984816737,COURANT,MAD,2006-06-01,ACTIF,375957.88,1551,1551,7,7,34,34,,,2024-05-16,361374.81,Inactif
1937,4735414195728319,0119794735414195728319,0119794735414195728319,MA640119794735414195728319,MA640119794735414195728319,COURANT,MAD,2011-03-12,INACTIF,13845.22,1552,1552,7,7,35,35,,,2017-07-20,13300.46,Inactif
1938,4589850439916662,0113434589850439916662,0113434589850439916662,MA640113434589850439916662,MA640113434589850439916662,DAT,MAD,2011-08-12,ACTIF,3124.0,1552,1552,7,7,35,35,1937.0,1937.0,2011-08-12,3124.0,Actif
1939,9169919872920943,0119779169919872920943,0119779169919872920943,MA640119779169919872920943,MA640119779169919872920943,COURANT,MAD,2020-02-28,ACTIF,3774082.23,1553,1553,7,7,34,34,,,2021-07-21,3779199.99,Inactif
1940,5835205430969734,0118905835205430969734,0118905835205430969734,MA640118905835205430969734,MA640118905835205430969734,COURANT,MAD,2009-07-08,ACTIF,440840.24,1554,1554,7,7,35,35,,,2017-08-27,456620.81,Inactif
1941,5291879116547331,0119835291879116547331,0119835291879116547331,MA640119835291879116547331,MA640119835291879116547331,COURANT,MAD,2008-03-03,ACTIF,8105641.13,1555,1555,7,7,34,34,,,2013-11-13,8438837.2,Inactif
1942,5395280493400026,0116305395280493400026,0116305395280493400026,MA640116305395280493400026,MA640116305395280493400026,COURANT,MAD,2019-09-27,ACTIF,86893.52,1556,1556,7,7,35,35,,,2021-12-19,88149.96,Inactif
1943,1239572293235590,0117591239572293235590,0117591239572293235590,MA640117591239572293235590,MA640117591239572293235590,DAT,MAD,2020-03-12,ACTIF,24168.5,1556,1556,7,7,35,35,1942.0,1942.0,2020-03-12,24168.5,Actif
1944,9820816657554476,0118419820816657554476,0118419820816657554476,MA640118419820816657554476,MA640118419820816657554476,COURANT,MAD,2021-03-07,ACTIF,3648842.69,1557,1557,7,7,34,34,,,2021-05-12,3829818.96,Inactif
1945,6998359130578137,0113736998359130578137,0113736998359130578137,MA640113736998359130578137,MA640113736998359130578137,COURANT,MAD,2012-01-31,ACTIF,287406.07,1558,1558,7,7,35,35,,,2020-11-03,295522.9,Inactif
1946,9524248833073532,0117209524248833073532,0117209524248833073532,MA640117209524248833073532,MA640117209524248833073532,COURANT,MAD,2010-11-28,INACTIF,473431.49,1559,1559,7,7,34,34,,,2017-05-14,483150.89,Inactif
1947,1472898995397039,0113751472898995397039,0113751472898995397039,MA640113751472898995397039,MA640113751472898995397039,COURANT,MAD,2017-11-18,ACTIF,1039007.74,1560,1560,7,7,35,35,,,2022-02-26,1049338.43,Inactif
1948,8150327298064147,0116228150327298064147,0116228150327298064147,MA640116228150327298064147,MA640116228150327298064147,COURANT,MAD,2018-10-23,ACTIF,6496200.05,1561,1561,7,7,34,34,,,2019-05-31,6679329.5,Inactif
1949,7178712288190946,0112207178712288190946,0112207178712288190946,MA640112207178712288190946,MA640112207178712288190946,COURANT,MAD,2009-07-29,INACTIF,777270.98,1562,1562,7,7,35,35,,,2017-01-09,746966.48,Inactif
1950,3150040938141066,0118973150040938141066,0118973150040938141066,MA640118973150040938141066,MA640118973150040938141066,DAT,MAD,2009-11-12,ACTIF,204125.17,1562,1562,7,7,35,35,1949.0,1949.0,2009-11-12,204125.17,Actif
1951,2838827656468357,0116102838827656468357,0116102838827656468357,MA640116102838827656468357,MA640116102838827656468357,COURANT,MAD,2008-11-02,ACTIF,82901.03,1563,1563,7,7,34,34,,,2008-11-20,82338.86,Inactif
1952,5617546467568505,0116315617546467568505,0116315617546467568505,MA640116315617546467568505,MA640116315617546467568505,DAT,MAD,2009-03-21,ACTIF,41600.28,1563,1563,7,7,34,34,1951.0,1951.0,2009-03-21,41600.28,Actif
1953,2233849535431515,0113672233849535431515,0113672233849535431515,MA640113672233849535431515,MA640113672233849535431515,COURANT,MAD,2007-01-14,ACTIF,61988.42,1564,1564,7,7,35,35,,,2013-04-19,63093.39,Inactif
1954,2932386137051599,0112932932386137051599,0112932932386137051599,MA640112932932386137051599,MA640112932932386137051599,DAT,MAD,2007-10-24,ACTIF,20329.72,1564,1564,7,7,35,35,1953.0,1953.0,2007-10-24,20329.72,Actif
1955,4414234134145523,0116014414234134145523,0116014414234134145523,MA640116014414234134145523,MA640116014414234134145523,COURANT,MAD,2018-01-17,ACTIF,161196.43,1565,1565,7,7,34,34,,,2019-03-07,155726.68,Inactif
1956,6896010889714405,0111356896010889714405,0111356896010889714405,MA640111356896010889714405,MA640111356896010889714405,COURANT,MAD,2013-08-19,ACTIF,1595505.8,1566,1566,7,7,35,35,,,2018-12-24,1664728.18,Inactif
1957,9273763348586041,0117329273763348586041,0117329273763348586041,MA640117329273763348586041,MA640117329273763348586041,COURANT,MAD,2015-12-27,INACTIF,187959.88,1567,1567,7,7,34,34,,,2017-08-05,189139.43,Inactif
1958,5429284040363407,0117795429284040363407,0117795429284040363407,MA640117795429284040363407,MA640117795429284040363407,COURANT,MAD,2020-09-08,ACTIF,66588614.92,1568,1568,7,7,35,35,,,2024-04-12,69486558.55,Inactif
1959,8347047975994374,0119688347047975994374,0119688347047975994374,MA640119688347047975994374,MA640119688347047975994374,COURANT,MAD,2009-06-17,INACTIF,384212.35,1569,1569,7,7,34,34,,,2020-07-18,400375.74,Inactif
1960,3444574075573877,0119023444574075573877,0119023444574075573877,MA640119023444574075573877,MA640119023444574075573877,COURANT,MAD,2019-04-23,ACTIF,6108087.4,1570,1570,7,7,35,35,,,2021-09-02,6133737.96,Inactif
1961,6667686019588861,0112016667686019588861,0112016667686019588861,MA640112016667686019588861,MA640112016667686019588861,COURANT,MAD,2008-08-31,ACTIF,78736.25,1571,1571,7,7,34,34,,,2011-07-12,75939.48,Inactif
1962,9799351637847119,0113459799351637847119,0113459799351637847119,MA640113459799351637847119,MA640113459799351637847119,COURANT,MAD,2017-01-08,ACTIF,2546061.99,1572,1572,7,7,35,35,,,2017-08-03,2458022.42,Inactif
1963,1595273033906870,0114811595273033906870,0114811595273033906870,MA640114811595273033906870,MA640114811595273033906870,DAT,MAD,2017-05-14,ACTIF,728071.52,1572,1572,7,7,35,35,1962.0,1962.0,2017-05-14,728071.52,Actif
1964,8050067248701216,0113858050067248701216,0113858050067248701216,MA640113858050067248701216,MA640113858050067248701216,COURANT,MAD,2014-02-02,ACTIF,8697712.27,1573,1573,7,7,34,34,,,2022-01-25,8545914.77,Inactif
1965,4062140332834099,0112854062140332834099,0112854062140332834099,MA640112854062140332834099,MA640112854062140332834099,COURANT,MAD,2015-04-28,ACTIF,109508.96,1574,1574,7,7,35,35,,,2015-09-11,111030.07,Inactif
1966,7368789617950318,0119807368789617950318,0119807368789617950318,MA640119807368789617950318,MA640119807368789617950318,COURANT,MAD,2018-12-15,INACTIF,264242.67,1575,1575,7,7,34,34,,,2022-05-14,271995.05,Inactif
1967,8541116469002986,0114618541116469002986,0114618541116469002986,MA640114618541116469002986,MA640114618541116469002986,COURANT,MAD,2016-04-25,ACTIF,11377849.01,1576,1576,7,7,35,35,,,2022-02-19,11068545.93,Inactif
1968,8434227634938155,0115348434227634938155,0115348434227634938155,MA640115348434227634938155,MA640115348434227634938155,COURANT,MAD,2015-10-31,ACTIF,1326548.61,1577,1577,7,7,34,34,,,2017-05-28,1340013.32,Inactif
1969,6991120519073959,0113146991120519073959,0113146991120519073959,MA640113146991120519073959,MA640113146991120519073959,COURANT,MAD,2019-09-11,ACTIF,37692.77,1578,1578,7,7,35,35,,,2021-10-12,39567.35,Inactif
1970,9033843483076798,0113769033843483076798,0113769033843483076798,MA640113769033843483076798,MA640113769033843483076798,COURANT,MAD,2018-01-05,INACTIF,463077.03,1579,1579,7,7,34,34,,,2024-04-13,465964.28,Inactif
1971,4104588682978165,0115484104588682978165,0115484104588682978165,MA640115484104588682978165,MA640115484104588682978165,COURANT,MAD,2019-07-11,ACTIF,198235.2,1580,1580,7,7,35,35,,,2020-03-19,192037.7,Inactif
1972,4358226587156792,0111624358226587156792,0111624358226587156792,MA640111624358226587156792,MA640111624358226587156792,DAT,MAD,2020-03-25,ACTIF,74219.38,1580,1580,7,7,35,35,1971.0,1971.0,2020-03-25,74219.38,Actif
1973,1418403969004961,0114151418403969004961,0114151418403969004961,MA640114151418403969004961,MA640114151418403969004961,COURANT,MAD,2014-06-06,INACTIF,21049488.76,1581,1581,7,7,34,34,,,2024-01-12,21978259.67,Inactif
1974,4122411657791833,0114284122411657791833,0114284122411657791833,MA640114284122411657791833,MA640114284122411657791833,DAT,MAD,2014-07-13,ACTIF,6342193.44,1581,1581,7,7,34,34,1973.0,1973.0,2014-07-13,6342193.44,Actif
1975,3744271845406764,0112333744271845406764,0112333744271845406764,MA640112333744271845406764,MA640112333744271845406764,COURANT,MAD,2010-12-30,ACTIF,164345.18,1582,1582,7,7,35,35,,,2023-05-16,171123.37,Inactif
1976,9749784141184407,0116789749784141184407,0116789749784141184407,MA640116789749784141184407,MA640116789749784141184407,COURANT,MAD,2005-02-20,ACTIF,277771.12,1583,1583,7,7,34,34,,,2016-09-29,269396.15,Inactif
1977,8179874147625585,0118468179874147625585,0118468179874147625585,MA640118468179874147625585,MA640118468179874147625585,DAT,MAD,2005-05-30,ACTIF,112860.94,1583,1583,7,7,34,34,1976.0,1976.0,2005-05-30,112860.94,Actif
1978,3227613855716058,0118823227613855716058,0118823227613855716058,MA640118823227613855716058,MA640118823227613855716058,COURANT,MAD,2005-01-27,ACTIF,49723319.59,1584,1584,7,7,35,35,,,2016-08-19,51941057.35,Inactif
1979,4956564923464032,0118884956564923464032,0118884956564923464032,MA640118884956564923464032,MA640118884956564923464032,COURANT,MAD,2019-04-01,INACTIF,234925.83,1585,1585,7,7,34,34,,,2022-11-06,234902.21,Inactif
1980,1216586261180656,0118901216586261180656,0118901216586261180656,MA640118901216586261180656,MA640118901216586261180656,COURANT,MAD,2010-07-04,INACTIF,24250953.84,1586,1586,7,7,35,35,,,2019-09-21,23885466.6,Inactif
1981,3861044341263063,0115113861044341263063,0115113861044341263063,MA640115113861044341263063,MA640115113861044341263063,COURANT,MAD,2020-04-09,ACTIF,56939.5,1587,1587,7,7,34,34,,,2020-10-11,57493.21,Inactif
1982,8922639554612538,0112068922639554612538,0112068922639554612538,MA640112068922639554612538,MA640112068922639554612538,COURANT,MAD,2019-07-23,ACTIF,783971.45,1588,1588,7,7,35,35,,,2021-06-12,772303.97,Inactif
1983,1766011540919175,0113611766011540919175,0113611766011540919175,MA640113611766011540919175,MA640113611766011540919175,COURANT,MAD,2016-01-21,ACTIF,1572327.63,1589,1589,7,7,34,34,,,2021-07-10,1592973.14,Inactif
1984,3884464675182224,0111083884464675182224,0111083884464675182224,MA640111083884464675182224,MA640111083884464675182224,DAT,MAD,2016-10-15,ACTIF,952211.13,1589,1589,7,7,34,34,1983.0,1983.0,2016-10-15,952211.13,Actif
1985,2308926482269832,0115242308926482269832,0115242308926482269832,MA640115242308926482269832,MA640115242308926482269832,COURANT,MAD,2005-11-23,ACTIF,288257.05,1590,1590,7,7,35,35,,,2018-12-02,293222.08,Inactif
1986,2739331916051041,0116292739331916051041,0116292739331916051041,MA640116292739331916051041,MA640116292739331916051041,COURANT,MAD,2006-10-19,ACTIF,37031.65,1591,1591,7,7,34,34,,,2017-06-29,35574.83,Inactif
1987,2704280950071267,0114052704280950071267,0114052704280950071267,MA640114052704280950071267,MA640114052704280950071267,COURANT,MAD,2016-12-18,INACTIF,19068673.88,1592,1592,7,7,35,35,,,2021-10-20,18688666.45,Inactif
1988,1813626066988785,0114281813626066988785,0114281813626066988785,MA640114281813626066988785,MA640114281813626066988785,COURANT,MAD,2015-01-20,ACTIF,2513960.85,1593,1593,7,7,34,34,,,2018-09-26,2599782.71,Inactif
1989,6161879469211131,0113246161879469211131,0113246161879469211131,MA640113246161879469211131,MA640113246161879469211131,COURANT,MAD,2005-07-17,ACTIF,304922.76,1594,1594,7,7,35,35,,,2019-07-18,312998.73,Inactif
1990,1459105493402670,0118651459105493402670,0118651459105493402670,MA640118651459105493402670,MA640118651459105493402670,COURANT,MAD,2015-11-11,INACTIF,408150.24,1595,1595,7,7,34,34,,,2019-09-26,409927.23,Inactif
1991,5305991411499757,0118185305991411499757,0118185305991411499757,MA640118185305991411499757,MA640118185305991411499757,COURANT,MAD,2014-11-03,ACTIF,6274243.72,1596,1596,7,7,35,35,,,2020-11-11,6413016.86,Inactif
1992,4530647847269488,0116524530647847269488,0116524530647847269488,MA640116524530647847269488,MA640116524530647847269488,DAT,MAD,2015-07-03,ACTIF,3425731.23,1596,1596,7,7,35,35,1991.0,1991.0,2015-07-03,3425731.23,Actif
1993,8229360120662607,0115578229360120662607,0115578229360120662607,MA640115578229360120662607,MA640115578229360120662607,COURANT,MAD,2008-10-27,INACTIF,164307.51,1597,1597,7,7,34,34,,,2018-11-07,157738.1,Inactif
1994,5852815521397884,0117515852815521397884,0117515852815521397884,MA640117515852815521397884,MA640117515852815521397884,COURANT,MAD,2009-11-29,ACTIF,432801.12,1598,1598,7,7,35,35,,,2018-03-17,422337.56,Inactif
1995,8569564933392724,0111098569564933392724,0111098569564933392724,MA640111098569564933392724,MA640111098569564933392724,COURANT,MAD,2010-12-02,ACTIF,212814.48,1599,1599,7,7,34,34,,,2012-01-03,218677.83,Inactif
1996,4257926014756008,0117114257926014756008,0117114257926014756008,MA640117114257926014756008,MA640117114257926014756008,COURANT,MAD,2015-06-24,INACTIF,5034303.62,1600,1600,7,7,35,35,,,2015-09-30,4976758.58,Inactif
1997,9444262082322445,0118559444262082322445,0118559444262082322445,MA640118559444262082322445,MA640118559444262082322445,COURANT,MAD,2020-10-26,ACTIF,6704028.59,1601,1601,7,7,34,34,,,2021-02-09,6954843.31,Inactif
1998,4420443546476216,0111734420443546476216,0111734420443546476216,MA640111734420443546476216,MA640111734420443546476216,DAT,MAD,2021-09-13,ACTIF,1950514.2,1601,1601,7,7,34,34,1997.0,1997.0,2021-09-13,1925147.07,Actif
1999,1074589916579868,0113631074589916579868,0113631074589916579868,MA640113631074589916579868,MA640113631074589916579868,COURANT,MAD,2013-12-12,ACTIF,9538987.69,1602,1602,7,7,35,35,,,2014-02-05,9412278.59,Inactif
2000,5815532343812038,0119695815532343812038,0119695815532343812038,MA640119695815532343812038,MA640119695815532343812038,COURANT,MAD,2006-07-24,ACTIF,322735.94,1603,1603,7,7,34,34,,,2020-07-15,336603.56,Inactif
2001,6915241457111340,0119296915241457111340,0119296915241457111340,MA640119296915241457111340,MA640119296915241457111340,COURANT,MAD,2006-03-28,ACTIF,109472.95,1604,1604,7,7,35,35,,,2010-01-21,111430.18,Inactif
2002,4785227963192552,0112454785227963192552,0112454785227963192552,MA640112454785227963192552,MA640112454785227963192552,COURANT,MAD,2021-05-16,ACTIF,496793.99,1605,1605,7,7,34,34,,,2023-10-03,474952.1,Inactif
2003,7315113790857878,0111407315113790857878,0111407315113790857878,MA640111407315113790857878,MA640111407315113790857878,COURANT,MAD,2009-12-05,ACTIF,699136.29,1606,1606,7,7,35,35,,,2017-05-11,678836.45,Inactif
2004,6154725857365969,0119336154725857365969,0119336154725857365969,MA640119336154725857365969,MA640119336154725857365969,COURANT,MAD,2010-03-31,ACTIF,39864254.54,1607,1607,7,7,34,34,,,2014-03-19,40675485.84,Inactif
2005,2577080859410319,0117912577080859410319,0117912577080859410319,MA640117912577080859410319,MA640117912577080859410319,DAT,MAD,2011-02-09,ACTIF,11342878.76,1607,1607,7,7,34,34,2004.0,2004.0,2011-02-09,11342878.76,Actif
2006,2460952955392209,0113462460952955392209,0113462460952955392209,MA640113462460952955392209,MA640113462460952955392209,COURANT,MAD,2013-03-30,INACTIF,285241.35,1608,1608,7,7,35,35,,,2013-09-22,285439.3,Inactif
2007,9481937168094483,0111729481937168094483,0111729481937168094483,MA640111729481937168094483,MA640111729481937168094483,COURANT,MAD,2018-07-14,INACTIF,425904.16,1609,1609,7,7,34,34,,,2021-08-11,418302.3,Inactif
2008,3532567023626173,0114963532567023626173,0114963532567023626173,MA640114963532567023626173,MA640114963532567023626173,COURANT,MAD,2010-03-09,INACTIF,429094.46,1610,1610,7,7,35,35,,,2024-03-21,422643.58,Inactif
2009,2632620688374884,0113532632620688374884,0113532632620688374884,MA640113532632620688374884,MA640113532632620688374884,COURANT,MAD,2011-10-12,ACTIF,118206.24,1611,1611,7,7,34,34,,,2022-01-23,123917.02,Inactif
2010,7843704944088545,0115237843704944088545,0115237843704944088545,MA640115237843704944088545,MA640115237843704944088545,COURANT,MAD,2021-03-18,ACTIF,3685992.96,1612,1612,7,7,35,35,,,2022-11-07,3811568.48,Inactif
2011,9146199534160977,0116179146199534160977,0116179146199534160977,MA640116179146199534160977,MA640116179146199534160977,COURANT,MAD,2012-01-06,ACTIF,145013.91,1613,1613,7,7,34,34,,,2017-08-25,143139.26,Inactif
2012,2181361542491270,0111682181361542491270,0111682181361542491270,MA640111682181361542491270,MA640111682181361542491270,COURANT,MAD,2009-05-16,ACTIF,234238.65,1614,1614,7,7,35,35,,,2019-04-30,224431.95,Inactif
2013,7618464989953062,0118857618464989953062,0118857618464989953062,MA640118857618464989953062,MA640118857618464989953062,DAT,MAD,2009-11-04,ACTIF,99578.39,1614,1614,7,7,35,35,2012.0,2012.0,2009-11-04,99578.39,Actif
2014,5356905787134232,0118345356905787134232,0118345356905787134232,MA640118345356905787134232,MA640118345356905787134232,COURANT,MAD,2008-08-04,ACTIF,293007.36,1615,1615,7,7,34,34,,,2010-08-30,298534.48,Inactif
2015,8720932451036990,0116428720932451036990,0116428720932451036990,MA640116428720932451036990,MA640116428720932451036990,DAT,MAD,2009-02-03,ACTIF,116417.91,1615,1615,7,7,34,34,2014.0,2014.0,2009-02-03,116417.91,Actif
2016,8307008744234733,0114478307008744234733,0114478307008744234733,MA640114478307008744234733,MA640114478307008744234733,COURANT,MAD,2018-01-26,INACTIF,10913.93,1616,1616,7,7,35,35,,,2022-08-12,10664.0,Inactif
2017,9648463748815255,0112589648463748815255,0112589648463748815255,MA640112589648463748815255,MA640112589648463748815255,DAT,MAD,2018-12-18,ACTIF,3993.57,1616,1616,7,7,35,35,2016.0,2016.0,2018-12-18,3993.57,Actif
2018,8518204512454079,0116068518204512454079,0116068518204512454079,MA640116068518204512454079,MA640116068518204512454079,COURANT,MAD,2008-10-04,ACTIF,5647464.03,1617,1617,7,7,34,34,,,2023-03-15,5851457.97,Inactif
2019,7406761466111339,0119247406761466111339,0119247406761466111339,MA640119247406761466111339,MA640119247406761466111339,COURANT,MAD,2019-05-30,ACTIF,4836343.84,1618,1618,7,7,35,35,,,2023-11-29,4717329.57,Inactif
2020,4331706146800617,0114294331706146800617,0114294331706146800617,MA640114294331706146800617,MA640114294331706146800617,COURANT,MAD,2005-03-13,ACTIF,462990.47,1619,1619,7,7,34,34,,,2024-05-28,446857.81,Inactif
2021,2701836082239849,0115332701836082239849,0115332701836082239849,MA640115332701836082239849,MA640115332701836082239849,COURANT,MAD,2021-07-27,ACTIF,8976313.88,1620,1620,7,7,35,35,,,2024-10-09,9084218.82,Actif
2022,6372438117700309,0115356372438117700309,0115356372438117700309,MA640115356372438117700309,MA640115356372438117700309,COURANT,MAD,2013-03-16,ACTIF,223562.26,1621,1621,7,7,34,34,,,2015-01-13,220289.84,Inactif
2023,8742561998291249,0114508742561998291249,0114508742561998291249,MA640114508742561998291249,MA640114508742561998291249,COURANT,MAD,2007-05-26,ACTIF,343626.68,1622,1622,7,7,35,35,,,2021-12-11,330840.85,Inactif
2024,8776182576601167,0119858776182576601167,0119858776182576601167,MA640119858776182576601167,MA640119858776182576601167,DAT,MAD,2008-02-02,ACTIF,103966.64,1622,1622,7,7,35,35,2023.0,2023.0,2008-02-02,103966.64,Actif
2025,5765223566433222,0119125765223566433222,0119125765223566433222,MA640119125765223566433222,MA640119125765223566433222,COURANT,MAD,2011-08-18,ACTIF,8470070.05,1623,1623,7,7,34,34,,,2021-08-30,8172175.09,Inactif
2026,3852892989351429,0118513852892989351429,0118513852892989351429,MA640118513852892989351429,MA640118513852892989351429,COURANT,MAD,2017-04-26,ACTIF,316033.6,1624,1624,7,7,35,35,,,2024-08-18,311836.26,Faiblement actif
2027,4724174569771555,0114104724174569771555,0114104724174569771555,MA640114104724174569771555,MA640114104724174569771555,COURANT,MAD,2010-11-17,INACTIF,490243.23,1625,1625,7,7,34,34,,,2021-08-02,479411.33,Inactif
2028,7043574972823339,0119247043574972823339,0119247043574972823339,MA640119247043574972823339,MA640119247043574972823339,COURANT,MAD,2018-01-22,ACTIF,497207.11,1626,1626,7,7,35,35,,,2018-09-05,509720.78,Inactif
2029,4436610792906564,0113884436610792906564,0113884436610792906564,MA640113884436610792906564,MA640113884436610792906564,COURANT,MAD,2011-02-07,INACTIF,293781.78,1627,1627,7,7,34,34,,,2017-06-06,295307.49,Inactif
2030,9361581982239634,0118089361581982239634,0118089361581982239634,MA640118089361581982239634,MA640118089361581982239634,DAT,MAD,2012-01-20,ACTIF,182278.58,1627,1627,7,7,34,34,2029.0,2029.0,2012-01-20,182278.58,Actif
2031,6227011394547819,0114796227011394547819,0114796227011394547819,MA640114796227011394547819,MA640114796227011394547819,COURANT,MAD,2005-09-19,INACTIF,163750.84,1628,1628,7,7,35,35,,,2010-07-28,156276.15,Inactif
2032,5518199955208399,0114655518199955208399,0114655518199955208399,MA640114655518199955208399,MA640114655518199955208399,COURANT,MAD,2011-05-30,INACTIF,137222.69,1629,1629,7,7,34,34,,,2022-01-10,134120.01,Inactif
2033,5540102346438376,0119475540102346438376,0119475540102346438376,MA640119475540102346438376,MA640119475540102346438376,COURANT,MAD,2005-11-28,INACTIF,7553076.27,1630,1630,7,7,35,35,,,2010-01-11,7194129.92,Inactif
2034,3896637011323973,0114493896637011323973,0114493896637011323973,MA640114493896637011323973,MA640114493896637011323973,COURANT,MAD,2017-12-22,INACTIF,3406249.85,1631,1631,7,7,34,34,,,2023-01-05,3541539.25,Inactif
2035,2918110173726936,0118122918110173726936,0118122918110173726936,MA640118122918110173726936,MA640118122918110173726936,COURANT,MAD,2010-10-19,ACTIF,237723.83,1632,1632,7,7,35,35,,,2019-07-11,234897.47,Inactif
2036,8453412887989718,0118348453412887989718,0118348453412887989718,MA640118348453412887989718,MA640118348453412887989718,COURANT,MAD,2011-05-15,INACTIF,8819256.65,1633,1633,7,7,34,34,,,2017-06-25,8787793.65,Inactif
2037,6410088113066978,0119366410088113066978,0119366410088113066978,MA640119366410088113066978,MA640119366410088113066978,COURANT,MAD,2012-01-05,ACTIF,369013.64,1634,1634,7,7,35,35,,,2017-04-11,378562.97,Inactif
2038,6840871751101764,0115756840871751101764,0115756840871751101764,MA640115756840871751101764,MA640115756840871751101764,COURANT,MAD,2008-06-05,ACTIF,223273.56,1635,1635,7,7,34,34,,,2014-05-09,229814.19,Inactif
2039,4831525536379955,0119434831525536379955,0119434831525536379955,MA640119434831525536379955,MA640119434831525536379955,DAT,MAD,2009-05-08,ACTIF,83739.6,1635,1635,7,7,34,34,2038.0,2038.0,2009-05-08,83739.6,Actif
2040,6343251023772145,0119506343251023772145,0119506343251023772145,MA640119506343251023772145,MA640119506343251023772145,COURANT,MAD,2013-11-05,ACTIF,275272.65,1636,1636,7,7,35,35,,,2018-09-10,283369.33,Inactif
2041,8053181944366243,0117978053181944366243,0117978053181944366243,MA640117978053181944366243,MA640117978053181944366243,DAT,MAD,2014-08-01,ACTIF,72249.46,1636,1636,7,7,35,35,2040.0,2040.0,2014-08-01,72249.46,Actif
2042,8573252618674438,0113948573252618674438,0113948573252618674438,MA640113948573252618674438,MA640113948573252618674438,COURANT,MAD,2007-09-06,ACTIF,1481708.18,1637,1637,7,7,34,34,,,2020-10-30,1454888.41,Inactif
2043,7318114233300187,0119757318114233300187,0119757318114233300187,MA640119757318114233300187,MA640119757318114233300187,COURANT,MAD,2021-10-28,ACTIF,341775.16,1638,1638,7,7,35,35,,,2023-09-30,343149.96,Inactif
2044,9228205073945614,0115379228205073945614,0115379228205073945614,MA640115379228205073945614,MA640115379228205073945614,COURANT,MAD,2006-02-27,ACTIF,54058.71,1639,1639,7,7,34,34,,,2018-01-18,53424.99,Inactif
2045,1849761936397483,0116361849761936397483,0116361849761936397483,MA640116361849761936397483,MA640116361849761936397483,COURANT,MAD,2007-08-06,ACTIF,55233.53,1640,1640,7,7,35,35,,,2012-06-07,55313.54,Inactif
2046,2898095037984434,0111182898095037984434,0111182898095037984434,MA640111182898095037984434,MA640111182898095037984434,DAT,MAD,2008-06-27,ACTIF,20018.75,1640,1640,7,7,35,35,2045.0,2045.0,2008-06-27,20018.75,Actif
2047,6800836887070268,0112826800836887070268,0112826800836887070268,MA640112826800836887070268,MA640112826800836887070268,COURANT,MAD,2005-12-05,ACTIF,9474724.25,1641,1641,7,7,34,34,,,2021-12-27,9294381.4,Inactif
2048,8747293295726000,0114888747293295726000,0114888747293295726000,MA640114888747293295726000,MA640114888747293295726000,COURANT,MAD,2007-03-08,ACTIF,188421.95,1642,1642,7,7,35,35,,,2015-02-01,193685.44,Inactif
2049,3342694086821268,0117603342694086821268,0117603342694086821268,MA640117603342694086821268,MA640117603342694086821268,DAT,MAD,2007-06-06,ACTIF,125219.36,1642,1642,7,7,35,35,2048.0,2048.0,2007-06-06,125219.36,Actif
2050,4318899419149798,0111404318899419149798,0111404318899419149798,MA640111404318899419149798,MA640111404318899419149798,COURANT,MAD,2006-09-13,ACTIF,8485795.94,1643,1643,7,7,34,34,,,2009-02-05,8797950.01,Inactif
2051,5794629789205032,0115455794629789205032,0115455794629789205032,MA640115455794629789205032,MA640115455794629789205032,COURANT,MAD,2015-10-21,ACTIF,496780.79,1644,1644,7,7,35,35,,,2019-09-19,486118.17,Inactif
2052,8554880117994017,0113368554880117994017,0113368554880117994017,MA640113368554880117994017,MA640113368554880117994017,COURANT,MAD,2009-06-01,ACTIF,76817.17,1645,1645,7,7,34,34,,,2017-08-28,80309.54,Inactif
2053,3069409339104144,0113593069409339104144,0113593069409339104144,MA640113593069409339104144,MA640113593069409339104144,COURANT,MAD,2010-09-27,ACTIF,218949.64,1646,1646,7,7,35,35,,,2023-08-11,225234.63,Inactif
2054,5794885048519429,0115935794885048519429,0115935794885048519429,MA640115935794885048519429,MA640115935794885048519429,COURANT,MAD,2014-02-04,ACTIF,98497.99,1647,1647,7,7,34,34,,,2024-01-14,100313.62,Inactif
2055,5113654294263003,0113475113654294263003,0113475113654294263003,MA640113475113654294263003,MA640113475113654294263003,COURANT,MAD,2017-12-24,ACTIF,195529.1,1648,1648,7,7,35,35,,,2024-02-23,195036.01,Inactif
2056,7020375673739747,0119957020375673739747,0119957020375673739747,MA640119957020375673739747,MA640119957020375673739747,COURANT,MAD,2017-07-10,ACTIF,293712.17,1649,1649,7,7,34,34,,,2019-01-20,294984.85,Inactif
2057,3742721020015321,0116893742721020015321,0116893742721020015321,MA640116893742721020015321,MA640116893742721020015321,DAT,MAD,2018-03-29,ACTIF,75168.14,1649,1649,7,7,34,34,2056.0,2056.0,2018-03-29,75168.14,Actif
2058,5429272957311796,0119615429272957311796,0119615429272957311796,MA640119615429272957311796,MA640119615429272957311796,COURANT,MAD,2014-11-26,ACTIF,203510.41,1650,1650,7,7,35,35,,,2017-02-13,213222.82,Inactif
2059,9505210750967625,0117709505210750967625,0117709505210750967625,MA640117709505210750967625,MA640117709505210750967625,COURANT,MAD,2009-02-08,ACTIF,305130.58,1651,1651,7,7,34,34,,,2024-04-04,318750.84,Inactif
2060,7541989189078901,0115727541989189078901,0115727541989189078901,MA640115727541989189078901,MA640115727541989189078901,COURANT,MAD,2009-11-15,INACTIF,54888931.17,1652,1652,7,7,35,35,,,2015-04-08,56083889.64,Inactif
2061,4602417389794211,0116834602417389794211,0116834602417389794211,MA640116834602417389794211,MA640116834602417389794211,DAT,MAD,2010-09-10,ACTIF,14517469.81,1652,1652,7,7,35,35,2060.0,2060.0,2010-09-10,14517469.81,Actif
2062,3224546677971274,0115533224546677971274,0115533224546677971274,MA640115533224546677971274,MA640115533224546677971274,COURANT,MAD,2019-10-19,ACTIF,31197.99,1653,1653,7,7,34,34,,,2022-07-13,31863.26,Inactif
2063,9275549921202489,0114929275549921202489,0114929275549921202489,MA640114929275549921202489,MA640114929275549921202489,DAT,MAD,2020-08-19,ACTIF,13034.81,1653,1653,7,7,34,34,2062.0,2062.0,2020-08-19,13034.81,Actif
2064,3219909390102255,0119773219909390102255,0119773219909390102255,MA640119773219909390102255,MA640119773219909390102255,COURANT,MAD,2012-03-09,INACTIF,66557.41,1654,1654,7,7,35,35,,,2020-08-23,69397.1,Inactif
2065,3451366347808938,0114213451366347808938,0114213451366347808938,MA640114213451366347808938,MA640114213451366347808938,DAT,MAD,2012-10-20,ACTIF,9964.93,1654,1654,7,7,35,35,2064.0,2064.0,2012-10-20,9964.93,Actif
2066,9935147978960069,0111769935147978960069,0111769935147978960069,MA640111769935147978960069,MA640111769935147978960069,COURANT,MAD,2014-05-09,ACTIF,10932861.85,1655,1655,7,7,34,34,,,2014-11-30,10398304.71,Inactif
2067,2372839886071767,0115712372839886071767,0115712372839886071767,MA640115712372839886071767,MA640115712372839886071767,COURANT,MAD,2006-05-24,ACTIF,27123377.98,1656,1656,7,7,35,35,,,2007-12-10,26564561.36,Inactif
2068,1754694134163541,0115671754694134163541,0115671754694134163541,MA640115671754694134163541,MA640115671754694134163541,COURANT,MAD,2018-11-18,ACTIF,143515.97,1657,1657,7,7,34,34,,,2023-08-13,137641.74,Inactif
2069,5799686752661126,0119195799686752661126,0119195799686752661126,MA640119195799686752661126,MA640119195799686752661126,COURANT,MAD,2006-09-13,ACTIF,54346.79,1658,1658,7,7,35,35,,,2007-05-16,53526.41,Inactif
2070,5339253678606375,0112165339253678606375,0112165339253678606375,MA640112165339253678606375,MA640112165339253678606375,COURANT,MAD,2017-04-16,ACTIF,66804.58,1659,1659,7,7,34,34,,,2020-09-04,68550.73,Inactif
2071,2229817839380137,0119962229817839380137,0119962229817839380137,MA640119962229817839380137,MA640119962229817839380137,DAT,MAD,2017-09-08,ACTIF,41663.43,1659,1659,7,7,34,34,2070.0,2070.0,2017-09-08,41663.43,Actif
2072,1880529399131477,0118141880529399131477,0118141880529399131477,MA640118141880529399131477,MA640118141880529399131477,COURANT,MAD,2005-09-12,ACTIF,4823780.44,1660,1660,7,7,35,35,,,2021-03-29,4915609.11,Inactif
2073,1372704677064398,0115241372704677064398,0115241372704677064398,MA640115241372704677064398,MA640115241372704677064398,COURANT,MAD,2014-08-20,INACTIF,61395.82,1661,1661,7,7,34,34,,,2017-04-01,63260.46,Inactif
2074,3860314170819987,0115553860314170819987,0115553860314170819987,MA640115553860314170819987,MA640115553860314170819987,COURANT,MAD,2020-09-03,ACTIF,354293.41,1662,1662,7,7,35,35,,,2021-11-13,369683.34,Inactif
2075,1076401423113963,0119611076401423113963,0119611076401423113963,MA640119611076401423113963,MA640119611076401423113963,COURANT,MAD,2007-10-09,ACTIF,81317202.59,1663,1663,7,7,34,34,,,2022-08-02,81944316.25,Inactif
2076,3121488831379741,0117313121488831379741,0117313121488831379741,MA640117313121488831379741,MA640117313121488831379741,COURANT,MAD,2005-06-02,ACTIF,68920.74,1664,1664,7,7,35,35,,,2021-09-13,71449.3,Inactif
2077,2038113938013399,0115252038113938013399,0115252038113938013399,MA640115252038113938013399,MA640115252038113938013399,DAT,MAD,2005-07-02,ACTIF,21122.62,1664,1664,7,7,35,35,2076.0,2076.0,2005-07-02,21122.62,Actif
2078,8966647867224545,0118098966647867224545,0118098966647867224545,MA640118098966647867224545,MA640118098966647867224545,COURANT,MAD,2007-09-17,INACTIF,264487.99,1665,1665,7,7,34,34,,,2016-09-29,273134.38,Inactif
2079,8281115815560097,0114498281115815560097,0114498281115815560097,MA640114498281115815560097,MA640114498281115815560097,COURANT,MAD,2007-05-19,ACTIF,2527768.37,1666,1666,7,7,35,35,,,2013-08-02,2464630.86,Inactif
2080,1415249114367911,0118281415249114367911,0118281415249114367911,MA640118281415249114367911,MA640118281415249114367911,DAT,MAD,2008-03-29,ACTIF,671845.75,1666,1666,7,7,35,35,2079.0,2079.0,2008-03-29,671845.75,Actif
2081,4253750919402342,0114234253750919402342,0114234253750919402342,MA640114234253750919402342,MA640114234253750919402342,COURANT,MAD,2008-06-29,INACTIF,9572857.06,1667,1667,7,7,34,34,,,2024-05-13,9410269.48,Inactif
2082,9417303464552059,0119329417303464552059,0119329417303464552059,MA640119329417303464552059,MA640119329417303464552059,COURANT,MAD,2006-05-31,ACTIF,307567.3,1668,1668,7,7,35,35,,,2007-09-19,295613.7,Inactif
2083,4677969876356530,0118194677969876356530,0118194677969876356530,MA640118194677969876356530,MA640118194677969876356530,COURANT,MAD,2009-03-28,ACTIF,4121721.77,1669,1669,7,7,34,34,,,2020-02-09,4135114.62,Inactif
2084,5459879960469084,0119625459879960469084,0119625459879960469084,MA640119625459879960469084,MA640119625459879960469084,COURANT,MAD,2017-11-25,ACTIF,424436.45,1670,1670,7,7,35,35,,,2019-07-31,419144.26,Inactif
2085,1763648361914077,0113671763648361914077,0113671763648361914077,MA640113671763648361914077,MA640113671763648361914077,COURANT,MAD,2017-06-19,ACTIF,5553658.6,1671,1671,7,7,34,34,,,2024-02-02,5510183.77,Inactif
2086,2471418376038681,0115242471418376038681,0115242471418376038681,MA640115242471418376038681,MA640115242471418376038681,DAT,MAD,2018-04-01,ACTIF,2836528.96,1671,1671,7,7,34,34,2085.0,2085.0,2018-04-01,2836528.96,Actif
2087,7955468531388961,0118567955468531388961,0118567955468531388961,MA640118567955468531388961,MA640118567955468531388961,COURANT,MAD,2019-05-12,ACTIF,3441345.05,1672,1672,7,7,35,35,,,2024-12-13,3466700.31,Actif
2088,2303754961362770,0119072303754961362770,0119072303754961362770,MA640119072303754961362770,MA640119072303754961362770,COURANT,MAD,2008-11-18,ACTIF,8425442.73,1673,1673,7,7,34,34,,,2010-02-15,8683912.5,Inactif
2089,7700365254334643,0116817700365254334643,0116817700365254334643,MA640116817700365254334643,MA640116817700365254334643,DAT,MAD,2009-01-25,ACTIF,3402207.1,1673,1673,7,7,34,34,2088.0,2088.0,2009-01-25,3402207.1,Actif
2090,6388754476022310,0112746388754476022310,0112746388754476022310,MA640112746388754476022310,MA640112746388754476022310,COURANT,MAD,2008-07-05,INACTIF,3605797.52,1674,1674,7,7,35,35,,,2020-10-22,3522796.95,Inactif
2091,2226864650130906,0113962226864650130906,0113962226864650130906,MA640113962226864650130906,MA640113962226864650130906,COURANT,MAD,2014-09-18,ACTIF,444354.8,1675,1675,7,7,34,34,,,2024-11-15,447071.62,Actif
2092,2945493564278261,0113662945493564278261,0113662945493564278261,MA640113662945493564278261,MA640113662945493564278261,COURANT,MAD,2014-09-22,ACTIF,374566.65,1676,1676,7,7,35,35,,,2020-04-05,389963.7,Inactif
2093,1869697954077927,0111441869697954077927,0111441869697954077927,MA640111441869697954077927,MA640111441869697954077927,COURANT,MAD,2007-11-15,ACTIF,5434301.47,1677,1677,7,7,34,34,,,2010-08-25,5557650.95,Inactif
2094,6512416578430616,0112816512416578430616,0112816512416578430616,MA640112816512416578430616,MA640112816512416578430616,COURANT,MAD,2017-02-09,INACTIF,330673.42,1678,1678,7,7,35,35,,,2019-12-08,319560.95,Inactif
2095,6516087685623623,0111646516087685623623,0111646516087685623623,MA640111646516087685623623,MA640111646516087685623623,COURANT,MAD,2017-09-21,ACTIF,224901.35,1679,1679,7,7,34,34,,,2023-05-21,227131.91,Inactif
2096,2054899768940169,0116512054899768940169,0116512054899768940169,MA640116512054899768940169,MA640116512054899768940169,COURANT,MAD,2007-12-12,ACTIF,360784.31,1680,1680,7,7,35,35,,,2022-08-07,350278.16,Inactif
2097,3952295567168130,0113713952295567168130,0113713952295567168130,MA640113713952295567168130,MA640113713952295567168130,DAT,MAD,2008-02-19,ACTIF,92935.33,1680,1680,7,7,35,35,2096.0,2096.0,2008-02-19,92935.33,Actif
2098,8998952597316295,0113318998952597316295,0113318998952597316295,MA640113318998952597316295,MA640113318998952597316295,COURANT,MAD,2012-11-22,ACTIF,3663478.03,1681,1681,7,7,34,34,,,2023-05-18,3570492.63,Inactif
2099,7160458421212610,0119867160458421212610,0119867160458421212610,MA640119867160458421212610,MA640119867160458421212610,COURANT,MAD,2016-05-01,ACTIF,6863387.34,1682,1682,7,7,35,35,,,2019-12-12,6781088.01,Inactif
2100,2488232182059413,0114562488232182059413,0114562488232182059413,MA640114562488232182059413,MA640114562488232182059413,COURANT,MAD,2020-06-05,ACTIF,33573115.39,1683,1683,7,7,34,34,,,2020-06-17,32197753.03,Inactif
2101,4361098134027574,0116664361098134027574,0116664361098134027574,MA640116664361098134027574,MA640116664361098134027574,DAT,MAD,2021-03-04,ACTIF,10236424.09,1683,1683,7,7,34,34,2100.0,2100.0,2021-03-04,10538509.47,Actif
2102,6862641723776932,0115676862641723776932,0115676862641723776932,MA640115676862641723776932,MA640115676862641723776932,COURANT,MAD,2014-06-19,INACTIF,51183472.46,1684,1684,7,7,35,35,,,2020-05-26,51489623.13,Inactif
2103,2239362391082568,0118042239362391082568,0118042239362391082568,MA640118042239362391082568,MA640118042239362391082568,COURANT,MAD,2014-06-17,INACTIF,167073.15,1685,1685,7,7,34,34,,,2022-08-08,168295.35,Inactif
2104,4121320450183834,0118774121320450183834,0118774121320450183834,MA640118774121320450183834,MA640118774121320450183834,DAT,MAD,2015-04-26,ACTIF,76625.08,1685,1685,7,7,34,34,2103.0,2103.0,2015-04-26,76625.08,Actif
2105,8943944730272906,0117508943944730272906,0117508943944730272906,MA640117508943944730272906,MA640117508943944730272906,COURANT,MAD,2005-05-26,ACTIF,3784388.85,1686,1686,7,7,35,35,,,2007-11-19,3935279.97,Inactif
2106,5879401293504849,0118635879401293504849,0118635879401293504849,MA640118635879401293504849,MA640118635879401293504849,DAT,MAD,2005-09-23,ACTIF,2118938.31,1686,1686,7,7,35,35,2105.0,2105.0,2005-09-23,2118938.31,Actif
2107,4763306017299432,0115744763306017299432,0115744763306017299432,MA640115744763306017299432,MA640115744763306017299432,COURANT,MAD,2018-07-27,ACTIF,3357270.64,1687,1687,7,7,34,34,,,2024-06-10,3207210.22,Inactif
2108,8959226688382801,0114538959226688382801,0114538959226688382801,MA640114538959226688382801,MA640114538959226688382801,DAT,MAD,2018-09-18,ACTIF,1546969.23,1687,1687,7,7,34,34,2107.0,2107.0,2018-09-18,1546969.23,Actif
2109,9429545562489897,0115769429545562489897,0115769429545562489897,MA640115769429545562489897,MA640115769429545562489897,COURANT,MAD,2007-08-07,ACTIF,405162.27,1688,1688,7,7,35,35,,,2020-11-06,398465.39,Inactif
2110,5593495164358801,0112695593495164358801,0112695593495164358801,MA640112695593495164358801,MA640112695593495164358801,COURANT,MAD,2015-06-08,ACTIF,273789.98,1689,1689,7,7,34,34,,,2024-05-17,287473.76,Inactif
2111,1195387185075031,0111981195387185075031,0111981195387185075031,MA640111981195387185075031,MA640111981195387185075031,DAT,MAD,2016-02-05,ACTIF,157189.9,1689,1689,7,7,34,34,2110.0,2110.0,2016-02-05,157189.9,Actif
2112,1937692064147695,0111391937692064147695,0111391937692064147695,MA640111391937692064147695,MA640111391937692064147695,COURANT,MAD,2019-03-12,ACTIF,38003207.5,1690,1690,7,7,35,35,,,2021-01-29,38721692.34,Inactif
2113,4234080271428633,0118354234080271428633,0118354234080271428633,MA640118354234080271428633,MA640118354234080271428633,DAT,MAD,2019-10-31,ACTIF,16428780.32,1690,1690,7,7,35,35,2112.0,2112.0,2019-10-31,16428780.32,Actif
2114,9308815257210060,0114459308815257210060,0114459308815257210060,MA640114459308815257210060,MA640114459308815257210060,COURANT,MAD,2015-08-02,ACTIF,7164604.09,1691,1691,7,7,34,34,,,2022-07-26,7157222.0,Inactif
2115,6547892330357265,0115466547892330357265,0115466547892330357265,MA640115466547892330357265,MA640115466547892330357265,COURANT,MAD,2019-01-27,INACTIF,4437304.2,1692,1692,7,7,35,35,,,2023-08-16,4348810.96,Inactif
2116,3588554361775882,0118643588554361775882,0118643588554361775882,MA640118643588554361775882,MA640118643588554361775882,COURANT,MAD,2005-11-08,ACTIF,273135.34,1693,1693,7,7,34,34,,,2007-01-27,269721.65,Inactif
2117,2936673218135368,0112922936673218135368,0112922936673218135368,MA640112922936673218135368,MA640112922936673218135368,COURANT,MAD,2006-04-12,ACTIF,490504.59,1694,1694,7,7,35,35,,,2020-02-27,512400.39,Inactif
2118,6197049092469330,0111206197049092469330,0111206197049092469330,MA640111206197049092469330,MA640111206197049092469330,COURANT,MAD,2010-06-05,ACTIF,100505.89,1695,1695,7,7,34,34,,,2016-06-10,103441.72,Inactif
2119,3742126297166965,0119393742126297166965,0119393742126297166965,MA640119393742126297166965,MA640119393742126297166965,DAT,MAD,2011-02-27,ACTIF,41068.46,1695,1695,7,7,34,34,2118.0,2118.0,2011-02-27,41068.46,Actif
2120,8191611436855559,0119368191611436855559,0119368191611436855559,MA640119368191611436855559,MA640119368191611436855559,COURANT,MAD,2005-10-07,INACTIF,86347244.45,1696,1696,7,7,35,35,,,2020-01-12,86661647.71,Inactif
2121,6865551162279136,0111046865551162279136,0111046865551162279136,MA640111046865551162279136,MA640111046865551162279136,COURANT,MAD,2007-11-08,ACTIF,378561.26,1697,1697,7,7,34,34,,,2015-02-01,372378.42,Inactif
2122,8564045241063143,0119728564045241063143,0119728564045241063143,MA640119728564045241063143,MA640119728564045241063143,COURANT,MAD,2017-01-22,ACTIF,9923785.67,1698,1698,7,7,35,35,,,2017-05-13,9567130.04,Inactif
2123,9725587265578052,0119569725587265578052,0119569725587265578052,MA640119569725587265578052,MA640119569725587265578052,COURANT,MAD,2014-04-17,ACTIF,713578.58,1699,1699,7,7,34,34,,,2014-04-22,746523.02,Inactif
2124,6151451547033311,0111396151451547033311,0111396151451547033311,MA640111396151451547033311,MA640111396151451547033311,COURANT,MAD,2007-08-21,ACTIF,85406378.46,1700,1700,7,7,35,35,,,2020-04-24,86763936.19,Inactif
2125,4793705972743902,0113914793705972743902,0113914793705972743902,MA640113914793705972743902,MA640113914793705972743902,COURANT,MAD,2012-07-26,INACTIF,237803.75,1701,1701,7,7,34,34,,,2013-09-16,237476.41,Inactif
2126,7306755411980544,0113697306755411980544,0113697306755411980544,MA640113697306755411980544,MA640113697306755411980544,COURANT,MAD,2014-12-03,ACTIF,375050.4,1702,1702,7,7,35,35,,,2016-05-04,366769.24,Inactif
2127,5943620025244744,0113695943620025244744,0113695943620025244744,MA640113695943620025244744,MA640113695943620025244744,COURANT,MAD,2009-07-02,INACTIF,16682.4,1703,1703,7,7,34,34,,,2013-09-19,15909.84,Inactif
2128,2587371793642336,0111512587371793642336,0111512587371793642336,MA640111512587371793642336,MA640111512587371793642336,COURANT,MAD,2013-08-18,ACTIF,28643.71,1704,1704,7,7,35,35,,,2020-12-24,28112.69,Inactif
2129,1003190282737855,0118931003190282737855,0118931003190282737855,MA640118931003190282737855,MA640118931003190282737855,COURANT,MAD,2013-11-11,ACTIF,243687.46,1705,1705,7,7,34,34,,,2017-01-12,242318.07,Inactif
2130,1035817869648000,0114331035817869648000,0114331035817869648000,MA640114331035817869648000,MA640114331035817869648000,COURANT,MAD,2011-04-12,ACTIF,194490.42,1706,1706,7,7,35,35,,,2014-12-13,195321.06,Inactif
2131,5841614919793345,0116495841614919793345,0116495841614919793345,MA640116495841614919793345,MA640116495841614919793345,COURANT,MAD,2007-12-28,INACTIF,57300.37,1707,1707,7,7,34,34,,,2015-02-27,56712.64,Inactif
2132,2082072722330722,0115792082072722330722,0115792082072722330722,MA640115792082072722330722,MA640115792082072722330722,COURANT,MAD,2010-03-15,ACTIF,1258956.62,1708,1708,7,7,35,35,,,2020-01-07,1301729.71,Inactif
2133,5851214226385947,0118365851214226385947,0118365851214226385947,MA640118365851214226385947,MA640118365851214226385947,COURANT,MAD,2020-02-28,ACTIF,76316159.23,1709,1709,7,7,34,34,,,2021-04-29,73490990.13,Inactif
2134,2178341178837851,0113732178341178837851,0113732178341178837851,MA640113732178341178837851,MA640113732178341178837851,COURANT,MAD,2014-03-05,ACTIF,347355.55,1710,1710,7,7,35,35,,,2014-06-13,338259.76,Inactif
2135,1043504876117451,0119441043504876117451,0119441043504876117451,MA640119441043504876117451,MA640119441043504876117451,COURANT,MAD,2013-07-30,ACTIF,117683.52,1711,1711,7,7,34,34,,,2019-05-15,123287.93,Inactif
2136,6015472319092645,0118526015472319092645,0118526015472319092645,MA640118526015472319092645,MA640118526015472319092645,DAT,MAD,2014-01-16,ACTIF,30615.67,1711,1711,7,7,34,34,2135.0,2135.0,2014-01-16,30615.67,Actif
2137,3856703339027193,0119573856703339027193,0119573856703339027193,MA640119573856703339027193,MA640119573856703339027193,COURANT,MAD,2019-04-05,ACTIF,168954.18,1712,1712,7,7,35,35,,,2020-12-25,177165.95,Inactif
2138,8837183445598351,0116858837183445598351,0116858837183445598351,MA640116858837183445598351,MA640116858837183445598351,COURANT,MAD,2015-06-28,ACTIF,1539452.49,1713,1713,7,7,34,34,,,2020-07-06,1571431.02,Inactif
2139,3391322237334106,0114783391322237334106,0114783391322237334106,MA640114783391322237334106,MA640114783391322237334106,COURANT,MAD,2016-02-27,INACTIF,242293.53,1714,1714,7,7,35,35,,,2022-11-30,247230.21,Inactif
2140,3666836965226257,0115223666836965226257,0115223666836965226257,MA640115223666836965226257,MA640115223666836965226257,DAT,MAD,2016-10-01,ACTIF,65523.62,1714,1714,7,7,35,35,2139.0,2139.0,2016-10-01,65523.62,Actif
2141,2652196837324801,0114082652196837324801,0114082652196837324801,MA640114082652196837324801,MA640114082652196837324801,COURANT,MAD,2016-02-18,INACTIF,406543.28,1715,1715,7,7,34,34,,,2021-06-25,415213.68,Inactif
2142,8616751639773258,0111718616751639773258,0111718616751639773258,MA640111718616751639773258,MA640111718616751639773258,COURANT,MAD,2005-04-21,ACTIF,205234.33,1716,1716,7,7,35,35,,,2014-12-14,211880.42,Inactif
2143,4992713937858538,0115414992713937858538,0115414992713937858538,MA640115414992713937858538,MA640115414992713937858538,DAT,MAD,2005-08-26,ACTIF,104512.41,1716,1716,7,7,35,35,2142.0,2142.0,2005-08-26,104512.41,Actif
2144,2127940098286717,0112992127940098286717,0112992127940098286717,MA640112992127940098286717,MA640112992127940098286717,COURANT,MAD,2019-01-30,INACTIF,484120.94,1717,1717,7,7,34,34,,,2022-07-07,462129.36,Inactif
2145,6004074566467130,0113866004074566467130,0113866004074566467130,MA640113866004074566467130,MA640113866004074566467130,COURANT,MAD,2015-12-27,ACTIF,348026.93,1718,1718,7,7,35,35,,,2022-03-05,336834.87,Inactif
2146,6120060241233881,0114006120060241233881,0114006120060241233881,MA640114006120060241233881,MA640114006120060241233881,COURANT,MAD,2018-11-06,ACTIF,378303.05,1719,1719,7,7,34,34,,,2020-01-21,380486.68,Inactif
2147,4219258416223460,0113334219258416223460,0113334219258416223460,MA640113334219258416223460,MA640113334219258416223460,COURANT,MAD,2011-07-07,ACTIF,291574.28,1720,1720,7,7,35,35,,,2014-05-26,297608.69,Inactif
2148,8048493994739020,0116308048493994739020,0116308048493994739020,MA640116308048493994739020,MA640116308048493994739020,COURANT,MAD,2005-11-02,ACTIF,309742.09,1721,1721,8,8,38,38,,,2022-11-09,299503.34,Inactif
2149,2948515753539675,0111042948515753539675,0111042948515753539675,MA640111042948515753539675,MA640111042948515753539675,DAT,MAD,2006-06-17,ACTIF,96430.53,1721,1721,8,8,38,38,2148.0,2148.0,2006-06-17,96430.53,Actif
2150,7652625412168244,0112577652625412168244,0112577652625412168244,MA640112577652625412168244,MA640112577652625412168244,COURANT,MAD,2013-05-26,ACTIF,368237.42,1722,1722,8,8,39,39,,,2019-03-13,363299.55,Inactif
2151,6094023567544693,0115456094023567544693,0115456094023567544693,MA640115456094023567544693,MA640115456094023567544693,COURANT,MAD,2005-09-05,ACTIF,2527072.9,1723,1723,8,8,38,38,,,2017-03-25,2648064.56,Inactif
2152,5220854473972455,0115755220854473972455,0115755220854473972455,MA640115755220854473972455,MA640115755220854473972455,COURANT,MAD,2016-02-27,ACTIF,153555.57,1724,1724,8,8,39,39,,,2024-05-20,158382.38,Inactif
2153,6547571077574005,0113076547571077574005,0113076547571077574005,MA640113076547571077574005,MA640113076547571077574005,DAT,MAD,2016-11-01,ACTIF,98768.51,1724,1724,8,8,39,39,2152.0,2152.0,2016-11-01,98768.51,Actif
2154,1776904984457740,0116421776904984457740,0116421776904984457740,MA640116421776904984457740,MA640116421776904984457740,COURANT,MAD,2009-10-17,ACTIF,308890.0,1725,1725,8,8,38,38,,,2021-08-02,297070.8,Inactif
2155,1579308485731046,0119741579308485731046,0119741579308485731046,MA640119741579308485731046,MA640119741579308485731046,DAT,MAD,2010-02-21,ACTIF,77651.06,1725,1725,8,8,38,38,2154.0,2154.0,2010-02-21,77651.06,Actif
2156,3278020549541181,0116553278020549541181,0116553278020549541181,MA640116553278020549541181,MA640116553278020549541181,COURANT,MAD,2010-07-19,ACTIF,3537343.0,1726,1726,8,8,39,39,,,2020-12-15,3554984.55,Inactif
2157,2332454580281512,0114702332454580281512,0114702332454580281512,MA640114702332454580281512,MA640114702332454580281512,DAT,MAD,2011-04-13,ACTIF,1120558.43,1726,1726,8,8,39,39,2156.0,2156.0,2011-04-13,1120558.43,Actif
2158,8562409978049544,0111038562409978049544,0111038562409978049544,MA640111038562409978049544,MA640111038562409978049544,COURANT,MAD,2019-04-26,ACTIF,347736.15,1727,1727,8,8,38,38,,,2023-12-16,343298.38,Inactif
2159,9709607097264505,0116179709607097264505,0116179709607097264505,MA640116179709607097264505,MA640116179709607097264505,COURANT,MAD,2021-03-15,ACTIF,5321276.91,1728,1728,8,8,39,39,,,2021-08-01,5414627.08,Inactif
2160,7767239680273663,0115087767239680273663,0115087767239680273663,MA640115087767239680273663,MA640115087767239680273663,COURANT,MAD,2009-05-19,ACTIF,3907056.71,1729,1729,8,8,38,38,,,2010-10-19,3968333.0,Inactif
2161,5181928131935272,0111485181928131935272,0111485181928131935272,MA640111485181928131935272,MA640111485181928131935272,DAT,MAD,2010-04-15,ACTIF,1875347.57,1729,1729,8,8,38,38,2160.0,2160.0,2010-04-15,1875347.57,Actif
2162,5328862177589426,0114865328862177589426,0114865328862177589426,MA640114865328862177589426,MA640114865328862177589426,COURANT,MAD,2018-07-05,ACTIF,187895.25,1730,1730,8,8,39,39,,,2018-10-08,180988.77,Inactif
2163,4831713123537607,0117464831713123537607,0117464831713123537607,MA640117464831713123537607,MA640117464831713123537607,COURANT,MAD,2007-12-01,ACTIF,6808391.13,1731,1731,8,8,38,38,,,2022-11-06,7086826.07,Inactif
2164,1554153484841091,0112261554153484841091,0112261554153484841091,MA640112261554153484841091,MA640112261554153484841091,COURANT,MAD,2007-06-25,ACTIF,496734.93,1732,1732,8,8,39,39,,,2008-11-16,478151.92,Inactif
2165,5640523444692399,0119705640523444692399,0119705640523444692399,MA640119705640523444692399,MA640119705640523444692399,COURANT,MAD,2013-10-16,INACTIF,363815.87,1733,1733,8,8,38,38,,,2016-09-04,345911.68,Inactif
2166,8167014243109316,0113788167014243109316,0113788167014243109316,MA640113788167014243109316,MA640113788167014243109316,COURANT,MAD,2008-04-03,INACTIF,212185.63,1734,1734,8,8,39,39,,,2012-07-27,205180.23,Inactif
2167,6061976971454201,0116526061976971454201,0116526061976971454201,MA640116526061976971454201,MA640116526061976971454201,DAT,MAD,2008-10-12,ACTIF,65549.66,1734,1734,8,8,39,39,2166.0,2166.0,2008-10-12,65549.66,Actif
2168,3453473023416249,0111613453473023416249,0111613453473023416249,MA640111613453473023416249,MA640111613453473023416249,COURANT,MAD,2021-11-25,INACTIF,458413.11,1735,1735,8,8,38,38,,,2023-02-11,463604.75,Inactif
2169,6570331149949169,0118656570331149949169,0118656570331149949169,MA640118656570331149949169,MA640118656570331149949169,COURANT,MAD,2006-02-15,ACTIF,345432.76,1736,1736,8,8,39,39,,,2007-05-20,338350.59,Inactif
2170,3987290095945687,0114103987290095945687,0114103987290095945687,MA640114103987290095945687,MA640114103987290095945687,COURANT,MAD,2018-12-01,ACTIF,442650.46,1737,1737,8,8,38,38,,,2019-03-10,422248.38,Inactif
2171,3321671296223499,0116363321671296223499,0116363321671296223499,MA640116363321671296223499,MA640116363321671296223499,COURANT,MAD,2012-04-25,INACTIF,9264.04,1738,1738,8,8,39,39,,,2019-10-25,9250.17,Inactif
2172,8080024276637972,0116388080024276637972,0116388080024276637972,MA640116388080024276637972,MA640116388080024276637972,COURANT,MAD,2015-11-29,INACTIF,3319827.9,1739,1739,8,8,38,38,,,2016-03-02,3439380.33,Inactif
2173,5295411975311851,0119055295411975311851,0119055295411975311851,MA640119055295411975311851,MA640119055295411975311851,DAT,MAD,2016-06-16,ACTIF,1124442.28,1739,1739,8,8,38,38,2172.0,2172.0,2016-06-16,1124442.28,Actif
2174,6900330436882000,0117466900330436882000,0117466900330436882000,MA640117466900330436882000,MA640117466900330436882000,COURANT,MAD,2012-09-16,ACTIF,272553.63,1740,1740,8,8,39,39,,,2014-06-15,269584.57,Inactif
2175,6203588228458345,0114466203588228458345,0114466203588228458345,MA640114466203588228458345,MA640114466203588228458345,COURANT,MAD,2020-02-11,ACTIF,485378.51,1741,1741,8,8,38,38,,,2021-08-17,488391.38,Inactif
2176,2492651576676757,0119552492651576676757,0119552492651576676757,MA640119552492651576676757,MA640119552492651576676757,COURANT,MAD,2017-09-26,ACTIF,96582311.03,1742,1742,8,8,39,39,,,2023-11-04,94827694.3,Inactif
2177,7410140864828269,0117317410140864828269,0117317410140864828269,MA640117317410140864828269,MA640117317410140864828269,COURANT,MAD,2013-07-11,ACTIF,8091281.62,1743,1743,8,8,38,38,,,2023-04-11,8448679.26,Inactif
2178,4680810463817759,0116334680810463817759,0116334680810463817759,MA640116334680810463817759,MA640116334680810463817759,COURANT,MAD,2005-02-28,ACTIF,82666399.8,1744,1744,8,8,39,39,,,2010-11-02,83074487.22,Inactif
2179,2864478625682562,0114952864478625682562,0114952864478625682562,MA640114952864478625682562,MA640114952864478625682562,COURANT,MAD,2016-09-05,ACTIF,169366.26,1745,1745,8,8,38,38,,,2023-05-29,176888.74,Inactif
2180,2680608152425629,0117462680608152425629,0117462680608152425629,MA640117462680608152425629,MA640117462680608152425629,COURANT,MAD,2007-06-28,ACTIF,332791.0,1746,1746,8,8,39,39,,,2015-03-12,321525.78,Inactif
2181,7099083933424159,0115117099083933424159,0115117099083933424159,MA640115117099083933424159,MA640115117099083933424159,COURANT,MAD,2016-12-07,ACTIF,135215.57,1747,1747,8,8,38,38,,,2023-10-11,132033.93,Inactif
2182,9266359046414368,0115839266359046414368,0115839266359046414368,MA640115839266359046414368,MA640115839266359046414368,COURANT,MAD,2013-07-19,ACTIF,395892.38,1748,1748,8,8,39,39,,,2014-07-11,394627.22,Inactif
2183,4486765923987295,0118924486765923987295,0118924486765923987295,MA640118924486765923987295,MA640118924486765923987295,DAT,MAD,2014-01-25,ACTIF,101125.65,1748,1748,8,8,39,39,2182.0,2182.0,2014-01-25,101125.65,Actif
2184,8477246464647366,0113388477246464647366,0113388477246464647366,MA640113388477246464647366,MA640113388477246464647366,COURANT,MAD,2007-08-30,ACTIF,1750001.03,1749,1749,8,8,38,38,,,2022-09-16,1723173.19,Inactif
2185,2811383837231256,0117302811383837231256,0117302811383837231256,MA640117302811383837231256,MA640117302811383837231256,DAT,MAD,2008-01-28,ACTIF,603878.52,1749,1749,8,8,38,38,2184.0,2184.0,2008-01-28,603878.52,Actif
2186,6238209128498784,0116376238209128498784,0116376238209128498784,MA640116376238209128498784,MA640116376238209128498784,COURANT,MAD,2014-06-10,INACTIF,417986.48,1750,1750,8,8,39,39,,,2016-03-06,418195.57,Inactif
2187,8556410965335261,0112918556410965335261,0112918556410965335261,MA640112918556410965335261,MA640112918556410965335261,COURANT,MAD,2009-11-08,ACTIF,4289735.33,1751,1751,8,8,38,38,,,2019-07-07,4230933.99,Inactif
2188,8444272716953248,0117568444272716953248,0117568444272716953248,MA640117568444272716953248,MA640117568444272716953248,COURANT,MAD,2005-11-01,ACTIF,183399.16,1752,1752,8,8,39,39,,,2018-05-20,181075.9,Inactif
2189,3159987165085450,0116933159987165085450,0116933159987165085450,MA640116933159987165085450,MA640116933159987165085450,COURANT,MAD,2018-08-07,ACTIF,216604.93,1753,1753,8,8,38,38,,,2020-03-25,221915.81,Inactif
2190,6352451314221767,0117636352451314221767,0117636352451314221767,MA640117636352451314221767,MA640117636352451314221767,DAT,MAD,2018-09-08,ACTIF,111047.56,1753,1753,8,8,38,38,2189.0,2189.0,2018-09-08,111047.56,Actif
2191,4830152262393373,0119824830152262393373,0119824830152262393373,MA640119824830152262393373,MA640119824830152262393373,COURANT,MAD,2012-06-02,ACTIF,472116.03,1754,1754,8,8,39,39,,,2013-03-26,464162.55,Inactif
2192,1486667786043270,0117191486667786043270,0117191486667786043270,MA640117191486667786043270,MA640117191486667786043270,DAT,MAD,2012-11-24,ACTIF,145526.03,1754,1754,8,8,39,39,2191.0,2191.0,2012-11-24,145526.03,Actif
2193,6264393557730234,0115406264393557730234,0115406264393557730234,MA640115406264393557730234,MA640115406264393557730234,COURANT,MAD,2005-02-19,INACTIF,5533296.42,1755,1755,8,8,38,38,,,2023-11-08,5685191.2,Inactif
2194,5173927743368961,0114475173927743368961,0114475173927743368961,MA640114475173927743368961,MA640114475173927743368961,DAT,MAD,2005-08-26,ACTIF,3546741.23,1755,1755,8,8,38,38,2193.0,2193.0,2005-08-26,3546741.23,Actif
2195,6370561927487636,0113756370561927487636,0113756370561927487636,MA640113756370561927487636,MA640113756370561927487636,COURANT,MAD,2016-03-13,ACTIF,143678.34,1756,1756,8,8,39,39,,,2023-07-15,150770.68,Inactif
2196,9735105230974325,0119829735105230974325,0119829735105230974325,MA640119829735105230974325,MA640119829735105230974325,DAT,MAD,2016-09-11,ACTIF,5391.34,1756,1756,8,8,39,39,2195.0,2195.0,2016-09-11,5391.34,Actif
2197,2751993455617225,0119412751993455617225,0119412751993455617225,MA640119412751993455617225,MA640119412751993455617225,COURANT,MAD,2009-07-12,ACTIF,294052.64,1757,1757,8,8,38,38,,,2024-06-12,297581.54,Inactif
2198,3650874417583144,0118023650874417583144,0118023650874417583144,MA640118023650874417583144,MA640118023650874417583144,DAT,MAD,2010-04-02,ACTIF,109122.62,1757,1757,8,8,38,38,2197.0,2197.0,2010-04-02,109122.62,Actif
2199,6525290963262545,0112116525290963262545,0112116525290963262545,MA640112116525290963262545,MA640112116525290963262545,COURANT,MAD,2020-11-20,INACTIF,5040841.33,1758,1758,8,8,39,39,,,2022-12-24,5140494.26,Inactif
2200,8143258599635309,0117428143258599635309,0117428143258599635309,MA640117428143258599635309,MA640117428143258599635309,COURANT,MAD,2015-02-25,ACTIF,215165.94,1759,1759,8,8,38,38,,,2019-09-06,213666.88,Inactif
2201,7639587122509969,0119337639587122509969,0119337639587122509969,MA640119337639587122509969,MA640119337639587122509969,DAT,MAD,2015-05-26,ACTIF,71761.47,1759,1759,8,8,38,38,2200.0,2200.0,2015-05-26,71761.47,Actif
2202,2970628557996213,0117542970628557996213,0117542970628557996213,MA640117542970628557996213,MA640117542970628557996213,COURANT,MAD,2012-10-01,ACTIF,2212650.23,1760,1760,8,8,39,39,,,2013-07-02,2175823.66,Inactif
2203,4452551742910103,0119074452551742910103,0119074452551742910103,MA640119074452551742910103,MA640119074452551742910103,COURANT,MAD,2011-03-25,ACTIF,18438225.51,1761,1761,8,8,38,38,,,2018-03-08,18986455.05,Inactif
2204,5779924618170133,0115415779924618170133,0115415779924618170133,MA640115415779924618170133,MA640115415779924618170133,COURANT,MAD,2005-05-05,ACTIF,7651582.34,1762,1762,8,8,39,39,,,2024-05-06,7516248.16,Inactif
2205,2067459320964744,0113692067459320964744,0113692067459320964744,MA640113692067459320964744,MA640113692067459320964744,COURANT,MAD,2006-03-23,ACTIF,252048.28,1763,1763,8,8,38,38,,,2015-06-12,255146.17,Inactif
2206,8374382282139970,0118348374382282139970,0118348374382282139970,MA640118348374382282139970,MA640118348374382282139970,COURANT,MAD,2018-03-27,ACTIF,352053.99,1764,1764,8,8,39,39,,,2023-10-28,334855.46,Inactif
2207,3513829217963727,0116773513829217963727,0116773513829217963727,MA640116773513829217963727,MA640116773513829217963727,COURANT,MAD,2015-07-20,ACTIF,450629.58,1765,1765,8,8,38,38,,,2018-06-20,471224.26,Inactif
2208,3210421140657194,0118553210421140657194,0118553210421140657194,MA640118553210421140657194,MA640118553210421140657194,COURANT,MAD,2012-12-19,ACTIF,6690407.77,1766,1766,8,8,39,39,,,2014-01-30,6750692.85,Inactif
2209,4100321212747509,0118464100321212747509,0118464100321212747509,MA640118464100321212747509,MA640118464100321212747509,DAT,MAD,2013-06-07,ACTIF,2137469.57,1766,1766,8,8,39,39,2208.0,2208.0,2013-06-07,2137469.57,Actif
2210,7643879271469649,0117177643879271469649,0117177643879271469649,MA640117177643879271469649,MA640117177643879271469649,COURANT,MAD,2018-06-25,ACTIF,7227894.58,1767,1767,8,8,38,38,,,2021-08-11,6948020.29,Inactif
2211,2952596589610342,0113332952596589610342,0113332952596589610342,MA640113332952596589610342,MA640113332952596589610342,DAT,MAD,2018-11-18,ACTIF,1883972.52,1767,1767,8,8,38,38,2210.0,2210.0,2018-11-18,1883972.52,Actif
2212,6752399976959377,0116376752399976959377,0116376752399976959377,MA640116376752399976959377,MA640116376752399976959377,COURANT,MAD,2018-08-16,ACTIF,352600.62,1768,1768,8,8,39,39,,,2021-10-15,354454.34,Inactif
2213,2737833845141971,0115652737833845141971,0115652737833845141971,MA640115652737833845141971,MA640115652737833845141971,COURANT,MAD,2021-04-04,ACTIF,498572.72,1769,1769,8,8,38,38,,,2024-10-28,503773.29,Actif
2214,3017826678442251,0115923017826678442251,0115923017826678442251,MA640115923017826678442251,MA640115923017826678442251,COURANT,MAD,2009-11-20,ACTIF,199705.49,1770,1770,8,8,39,39,,,2014-08-15,207814.79,Inactif
2215,9846363819996104,0119119846363819996104,0119119846363819996104,MA640119119846363819996104,MA640119119846363819996104,COURANT,MAD,2008-05-06,ACTIF,3915083.58,1771,1771,8,8,38,38,,,2008-10-31,3722992.7,Inactif
2216,4913348733319179,0113984913348733319179,0113984913348733319179,MA640113984913348733319179,MA640113984913348733319179,DAT,MAD,2009-03-18,ACTIF,1757828.73,1771,1771,8,8,38,38,2215.0,2215.0,2009-03-18,1757828.73,Actif
2217,9536982544852773,0114889536982544852773,0114889536982544852773,MA640114889536982544852773,MA640114889536982544852773,COURANT,MAD,2018-11-12,ACTIF,220432.7,1772,1772,8,8,39,39,,,2020-05-02,230026.08,Inactif
2218,7790350156795492,0114647790350156795492,0114647790350156795492,MA640114647790350156795492,MA640114647790350156795492,DAT,MAD,2019-07-16,ACTIF,88303.62,1772,1772,8,8,39,39,2217.0,2217.0,2019-07-16,88303.62,Actif
2219,3415039648142768,0111513415039648142768,0111513415039648142768,MA640111513415039648142768,MA640111513415039648142768,COURANT,MAD,2018-07-31,ACTIF,480401.24,1773,1773,8,8,38,38,,,2024-05-12,502356.59,Inactif
2220,2189085358541273,0116812189085358541273,0116812189085358541273,MA640116812189085358541273,MA640116812189085358541273,COURANT,MAD,2012-06-09,ACTIF,6468215.48,1774,1774,8,8,39,39,,,2024-04-18,6350231.03,Inactif
2221,2570030597329601,0114582570030597329601,0114582570030597329601,MA640114582570030597329601,MA640114582570030597329601,COURANT,MAD,2017-07-09,ACTIF,340880.61,1775,1775,8,8,38,38,,,2019-03-04,340513.46,Inactif
2222,7273311413600571,0118337273311413600571,0118337273311413600571,MA640118337273311413600571,MA640118337273311413600571,COURANT,MAD,2018-07-11,ACTIF,106264.8,1776,1776,8,8,39,39,,,2024-04-15,107807.19,Inactif
2223,9191995097035874,0114369191995097035874,0114369191995097035874,MA640114369191995097035874,MA640114369191995097035874,COURANT,MAD,2015-11-26,INACTIF,244855.34,1777,1777,8,8,38,38,,,2019-03-07,236798.46,Inactif
2224,9802295946169295,0118679802295946169295,0118679802295946169295,MA640118679802295946169295,MA640118679802295946169295,DAT,MAD,2016-09-27,ACTIF,83039.47,1777,1777,8,8,38,38,2223.0,2223.0,2016-09-27,83039.47,Actif
2225,3808790726577507,0115833808790726577507,0115833808790726577507,MA640115833808790726577507,MA640115833808790726577507,COURANT,MAD,2017-09-11,ACTIF,8583139.11,1778,1778,8,8,39,39,,,2019-06-12,8508557.82,Inactif
2226,2270519598584637,0112552270519598584637,0112552270519598584637,MA640112552270519598584637,MA640112552270519598584637,COURANT,MAD,2011-11-30,ACTIF,37242.01,1779,1779,8,8,38,38,,,2023-05-16,38586.35,Inactif
2227,7780950788332706,0116667780950788332706,0116667780950788332706,MA640116667780950788332706,MA640116667780950788332706,DAT,MAD,2012-09-08,ACTIF,17631.37,1779,1779,8,8,38,38,2226.0,2226.0,2012-09-08,17631.37,Actif
2228,7544362817816791,0111537544362817816791,0111537544362817816791,MA640111537544362817816791,MA640111537544362817816791,COURANT,MAD,2020-11-04,ACTIF,2252352.99,1780,1780,8,8,39,39,,,2022-12-01,2355261.46,Inactif
2229,9569277063979769,0111209569277063979769,0111209569277063979769,MA640111209569277063979769,MA640111209569277063979769,COURANT,MAD,2021-11-30,ACTIF,6254988.72,1781,1781,8,8,38,38,,,2022-08-23,6234265.94,Inactif
2230,3713314127448560,0119943713314127448560,0119943713314127448560,MA640119943713314127448560,MA640119943713314127448560,COURANT,MAD,2005-03-02,ACTIF,146279.08,1782,1782,8,8,39,39,,,2014-10-02,148760.1,Inactif
2231,8050133317056731,0117208050133317056731,0117208050133317056731,MA640117208050133317056731,MA640117208050133317056731,DAT,MAD,2005-12-10,ACTIF,78394.38,1782,1782,8,8,39,39,2230.0,2230.0,2005-12-10,78394.38,Actif
2232,9341791096005222,0116259341791096005222,0116259341791096005222,MA640116259341791096005222,MA640116259341791096005222,COURANT,MAD,2008-03-19,INACTIF,26278099.47,1783,1783,8,8,38,38,,,2013-08-19,25210548.42,Inactif
2233,9747877135610259,0118179747877135610259,0118179747877135610259,MA640118179747877135610259,MA640118179747877135610259,COURANT,MAD,2010-08-01,ACTIF,5037700.51,1784,1784,8,8,39,39,,,2024-06-29,5286196.83,Inactif
2234,7968299450338032,0112117968299450338032,0112117968299450338032,MA640112117968299450338032,MA640112117968299450338032,COURANT,MAD,2013-10-23,ACTIF,417995.22,1785,1785,8,8,38,38,,,2017-11-13,428434.81,Inactif
2235,7804057258630046,0113297804057258630046,0113297804057258630046,MA640113297804057258630046,MA640113297804057258630046,COURANT,MAD,2005-08-12,INACTIF,341037.12,1786,1786,8,8,39,39,,,2015-10-04,344954.92,Inactif
2236,1239642623503483,0117191239642623503483,0117191239642623503483,MA640117191239642623503483,MA640117191239642623503483,COURANT,MAD,2005-03-08,ACTIF,61727.8,1787,1787,8,8,38,38,,,2014-08-03,64025.63,Inactif
2237,8748248652098378,0117178748248652098378,0117178748248652098378,MA640117178748248652098378,MA640117178748248652098378,DAT,MAD,2005-09-15,ACTIF,19310.16,1787,1787,8,8,38,38,2236.0,2236.0,2005-09-15,19310.16,Actif
2238,8293330876321150,0119728293330876321150,0119728293330876321150,MA640119728293330876321150,MA640119728293330876321150,COURANT,MAD,2013-04-30,ACTIF,1742874.65,1788,1788,8,8,39,39,,,2015-07-18,1756806.66,Inactif
2239,6985717487058690,0117636985717487058690,0117636985717487058690,MA640117636985717487058690,MA640117636985717487058690,COURANT,MAD,2013-02-26,ACTIF,2316422.34,1789,1789,8,8,38,38,,,2018-04-06,2245595.25,Inactif
2240,1853255992713120,0114921853255992713120,0114921853255992713120,MA640114921853255992713120,MA640114921853255992713120,COURANT,MAD,2007-01-12,INACTIF,322367.41,1790,1790,8,8,39,39,,,2016-07-08,329324.05,Inactif
2241,1273725112738173,0112151273725112738173,0112151273725112738173,MA640112151273725112738173,MA640112151273725112738173,COURANT,MAD,2006-12-07,ACTIF,3856652.77,1791,1791,8,8,38,38,,,2024-07-23,3925309.47,Faiblement actif
2242,8557144457885668,0117258557144457885668,0117258557144457885668,MA640117258557144457885668,MA640117258557144457885668,COURANT,MAD,2006-05-02,ACTIF,251862.51,1792,1792,8,8,39,39,,,2024-08-23,243661.01,Faiblement actif
2243,1757003010670907,0115751757003010670907,0115751757003010670907,MA640115751757003010670907,MA640115751757003010670907,COURANT,MAD,2015-09-01,ACTIF,6736219.45,1793,1793,8,8,38,38,,,2019-08-08,6853786.08,Inactif
2244,9719655866613331,0111549719655866613331,0111549719655866613331,MA640111549719655866613331,MA640111549719655866613331,COURANT,MAD,2005-04-06,ACTIF,166165.7,1794,1794,8,8,39,39,,,2009-08-06,166099.21,Inactif
2245,9027324837943311,0114929027324837943311,0114929027324837943311,MA640114929027324837943311,MA640114929027324837943311,COURANT,MAD,2007-11-04,ACTIF,118021.83,1795,1795,8,8,38,38,,,2011-09-01,117535.24,Inactif
2246,3251701576832297,0119473251701576832297,0119473251701576832297,MA640119473251701576832297,MA640119473251701576832297,DAT,MAD,2008-09-23,ACTIF,50776.51,1795,1795,8,8,38,38,2245.0,2245.0,2008-09-23,50776.51,Actif
2247,3513983234023087,0118933513983234023087,0118933513983234023087,MA640118933513983234023087,MA640118933513983234023087,COURANT,MAD,2020-06-01,ACTIF,147057.32,1796,1796,8,8,39,39,,,2022-08-19,151407.9,Inactif
2248,3194710999702232,0114563194710999702232,0114563194710999702232,MA640114563194710999702232,MA640114563194710999702232,COURANT,MAD,2008-01-05,ACTIF,2959622.82,1797,1797,8,8,38,38,,,2013-11-05,3037700.29,Inactif
2249,9809108313528255,0112379809108313528255,0112379809108313528255,MA640112379809108313528255,MA640112379809108313528255,DAT,MAD,2008-10-12,ACTIF,1850095.88,1797,1797,8,8,38,38,2248.0,2248.0,2008-10-12,1850095.88,Actif
2250,2302257451672061,0118502302257451672061,0118502302257451672061,MA640118502302257451672061,MA640118502302257451672061,COURANT,MAD,2016-06-12,ACTIF,225014.13,1798,1798,8,8,39,39,,,2023-09-30,221119.57,Inactif
2251,8576393960413294,0117078576393960413294,0117078576393960413294,MA640117078576393960413294,MA640117078576393960413294,COURANT,MAD,2019-10-21,INACTIF,137489.48,1799,1799,8,8,38,38,,,2023-07-03,137827.64,Inactif
2252,6158847733596918,0117676158847733596918,0117676158847733596918,MA640117676158847733596918,MA640117676158847733596918,COURANT,MAD,2006-02-05,ACTIF,289471.01,1800,1800,8,8,39,39,,,2020-04-17,303703.39,Inactif
2253,2893904676191073,0118332893904676191073,0118332893904676191073,MA640118332893904676191073,MA640118332893904676191073,COURANT,MAD,2014-04-27,ACTIF,2851741.03,1801,1801,8,8,38,38,,,2019-04-30,2716657.99,Inactif
2254,9538480065570011,0117819538480065570011,0117819538480065570011,MA640117819538480065570011,MA640117819538480065570011,COURANT,MAD,2005-08-08,ACTIF,180600.06,1802,1802,8,8,39,39,,,2017-06-10,185230.59,Inactif
2255,3094532656919123,0116543094532656919123,0116543094532656919123,MA640116543094532656919123,MA640116543094532656919123,COURANT,MAD,2018-04-06,ACTIF,682041.73,1803,1803,8,8,38,38,,,2019-04-04,667685.61,Inactif
2256,2752616912542259,0115632752616912542259,0115632752616912542259,MA640115632752616912542259,MA640115632752616912542259,COURANT,MAD,2013-03-01,ACTIF,20580.35,1804,1804,8,8,39,39,,,2023-11-10,20721.5,Inactif
2257,6010148665599802,0119486010148665599802,0119486010148665599802,MA640119486010148665599802,MA640119486010148665599802,DAT,MAD,2013-08-20,ACTIF,5416.53,1804,1804,8,8,39,39,2256.0,2256.0,2013-08-20,5416.53,Actif
2258,6401239971622008,0115176401239971622008,0115176401239971622008,MA640115176401239971622008,MA640115176401239971622008,COURANT,MAD,2012-04-06,INACTIF,217668.92,1805,1805,8,8,38,38,,,2020-09-14,217653.94,Inactif
2259,2089531710135406,0111012089531710135406,0111012089531710135406,MA640111012089531710135406,MA640111012089531710135406,COURANT,MAD,2014-01-09,ACTIF,236352.78,1806,1806,8,8,39,39,,,2016-02-07,238128.74,Inactif
2260,5081533471933148,0114875081533471933148,0114875081533471933148,MA640114875081533471933148,MA640114875081533471933148,DAT,MAD,2014-09-28,ACTIF,125007.84,1806,1806,8,8,39,39,2259.0,2259.0,2014-09-28,125007.84,Actif
2261,6299045158687943,0118886299045158687943,0118886299045158687943,MA640118886299045158687943,MA640118886299045158687943,COURANT,MAD,2005-07-04,ACTIF,188220.3,1807,1807,8,8,38,38,,,2022-03-28,194325.78,Inactif
2262,2121913817873011,0114082121913817873011,0114082121913817873011,MA640114082121913817873011,MA640114082121913817873011,COURANT,MAD,2016-09-02,ACTIF,73937.53,1808,1808,8,8,39,39,,,2020-06-15,74947.18,Inactif
2263,3038644242387127,0118433038644242387127,0118433038644242387127,MA640118433038644242387127,MA640118433038644242387127,COURANT,MAD,2015-05-05,ACTIF,309082.36,1809,1809,8,8,38,38,,,2018-01-27,302697.54,Inactif
2264,2574093251690537,0112902574093251690537,0112902574093251690537,MA640112902574093251690537,MA640112902574093251690537,COURANT,MAD,2019-06-15,ACTIF,8922884.03,1810,1810,8,8,39,39,,,2023-05-24,8877912.61,Inactif
2265,3956834572123490,0114423956834572123490,0114423956834572123490,MA640114423956834572123490,MA640114423956834572123490,COURANT,MAD,2020-10-17,ACTIF,143102.41,1811,1811,8,8,38,38,,,2022-01-10,136356.49,Inactif
2266,4977379132134579,0113084977379132134579,0113084977379132134579,MA640113084977379132134579,MA640113084977379132134579,DAT,MAD,2021-04-29,ACTIF,68888.14,1811,1811,8,8,38,38,2265.0,2265.0,2021-04-29,70660.59,Actif
2267,9522090866084347,0111719522090866084347,0111719522090866084347,MA640111719522090866084347,MA640111719522090866084347,COURANT,MAD,2019-05-24,ACTIF,191202.05,1812,1812,8,8,39,39,,,2021-01-23,188840.38,Inactif
2268,9715350860711682,0119229715350860711682,0119229715350860711682,MA640119229715350860711682,MA640119229715350860711682,DAT,MAD,2020-04-12,ACTIF,82668.25,1812,1812,8,8,39,39,2267.0,2267.0,2020-04-12,82668.25,Actif
2269,1677547967959337,0112141677547967959337,0112141677547967959337,MA640112141677547967959337,MA640112141677547967959337,COURANT,MAD,2015-01-09,ACTIF,1203179.42,1813,1813,8,8,38,38,,,2019-06-27,1162615.34,Inactif
2270,5451473687333569,0111595451473687333569,0111595451473687333569,MA640111595451473687333569,MA640111595451473687333569,COURANT,MAD,2016-03-31,ACTIF,114025.61,1814,1814,8,8,39,39,,,2016-11-26,112804.94,Inactif
2271,7298587169467193,0117977298587169467193,0117977298587169467193,MA640117977298587169467193,MA640117977298587169467193,COURANT,MAD,2013-07-12,ACTIF,330175.15,1815,1815,8,8,38,38,,,2023-03-10,341370.89,Inactif
2272,8619735993473769,0111338619735993473769,0111338619735993473769,MA640111338619735993473769,MA640111338619735993473769,COURANT,MAD,2016-05-05,ACTIF,289751.64,1816,1816,8,8,39,39,,,2020-09-07,294341.45,Inactif
2273,2996075330075546,0119832996075330075546,0119832996075330075546,MA640119832996075330075546,MA640119832996075330075546,COURANT,MAD,2020-03-13,ACTIF,139216.82,1817,1817,8,8,38,38,,,2023-08-04,145480.19,Inactif
2274,7940079751737737,0116547940079751737737,0116547940079751737737,MA640116547940079751737737,MA640116547940079751737737,COURANT,MAD,2006-05-18,INACTIF,14107.45,1818,1818,8,8,39,39,,,2022-05-07,13743.6,Inactif
2275,3909789671105212,0113623909789671105212,0113623909789671105212,MA640113623909789671105212,MA640113623909789671105212,COURANT,MAD,2015-08-14,INACTIF,271883.49,1819,1819,8,8,38,38,,,2019-07-10,266531.13,Inactif
2276,6999419244042397,0112816999419244042397,0112816999419244042397,MA640112816999419244042397,MA640112816999419244042397,COURANT,MAD,2011-05-05,ACTIF,371701.98,1820,1820,8,8,39,39,,,2022-08-09,366976.1,Inactif
2277,6909264718697653,0116836909264718697653,0116836909264718697653,MA640116836909264718697653,MA640116836909264718697653,COURANT,MAD,2009-09-14,INACTIF,220880.8,1821,1821,8,8,38,38,,,2016-12-23,228004.11,Inactif
2278,3609181939001880,0119313609181939001880,0119313609181939001880,MA640119313609181939001880,MA640119313609181939001880,COURANT,MAD,2010-10-08,ACTIF,59450545.89,1822,1822,8,8,39,39,,,2019-05-25,56780936.98,Inactif
2279,8004590818876460,0118838004590818876460,0118838004590818876460,MA640118838004590818876460,MA640118838004590818876460,COURANT,MAD,2017-10-21,ACTIF,220045.91,1823,1823,8,8,38,38,,,2020-11-28,214294.4,Inactif
2280,4942997664454112,0112864942997664454112,0112864942997664454112,MA640112864942997664454112,MA640112864942997664454112,DAT,MAD,2018-08-20,ACTIF,110598.63,1823,1823,8,8,38,38,2279.0,2279.0,2018-08-20,110598.63,Actif
2281,2597466495994982,0119522597466495994982,0119522597466495994982,MA640119522597466495994982,MA640119522597466495994982,COURANT,MAD,2006-06-13,ACTIF,157749.78,1824,1824,8,8,39,39,,,2011-10-30,163014.82,Inactif
2282,3250436399108527,0117553250436399108527,0117553250436399108527,MA640117553250436399108527,MA640117553250436399108527,COURANT,MAD,2011-07-11,ACTIF,166395.93,1825,1825,8,8,38,38,,,2016-05-19,159451.15,Inactif
2283,2151488839891837,0116512151488839891837,0116512151488839891837,MA640116512151488839891837,MA640116512151488839891837,COURANT,MAD,2008-07-20,INACTIF,287179.48,1826,1826,8,8,39,39,,,2011-03-14,290976.33,Inactif
2284,6116477087875106,0113476116477087875106,0113476116477087875106,MA640113476116477087875106,MA640113476116477087875106,COURANT,MAD,2019-11-11,ACTIF,537506.14,1827,1827,8,8,38,38,,,2024-05-13,521804.56,Inactif
2285,1646378650783910,0117081646378650783910,0117081646378650783910,MA640117081646378650783910,MA640117081646378650783910,DAT,MAD,2020-07-23,ACTIF,183567.12,1827,1827,8,8,38,38,2284.0,2284.0,2020-07-23,183567.12,Actif
2286,1805081156589213,0113681805081156589213,0113681805081156589213,MA640113681805081156589213,MA640113681805081156589213,COURANT,MAD,2019-09-14,ACTIF,218943.39,1828,1828,8,8,39,39,,,2023-07-12,208041.46,Inactif
2287,3089955076372523,0113613089955076372523,0113613089955076372523,MA640113613089955076372523,MA640113613089955076372523,COURANT,MAD,2016-05-11,ACTIF,53629.37,1829,1829,8,8,38,38,,,2022-08-20,53627.67,Inactif
2288,3154654268252505,0117373154654268252505,0117373154654268252505,MA640117373154654268252505,MA640117373154654268252505,COURANT,MAD,2020-11-27,ACTIF,8667195.12,1830,1830,8,8,39,39,,,2023-11-27,9004840.1,Inactif
2289,1670824495965392,0117941670824495965392,0117941670824495965392,MA640117941670824495965392,MA640117941670824495965392,COURANT,MAD,2008-01-19,ACTIF,5055275.06,1831,1831,8,8,38,38,,,2017-07-13,5051765.22,Inactif
2290,2083408867565893,0119802083408867565893,0119802083408867565893,MA640119802083408867565893,MA640119802083408867565893,COURANT,MAD,2018-04-20,ACTIF,446806.83,1832,1832,8,8,39,39,,,2023-01-31,450302.48,Inactif
2291,9178173147353601,0112559178173147353601,0112559178173147353601,MA640112559178173147353601,MA640112559178173147353601,COURANT,MAD,2014-12-08,ACTIF,1117982.15,1833,1833,8,8,38,38,,,2016-10-06,1074788.69,Inactif
2292,7964270056256721,0118587964270056256721,0118587964270056256721,MA640118587964270056256721,MA640118587964270056256721,COURANT,MAD,2012-09-06,ACTIF,344029.85,1834,1834,8,8,39,39,,,2016-02-16,341883.29,Inactif
2293,9691043874373458,0117389691043874373458,0117389691043874373458,MA640117389691043874373458,MA640117389691043874373458,DAT,MAD,2013-02-13,ACTIF,89358.53,1834,1834,8,8,39,39,2292.0,2292.0,2013-02-13,89358.53,Actif
2294,7498320333708155,0114307498320333708155,0114307498320333708155,MA640114307498320333708155,MA640114307498320333708155,COURANT,MAD,2013-08-03,ACTIF,4896821.7,1835,1835,8,8,38,38,,,2019-12-23,4764090.73,Inactif
2295,6551596622396885,0116326551596622396885,0116326551596622396885,MA640116326551596622396885,MA640116326551596622396885,COURANT,MAD,2011-12-11,ACTIF,417584.96,1836,1836,8,8,39,39,,,2021-12-22,419993.2,Inactif
2296,3044551051623014,0112823044551051623014,0112823044551051623014,MA640112823044551051623014,MA640112823044551051623014,DAT,MAD,2012-08-19,ACTIF,263741.44,1836,1836,8,8,39,39,2295.0,2295.0,2012-08-19,263741.44,Actif
2297,4542923596606400,0115294542923596606400,0115294542923596606400,MA640115294542923596606400,MA640115294542923596606400,COURANT,MAD,2005-08-09,ACTIF,6146651.29,1837,1837,8,8,38,38,,,2007-11-10,6046592.16,Inactif
2298,3431350258707183,0113163431350258707183,0113163431350258707183,MA640113163431350258707183,MA640113163431350258707183,COURANT,MAD,2013-07-11,ACTIF,422190.04,1838,1838,8,8,39,39,,,2015-03-19,441723.37,Inactif
2299,4119292738487952,0115134119292738487952,0115134119292738487952,MA640115134119292738487952,MA640115134119292738487952,COURANT,MAD,2019-10-05,INACTIF,1992208.29,1839,1839,8,8,38,38,,,2021-03-25,1976154.3,Inactif
2300,7354874917363865,0115977354874917363865,0115977354874917363865,MA640115977354874917363865,MA640115977354874917363865,COURANT,MAD,2015-02-07,ACTIF,491738.73,1840,1840,8,8,39,39,,,2021-01-23,510146.44,Inactif
2301,9281252298411989,0113409281252298411989,0113409281252298411989,MA640113409281252298411989,MA640113409281252298411989,COURANT,MAD,2019-07-28,ACTIF,341101.65,1841,1841,8,8,38,38,,,2023-09-27,350842.55,Inactif
2302,3440555622267950,0119063440555622267950,0119063440555622267950,MA640119063440555622267950,MA640119063440555622267950,COURANT,MAD,2007-04-05,ACTIF,2065217.47,1842,1842,8,8,39,39,,,2012-08-30,2083384.9,Inactif
2303,6441184690801809,0115886441184690801809,0115886441184690801809,MA640115886441184690801809,MA640115886441184690801809,COURANT,MAD,2005-05-22,ACTIF,64753.91,1843,1843,8,8,38,38,,,2011-08-03,62737.36,Inactif
2304,8323814358654286,0117378323814358654286,0117378323814358654286,MA640117378323814358654286,MA640117378323814358654286,COURANT,MAD,2011-04-27,ACTIF,3769511.27,1844,1844,8,8,39,39,,,2019-08-01,3726337.92,Inactif
2305,3895185791845111,0118763895185791845111,0118763895185791845111,MA640118763895185791845111,MA640118763895185791845111,COURANT,MAD,2006-11-08,ACTIF,304765.88,1845,1845,8,8,38,38,,,2017-12-14,289923.98,Inactif
2306,5291988030086148,0119355291988030086148,0119355291988030086148,MA640119355291988030086148,MA640119355291988030086148,DAT,MAD,2007-03-03,ACTIF,148536.78,1845,1845,8,8,38,38,2305.0,2305.0,2007-03-03,148536.78,Actif
2307,4150458943704128,0113854150458943704128,0113854150458943704128,MA640113854150458943704128,MA640113854150458943704128,COURANT,MAD,2012-11-09,ACTIF,6846136.69,1846,1846,8,8,39,39,,,2016-02-07,7045817.77,Inactif
2308,6804258153741022,0116896804258153741022,0116896804258153741022,MA640116896804258153741022,MA640116896804258153741022,COURANT,MAD,2013-04-07,ACTIF,177970.36,1847,1847,8,8,38,38,,,2023-01-26,177615.9,Inactif
2309,4476621853714169,0118264476621853714169,0118264476621853714169,MA640118264476621853714169,MA640118264476621853714169,COURANT,MAD,2021-04-05,ACTIF,61981.81,1848,1848,8,8,39,39,,,2023-02-01,63272.07,Inactif
2310,7959513032909764,0119007959513032909764,0119007959513032909764,MA640119007959513032909764,MA640119007959513032909764,DAT,MAD,2021-10-08,ACTIF,40670.9,1848,1848,8,8,39,39,2309.0,2309.0,2021-10-08,38773.14,Actif
2311,8261902831372293,0119788261902831372293,0119788261902831372293,MA640119788261902831372293,MA640119788261902831372293,COURANT,MAD,2014-08-04,ACTIF,6169693.53,1849,1849,8,8,38,38,,,2020-05-31,6398678.76,Inactif
2312,3540400370640557,0116903540400370640557,0116903540400370640557,MA640116903540400370640557,MA640116903540400370640557,COURANT,MAD,2007-10-12,INACTIF,35382597.91,1850,1850,8,8,39,39,,,2008-04-19,35162903.05,Inactif
2313,7214726339203863,0116187214726339203863,0116187214726339203863,MA640116187214726339203863,MA640116187214726339203863,COURANT,MAD,2022-01-19,ACTIF,16565446.38,1851,1851,8,8,38,38,,,2024-03-08,17187176.46,Inactif
2314,3722750599173310,0112473722750599173310,0112473722750599173310,MA640112473722750599173310,MA640112473722750599173310,COURANT,MAD,2014-01-22,INACTIF,2636297.39,1852,1852,8,8,39,39,,,2014-12-26,2618203.22,Inactif
2315,1269602618525005,0119691269602618525005,0119691269602618525005,MA640119691269602618525005,MA640119691269602618525005,DAT,MAD,2014-08-31,ACTIF,949098.62,1852,1852,8,8,39,39,2314.0,2314.0,2014-08-31,949098.62,Actif
2316,1328233638860488,0115601328233638860488,0115601328233638860488,MA640115601328233638860488,MA640115601328233638860488,COURANT,MAD,2013-10-21,ACTIF,29322.86,1853,1853,8,8,38,38,,,2023-03-05,28270.89,Inactif
2317,7399492455294184,0115547399492455294184,0115547399492455294184,MA640115547399492455294184,MA640115547399492455294184,DAT,MAD,2014-04-15,ACTIF,17433.93,1853,1853,8,8,38,38,2316.0,2316.0,2014-04-15,17433.93,Actif
2318,6656332938392953,0116216656332938392953,0116216656332938392953,MA640116216656332938392953,MA640116216656332938392953,COURANT,MAD,2017-06-01,INACTIF,379774.26,1854,1854,8,8,39,39,,,2022-11-19,365197.7,Inactif
2319,8046614814164048,0111088046614814164048,0111088046614814164048,MA640111088046614814164048,MA640111088046614814164048,COURANT,MAD,2022-01-02,ACTIF,493861.88,1855,1855,8,8,38,38,,,2023-11-14,508547.1,Inactif
2320,3360038030137388,0119173360038030137388,0119173360038030137388,MA640119173360038030137388,MA640119173360038030137388,COURANT,MAD,2008-02-21,ACTIF,9356800.79,1856,1856,8,8,39,39,,,2022-10-28,9396406.34,Inactif
2321,5430459870787329,0119475430459870787329,0119475430459870787329,MA640119475430459870787329,MA640119475430459870787329,COURANT,MAD,2007-01-05,INACTIF,331187.31,1857,1857,8,8,38,38,,,2022-06-10,317079.52,Inactif
2322,4621586448674578,0114984621586448674578,0114984621586448674578,MA640114984621586448674578,MA640114984621586448674578,COURANT,MAD,2016-05-06,ACTIF,380936.03,1858,1858,8,8,39,39,,,2020-01-26,366503.4,Inactif
2323,9815457837583447,0116549815457837583447,0116549815457837583447,MA640116549815457837583447,MA640116549815457837583447,COURANT,MAD,2020-06-18,ACTIF,5878516.21,1859,1859,8,8,38,38,,,2024-11-11,5998661.27,Actif
2324,4441213146081427,0119514441213146081427,0119514441213146081427,MA640119514441213146081427,MA640119514441213146081427,DAT,MAD,2021-02-11,ACTIF,3396422.9,1859,1859,8,8,38,38,2323.0,2323.0,2021-02-11,3236122.97,Actif
2325,2637777138145336,0114952637777138145336,0114952637777138145336,MA640114952637777138145336,MA640114952637777138145336,COURANT,MAD,2011-01-28,ACTIF,285969.0,1860,1860,8,8,39,39,,,2022-09-08,292858.38,Inactif
2326,6805222486544529,0111456805222486544529,0111456805222486544529,MA640111456805222486544529,MA640111456805222486544529,DAT,MAD,2011-09-07,ACTIF,115022.11,1860,1860,8,8,39,39,2325.0,2325.0,2011-09-07,115022.11,Actif
2327,4529834055616471,0117134529834055616471,0117134529834055616471,MA640117134529834055616471,MA640117134529834055616471,COURANT,MAD,2012-05-30,ACTIF,298347.58,1861,1861,9,9,42,42,,,2014-01-28,298327.57,Inactif
2328,1947620461154914,0112441947620461154914,0112441947620461154914,MA640112441947620461154914,MA640112441947620461154914,COURANT,MAD,2019-04-20,ACTIF,316394.4,1862,1862,9,9,43,43,,,2020-12-06,331405.79,Inactif
2329,5108792434902907,0111155108792434902907,0111155108792434902907,MA640111155108792434902907,MA640111155108792434902907,DAT,MAD,2019-11-29,ACTIF,108816.39,1862,1862,9,9,43,43,2328.0,2328.0,2019-11-29,108816.39,Actif
2330,2420158617681679,0119142420158617681679,0119142420158617681679,MA640119142420158617681679,MA640119142420158617681679,COURANT,MAD,2020-08-30,ACTIF,244948.1,1863,1863,9,9,42,42,,,2022-01-14,239203.03,Inactif
2331,9730983365722876,0117669730983365722876,0117669730983365722876,MA640117669730983365722876,MA640117669730983365722876,COURANT,MAD,2017-04-11,ACTIF,83287.38,1864,1864,9,9,43,43,,,2019-04-02,86966.1,Inactif
2332,3875714152829391,0112433875714152829391,0112433875714152829391,MA640112433875714152829391,MA640112433875714152829391,COURANT,MAD,2014-08-09,ACTIF,292728.9,1865,1865,9,9,42,42,,,2016-06-27,278657.92,Inactif
2333,8360871379044275,0117938360871379044275,0117938360871379044275,MA640117938360871379044275,MA640117938360871379044275,COURANT,MAD,2020-02-13,INACTIF,293304.92,1866,1866,9,9,43,43,,,2024-05-17,281189.08,Inactif
2334,7179247323349595,0111037179247323349595,0111037179247323349595,MA640111037179247323349595,MA640111037179247323349595,COURANT,MAD,2021-04-09,ACTIF,382450.7,1867,1867,9,9,42,42,,,2022-11-08,373167.04,Inactif
2335,6556559978630725,0113506556559978630725,0113506556559978630725,MA640113506556559978630725,MA640113506556559978630725,COURANT,MAD,2011-08-20,ACTIF,479627.07,1868,1868,9,9,43,43,,,2012-04-16,490858.18,Inactif
2336,4650656738107900,0119004650656738107900,0119004650656738107900,MA640119004650656738107900,MA640119004650656738107900,COURANT,MAD,2016-12-18,ACTIF,281383.77,1869,1869,9,9,42,42,,,2022-06-08,292128.63,Inactif
2337,7635066276542805,0118317635066276542805,0118317635066276542805,MA640118317635066276542805,MA640118317635066276542805,COURANT,MAD,2008-01-28,ACTIF,103210.0,1870,1870,9,9,43,43,,,2017-06-02,98802.38,Inactif
2338,8883140720190215,0118328883140720190215,0118328883140720190215,MA640118328883140720190215,MA640118328883140720190215,COURANT,MAD,2013-08-13,ACTIF,476630.36,1871,1871,9,9,42,42,,,2024-12-04,470595.01,Actif
2339,4230497316262215,0118154230497316262215,0118154230497316262215,MA640118154230497316262215,MA640118154230497316262215,COURANT,MAD,2014-10-22,ACTIF,155692.69,1872,1872,9,9,43,43,,,2023-06-15,159813.14,Inactif
2340,7880184545087446,0114847880184545087446,0114847880184545087446,MA640114847880184545087446,MA640114847880184545087446,COURANT,MAD,2009-01-31,ACTIF,484439.18,1873,1873,9,9,42,42,,,2013-01-16,492361.19,Inactif
2341,7342111047483456,0118647342111047483456,0118647342111047483456,MA640118647342111047483456,MA640118647342111047483456,COURANT,MAD,2011-01-12,ACTIF,290244.57,1874,1874,9,9,43,43,,,2021-05-29,297442.32,Inactif
2342,2651450031406265,0112072651450031406265,0112072651450031406265,MA640112072651450031406265,MA640112072651450031406265,DAT,MAD,2011-06-07,ACTIF,90580.34,1874,1874,9,9,43,43,2341.0,2341.0,2011-06-07,90580.34,Actif
2343,5149602362029308,0115515149602362029308,0115515149602362029308,MA640115515149602362029308,MA640115515149602362029308,COURANT,MAD,2017-02-02,ACTIF,482439.33,1875,1875,9,9,42,42,,,2017-03-04,462003.68,Inactif
2344,1227652051395437,0115581227652051395437,0115581227652051395437,MA640115581227652051395437,MA640115581227652051395437,COURANT,MAD,2011-04-14,INACTIF,1537997.42,1876,1876,9,9,43,43,,,2015-04-08,1537421.0,Inactif
2345,5224025480582796,0119765224025480582796,0119765224025480582796,MA640119765224025480582796,MA640119765224025480582796,DAT,MAD,2012-01-21,ACTIF,665865.87,1876,1876,9,9,43,43,2344.0,2344.0,2012-01-21,665865.87,Actif
2346,3238178813244837,0117253238178813244837,0117253238178813244837,MA640117253238178813244837,MA640117253238178813244837,COURANT,MAD,2006-10-07,INACTIF,169056.39,1877,1877,9,9,42,42,,,2016-01-23,174230.36,Inactif
2347,5618025427486991,0114905618025427486991,0114905618025427486991,MA640114905618025427486991,MA640114905618025427486991,DAT,MAD,2007-01-04,ACTIF,105443.27,1877,1877,9,9,42,42,2346.0,2346.0,2007-01-04,105443.27,Actif
2348,2381401111299765,0116802381401111299765,0116802381401111299765,MA640116802381401111299765,MA640116802381401111299765,COURANT,MAD,2012-07-10,INACTIF,5887983.2,1878,1878,9,9,43,43,,,2020-03-29,5883532.52,Inactif
2349,1932063571697695,0119451932063571697695,0119451932063571697695,MA640119451932063571697695,MA640119451932063571697695,DAT,MAD,2012-08-18,ACTIF,2780394.07,1878,1878,9,9,43,43,2348.0,2348.0,2012-08-18,2780394.07,Actif
2350,1864839740266432,0114311864839740266432,0114311864839740266432,MA640114311864839740266432,MA640114311864839740266432,COURANT,MAD,2014-01-01,ACTIF,6059466.34,1879,1879,9,9,42,42,,,2018-06-14,6111073.56,Inactif
2351,9891983970234588,0113209891983970234588,0113209891983970234588,MA640113209891983970234588,MA640113209891983970234588,COURANT,MAD,2009-11-23,INACTIF,101509.34,1880,1880,9,9,43,43,,,2010-08-12,105833.3,Inactif
2352,9009498151840510,0111939009498151840510,0111939009498151840510,MA640111939009498151840510,MA640111939009498151840510,COURANT,MAD,2017-01-04,INACTIF,6561470.42,1881,1881,9,9,42,42,,,2017-01-24,6513753.34,Inactif
2353,4170497864087544,0119864170497864087544,0119864170497864087544,MA640119864170497864087544,MA640119864170497864087544,COURANT,MAD,2011-10-17,ACTIF,28447622.62,1882,1882,9,9,43,43,,,2012-08-05,27780157.88,Inactif
2354,1651835986693202,0114731651835986693202,0114731651835986693202,MA640114731651835986693202,MA640114731651835986693202,COURANT,MAD,2019-01-06,INACTIF,325328.37,1883,1883,9,9,42,42,,,2019-02-04,319865.71,Inactif
2355,5708771140694296,0118065708771140694296,0118065708771140694296,MA640118065708771140694296,MA640118065708771140694296,DAT,MAD,2019-05-20,ACTIF,122440.82,1883,1883,9,9,42,42,2354.0,2354.0,2019-05-20,122440.82,Actif
2356,3516496366534243,0115113516496366534243,0115113516496366534243,MA640115113516496366534243,MA640115113516496366534243,COURANT,MAD,2009-12-17,ACTIF,75246.98,1884,1884,9,9,43,43,,,2012-12-02,71978.0,Inactif
2357,8733515846521435,0119638733515846521435,0119638733515846521435,MA640119638733515846521435,MA640119638733515846521435,DAT,MAD,2010-06-24,ACTIF,49036.89,1884,1884,9,9,43,43,2356.0,2356.0,2010-06-24,49036.89,Actif
2358,9932758820015089,0114719932758820015089,0114719932758820015089,MA640114719932758820015089,MA640114719932758820015089,COURANT,MAD,2010-09-10,ACTIF,24921539.11,1885,1885,9,9,42,42,,,2018-04-09,24127616.68,Inactif
2359,8941422463124178,0111308941422463124178,0111308941422463124178,MA640111308941422463124178,MA640111308941422463124178,DAT,MAD,2010-12-13,ACTIF,13487202.22,1885,1885,9,9,42,42,2358.0,2358.0,2010-12-13,13487202.22,Actif
2360,3010980149381687,0119543010980149381687,0119543010980149381687,MA640119543010980149381687,MA640119543010980149381687,COURANT,MAD,2017-03-03,ACTIF,195894.97,1886,1886,9,9,43,43,,,2017-03-03,202450.55,Inactif
2361,8610992994794224,0114468610992994794224,0114468610992994794224,MA640114468610992994794224,MA640114468610992994794224,DAT,MAD,2017-07-14,ACTIF,50936.32,1886,1886,9,9,43,43,2360.0,2360.0,2017-07-14,50936.32,Actif
2362,8562698916695817,0113428562698916695817,0113428562698916695817,MA640113428562698916695817,MA640113428562698916695817,COURANT,MAD,2008-03-18,ACTIF,6834719.73,1887,1887,9,9,42,42,,,2013-03-13,6808357.76,Inactif
2363,4730587236925774,0115924730587236925774,0115924730587236925774,MA640115924730587236925774,MA640115924730587236925774,COURANT,MAD,2005-06-12,ACTIF,490248.98,1888,1888,9,9,43,43,,,2010-05-29,494767.26,Inactif
2364,5005653023686405,0116655005653023686405,0116655005653023686405,MA640116655005653023686405,MA640116655005653023686405,COURANT,MAD,2016-08-06,ACTIF,263477.5,1889,1889,9,9,42,42,,,2020-12-28,276246.02,Inactif
2365,2241820151618247,0111442241820151618247,0111442241820151618247,MA640111442241820151618247,MA640111442241820151618247,DAT,MAD,2017-03-08,ACTIF,173950.95,1889,1889,9,9,42,42,2364.0,2364.0,2017-03-08,173950.95,Actif
2366,1073003412387941,0114711073003412387941,0114711073003412387941,MA640114711073003412387941,MA640114711073003412387941,COURANT,MAD,2010-05-21,ACTIF,136156.15,1890,1890,9,9,43,43,,,2015-06-08,136056.03,Inactif
2367,5841963078567977,0119885841963078567977,0119885841963078567977,MA640119885841963078567977,MA640119885841963078567977,DAT,MAD,2010-12-26,ACTIF,81953.54,1890,1890,9,9,43,43,2366.0,2366.0,2010-12-26,81953.54,Actif
2368,6214494248597572,0113976214494248597572,0113976214494248597572,MA640113976214494248597572,MA640113976214494248597572,COURANT,MAD,2009-11-06,ACTIF,359721.9,1891,1891,9,9,42,42,,,2024-04-07,357877.92,Inactif
2369,2885015838670099,0111212885015838670099,0111212885015838670099,MA640111212885015838670099,MA640111212885015838670099,COURANT,MAD,2005-08-10,ACTIF,57247.67,1892,1892,9,9,43,43,,,2009-05-26,56438.1,Inactif
2370,1093493464488066,0117181093493464488066,0117181093493464488066,MA640117181093493464488066,MA640117181093493464488066,COURANT,MAD,2006-02-12,ACTIF,35457654.32,1893,1893,9,9,42,42,,,2022-10-21,35222237.47,Inactif
2371,5610992126104022,0115675610992126104022,0115675610992126104022,MA640115675610992126104022,MA640115675610992126104022,COURANT,MAD,2020-12-22,ACTIF,85312724.83,1894,1894,9,9,43,43,,,2024-03-20,82433072.33,Inactif
2372,1280493747656625,0119211280493747656625,0119211280493747656625,MA640119211280493747656625,MA640119211280493747656625,COURANT,MAD,2016-08-02,ACTIF,452285.25,1895,1895,9,9,42,42,,,2021-01-31,431998.53,Inactif
2373,4808752536344134,0117424808752536344134,0117424808752536344134,MA640117424808752536344134,MA640117424808752536344134,COURANT,MAD,2012-05-27,ACTIF,78053.37,1896,1896,9,9,43,43,,,2022-01-28,78027.29,Inactif
2374,9576304076979618,0116719576304076979618,0116719576304076979618,MA640116719576304076979618,MA640116719576304076979618,DAT,MAD,2013-05-17,ACTIF,22877.82,1896,1896,9,9,43,43,2373.0,2373.0,2013-05-17,22877.82,Actif
2375,8458609775252874,0113638458609775252874,0113638458609775252874,MA640113638458609775252874,MA640113638458609775252874,COURANT,MAD,2013-09-07,INACTIF,4944149.87,1897,1897,9,9,42,42,,,2015-06-27,5093103.95,Inactif
2376,5554805740532176,0119015554805740532176,0119015554805740532176,MA640119015554805740532176,MA640119015554805740532176,DAT,MAD,2014-04-21,ACTIF,2923231.07,1897,1897,9,9,42,42,2375.0,2375.0,2014-04-21,2923231.07,Actif
2377,4389284949120460,0111904389284949120460,0111904389284949120460,MA640111904389284949120460,MA640111904389284949120460,COURANT,MAD,2011-07-22,ACTIF,2914622.84,1898,1898,9,9,43,43,,,2014-10-02,2908399.51,Inactif
2378,4965251055246912,0115484965251055246912,0115484965251055246912,MA640115484965251055246912,MA640115484965251055246912,COURANT,MAD,2010-12-13,ACTIF,292527.07,1899,1899,9,9,42,42,,,2015-11-01,278411.52,Inactif
2379,5766478912056964,0114775766478912056964,0114775766478912056964,MA640114775766478912056964,MA640114775766478912056964,DAT,MAD,2011-11-05,ACTIF,81847.29,1899,1899,9,9,42,42,2378.0,2378.0,2011-11-05,81847.29,Actif
2380,9430610592840799,0112489430610592840799,0112489430610592840799,MA640112489430610592840799,MA640112489430610592840799,COURANT,MAD,2006-06-02,ACTIF,478809.86,1900,1900,9,9,43,43,,,2006-10-31,477197.64,Inactif
2381,4412843328150421,0115344412843328150421,0115344412843328150421,MA640115344412843328150421,MA640115344412843328150421,COURANT,MAD,2005-01-25,ACTIF,178295.5,1901,1901,9,9,42,42,,,2023-04-08,177540.87,Inactif
2382,9189968613329229,0111389189968613329229,0111389189968613329229,MA640111389189968613329229,MA640111389189968613329229,COURANT,MAD,2015-05-23,ACTIF,2616641.65,1902,1902,9,9,43,43,,,2021-09-24,2698425.74,Inactif
2383,6779499199256684,0113706779499199256684,0113706779499199256684,MA640113706779499199256684,MA640113706779499199256684,COURANT,MAD,2016-02-15,ACTIF,3301675.85,1903,1903,9,9,42,42,,,2019-06-16,3274893.92,Inactif
2384,6743069311711830,0111606743069311711830,0111606743069311711830,MA640111606743069311711830,MA640111606743069311711830,COURANT,MAD,2012-02-20,ACTIF,1358640.81,1904,1904,9,9,43,43,,,2015-11-22,1375300.24,Inactif
2385,9868328698371514,0113079868328698371514,0113079868328698371514,MA640113079868328698371514,MA640113079868328698371514,DAT,MAD,2012-09-02,ACTIF,702653.23,1904,1904,9,9,43,43,2384.0,2384.0,2012-09-02,702653.23,Actif
2386,6654076835028275,0115606654076835028275,0115606654076835028275,MA640115606654076835028275,MA640115606654076835028275,COURANT,MAD,2008-02-07,INACTIF,894586.86,1905,1905,9,9,42,42,,,2012-04-15,888469.69,Inactif
2387,4568895714238628,0114784568895714238628,0114784568895714238628,MA640114784568895714238628,MA640114784568895714238628,COURANT,MAD,2017-04-10,INACTIF,176481.88,1906,1906,9,9,43,43,,,2018-05-09,172294.32,Inactif
2388,3210877684317635,0116673210877684317635,0116673210877684317635,MA640116673210877684317635,MA640116673210877684317635,COURANT,MAD,2013-12-03,ACTIF,171460.98,1907,1907,9,9,42,42,,,2015-03-13,167377.72,Inactif
2389,9200441764506267,0118739200441764506267,0118739200441764506267,MA640118739200441764506267,MA640118739200441764506267,DAT,MAD,2014-04-20,ACTIF,55858.89,1907,1907,9,9,42,42,2388.0,2388.0,2014-04-20,55858.89,Actif
2390,8290430531962633,0118798290430531962633,0118798290430531962633,MA640118798290430531962633,MA640118798290430531962633,COURANT,MAD,2014-06-27,ACTIF,6222526.56,1908,1908,9,9,43,43,,,2023-06-22,6457917.99,Inactif
2391,1817477661374196,0112391817477661374196,0112391817477661374196,MA640112391817477661374196,MA640112391817477661374196,COURANT,MAD,2008-07-18,ACTIF,487922.43,1909,1909,9,9,42,42,,,2014-12-07,480673.23,Inactif
2392,7221479184491343,0113657221479184491343,0113657221479184491343,MA640113657221479184491343,MA640113657221479184491343,COURANT,MAD,2010-07-21,ACTIF,419175.45,1910,1910,9,9,43,43,,,2018-07-12,424156.76,Inactif
2393,2043655097076596,0111592043655097076596,0111592043655097076596,MA640111592043655097076596,MA640111592043655097076596,COURANT,MAD,2006-07-30,INACTIF,28630.1,1911,1911,9,9,42,42,,,2013-06-07,29760.29,Inactif
2394,7288195612095630,0114647288195612095630,0114647288195612095630,MA640114647288195612095630,MA640114647288195612095630,COURANT,MAD,2006-05-15,ACTIF,482649.83,1912,1912,9,9,43,43,,,2019-05-19,503100.84,Inactif
2395,2437048143673119,0114422437048143673119,0114422437048143673119,MA640114422437048143673119,MA640114422437048143673119,COURANT,MAD,2011-06-15,INACTIF,3081623.56,1913,1913,9,9,42,42,,,2016-10-19,3187785.97,Inactif
2396,5477007628918694,0117995477007628918694,0117995477007628918694,MA640117995477007628918694,MA640117995477007628918694,DAT,MAD,2011-12-27,ACTIF,1294480.4,1913,1913,9,9,42,42,2395.0,2395.0,2011-12-27,1294480.4,Actif
2397,8267949264949523,0118428267949264949523,0118428267949264949523,MA640118428267949264949523,MA640118428267949264949523,COURANT,MAD,2009-07-17,ACTIF,1656136.09,1914,1914,9,9,43,43,,,2017-02-08,1588185.85,Inactif
2398,8553748781014143,0119818553748781014143,0119818553748781014143,MA640119818553748781014143,MA640119818553748781014143,DAT,MAD,2009-10-17,ACTIF,453323.11,1914,1914,9,9,43,43,2397.0,2397.0,2009-10-17,453323.11,Actif
2399,3753580791165467,0119763753580791165467,0119763753580791165467,MA640119763753580791165467,MA640119763753580791165467,COURANT,MAD,2016-07-01,ACTIF,29592.05,1915,1915,9,9,42,42,,,2016-12-22,28668.63,Inactif
2400,8264770440196334,0111158264770440196334,0111158264770440196334,MA640111158264770440196334,MA640111158264770440196334,COURANT,MAD,2007-10-05,INACTIF,249617.63,1916,1916,9,9,43,43,,,2008-12-12,258326.72,Inactif
2401,6393511989520075,0115756393511989520075,0115756393511989520075,MA640115756393511989520075,MA640115756393511989520075,COURANT,MAD,2020-08-19,INACTIF,101761.34,1917,1917,9,9,42,42,,,2021-06-06,103705.34,Inactif
2402,9679735826511344,0119859679735826511344,0119859679735826511344,MA640119859679735826511344,MA640119859679735826511344,DAT,MAD,2021-07-12,ACTIF,46545.69,1917,1917,9,9,42,42,2401.0,2401.0,2021-07-12,45117.75,Actif
2403,2362976887663680,0116012362976887663680,0116012362976887663680,MA640116012362976887663680,MA640116012362976887663680,COURANT,MAD,2015-03-14,ACTIF,368555.05,1918,1918,9,9,43,43,,,2020-05-02,351703.9,Inactif
2404,5675470747224820,0114135675470747224820,0114135675470747224820,MA640114135675470747224820,MA640114135675470747224820,COURANT,MAD,2012-08-12,ACTIF,245092.81,1919,1919,9,9,42,42,,,2013-02-28,251552.92,Inactif
2405,6824887673192975,0115656824887673192975,0115656824887673192975,MA640115656824887673192975,MA640115656824887673192975,COURANT,MAD,2019-08-17,ACTIF,327118.45,1920,1920,9,9,43,43,,,2020-10-14,341984.52,Inactif
2406,9505858152604474,0118909505858152604474,0118909505858152604474,MA640118909505858152604474,MA640118909505858152604474,DAT,MAD,2019-11-14,ACTIF,167106.97,1920,1920,9,9,43,43,2405.0,2405.0,2019-11-14,167106.97,Actif
2407,9164240752206614,0115349164240752206614,0115349164240752206614,MA640115349164240752206614,MA640115349164240752206614,COURANT,MAD,2005-03-16,ACTIF,7476594.05,1921,1921,9,9,42,42,,,2018-08-25,7278810.27,Inactif
2408,7386987639318531,0118337386987639318531,0118337386987639318531,MA640118337386987639318531,MA640118337386987639318531,COURANT,MAD,2006-03-25,INACTIF,3869581.58,1922,1922,9,9,43,43,,,2009-12-25,3866203.71,Inactif
2409,1575664135589302,0118741575664135589302,0118741575664135589302,MA640118741575664135589302,MA640118741575664135589302,DAT,MAD,2006-12-30,ACTIF,1806060.58,1922,1922,9,9,43,43,2408.0,2408.0,2006-12-30,1806060.58,Actif
2410,9949320315407643,0116849949320315407643,0116849949320315407643,MA640116849949320315407643,MA640116849949320315407643,COURANT,MAD,2013-07-24,ACTIF,6796256.12,1923,1923,9,9,42,42,,,2020-11-18,6608396.63,Inactif
2411,1844112841349703,0113711844112841349703,0113711844112841349703,MA640113711844112841349703,MA640113711844112841349703,COURANT,MAD,2012-10-21,INACTIF,343202.37,1924,1924,9,9,43,43,,,2019-09-19,352186.4,Inactif
2412,8748383578050395,0112538748383578050395,0112538748383578050395,MA640112538748383578050395,MA640112538748383578050395,COURANT,MAD,2010-03-08,ACTIF,201602.01,1925,1925,9,9,42,42,,,2020-02-20,204073.24,Inactif
2413,5754293394190390,0111345754293394190390,0111345754293394190390,MA640111345754293394190390,MA640111345754293394190390,COURANT,MAD,2017-09-17,ACTIF,47495.55,1926,1926,9,9,43,43,,,2018-09-07,46837.81,Inactif
2414,4190937567412973,0119864190937567412973,0119864190937567412973,MA640119864190937567412973,MA640119864190937567412973,COURANT,MAD,2017-10-06,ACTIF,19110.23,1927,1927,9,9,42,42,,,2020-06-16,19849.71,Inactif
2415,8053566245271577,0111778053566245271577,0111778053566245271577,MA640111778053566245271577,MA640111778053566245271577,COURANT,MAD,2013-12-29,ACTIF,1357397.69,1928,1928,9,9,43,43,,,2016-02-26,1329711.04,Inactif
2416,2601482568712168,0118322601482568712168,0118322601482568712168,MA640118322601482568712168,MA640118322601482568712168,DAT,MAD,2014-10-01,ACTIF,871308.68,1928,1928,9,9,43,43,2415.0,2415.0,2014-10-01,871308.68,Actif
2417,4851380371910120,0118584851380371910120,0118584851380371910120,MA640118584851380371910120,MA640118584851380371910120,COURANT,MAD,2010-04-18,ACTIF,46997213.81,1929,1929,9,9,42,42,,,2018-11-09,47793374.08,Inactif
2418,4427095071909709,0113094427095071909709,0113094427095071909709,MA640113094427095071909709,MA640113094427095071909709,DAT,MAD,2010-12-31,ACTIF,28214328.49,1929,1929,9,9,42,42,2417.0,2417.0,2010-12-31,28214328.49,Actif
2419,5614533751880742,0113345614533751880742,0113345614533751880742,MA640113345614533751880742,MA640113345614533751880742,COURANT,MAD,2016-08-13,INACTIF,5432909.12,1930,1930,9,9,43,43,,,2017-12-21,5545524.63,Inactif
2420,5097921270675054,0119915097921270675054,0119915097921270675054,MA640119915097921270675054,MA640119915097921270675054,COURANT,MAD,2020-01-04,ACTIF,466211.41,1931,1931,10,10,46,46,,,2021-02-04,482433.12,Inactif
2421,6429442164012371,0112806429442164012371,0112806429442164012371,MA640112806429442164012371,MA640112806429442164012371,COURANT,MAD,2017-08-12,ACTIF,201231.5,1932,1932,10,10,47,47,,,2020-03-16,210257.1,Inactif
2422,4604207640010151,0117184604207640010151,0117184604207640010151,MA640117184604207640010151,MA640117184604207640010151,COURANT,MAD,2009-05-08,ACTIF,47594.73,1933,1933,10,10,46,46,,,2021-08-28,47158.3,Inactif
2423,2396523564304612,0118532396523564304612,0118532396523564304612,MA640118532396523564304612,MA640118532396523564304612,COURANT,MAD,2011-01-26,ACTIF,5515377.92,1934,1934,10,10,47,47,,,2019-06-12,5313920.57,Inactif
2424,1919783178216886,0113701919783178216886,0113701919783178216886,MA640113701919783178216886,MA640113701919783178216886,COURANT,MAD,2008-11-12,ACTIF,196476.72,1935,1935,10,10,46,46,,,2024-03-14,198990.88,Inactif
2425,4816249963975220,0113884816249963975220,0113884816249963975220,MA640113884816249963975220,MA640113884816249963975220,DAT,MAD,2009-02-16,ACTIF,70633.23,1935,1935,10,10,46,46,2424.0,2424.0,2009-02-16,70633.23,Actif
2426,1880495072718389,0115421880495072718389,0115421880495072718389,MA640115421880495072718389,MA640115421880495072718389,COURANT,MAD,2017-10-22,ACTIF,5701976.2,1936,1936,10,10,47,47,,,2020-02-09,5796376.07,Inactif
2427,3919638668241151,0115683919638668241151,0115683919638668241151,MA640115683919638668241151,MA640115683919638668241151,DAT,MAD,2018-08-27,ACTIF,2381671.53,1936,1936,10,10,47,47,2426.0,2426.0,2018-08-27,2381671.53,Actif
2428,7929384921460088,0111957929384921460088,0111957929384921460088,MA640111957929384921460088,MA640111957929384921460088,COURANT,MAD,2012-08-15,ACTIF,298003.06,1937,1937,10,10,46,46,,,2016-11-18,310612.31,Inactif
2429,3703448679806370,0117033703448679806370,0117033703448679806370,MA640117033703448679806370,MA640117033703448679806370,DAT,MAD,2012-11-30,ACTIF,120073.82,1937,1937,10,10,46,46,2428.0,2428.0,2012-11-30,120073.82,Actif
2430,1044093696193073,0113341044093696193073,0113341044093696193073,MA640113341044093696193073,MA640113341044093696193073,COURANT,MAD,2006-07-31,ACTIF,4988886.21,1938,1938,10,10,47,47,,,2018-05-06,5059718.71,Inactif
2431,9784980720859238,0112149784980720859238,0112149784980720859238,MA640112149784980720859238,MA640112149784980720859238,DAT,MAD,2007-06-16,ACTIF,2480931.23,1938,1938,10,10,47,47,2430.0,2430.0,2007-06-16,2480931.23,Actif
2432,3481975174059068,0116943481975174059068,0116943481975174059068,MA640116943481975174059068,MA640116943481975174059068,COURANT,MAD,2010-03-25,INACTIF,203911.31,1939,1939,10,10,46,46,,,2014-08-29,206250.71,Inactif
2433,7376196997104002,0118457376196997104002,0118457376196997104002,MA640118457376196997104002,MA640118457376196997104002,COURANT,MAD,2019-10-19,ACTIF,216936.44,1940,1940,10,10,47,47,,,2020-07-14,224925.77,Inactif
2434,8494668023860004,0119298494668023860004,0119298494668023860004,MA640119298494668023860004,MA640119298494668023860004,DAT,MAD,2020-07-24,ACTIF,62780.19,1940,1940,10,10,47,47,2433.0,2433.0,2020-07-24,62780.19,Actif
2435,9847125887797891,0113129847125887797891,0113129847125887797891,MA640113129847125887797891,MA640113129847125887797891,COURANT,MAD,2009-03-16,ACTIF,5626831.03,1941,1941,10,10,46,46,,,2013-05-12,5622868.87,Inactif
2436,6335493675321395,0113046335493675321395,0113046335493675321395,MA640113046335493675321395,MA640113046335493675321395,COURANT,MAD,2005-07-05,ACTIF,2565796.43,1942,1942,10,10,47,47,,,2006-12-06,2491631.14,Inactif
2437,7356026379941392,0118437356026379941392,0118437356026379941392,MA640118437356026379941392,MA640118437356026379941392,COURANT,MAD,2010-11-13,ACTIF,2519075.23,1943,1943,10,10,46,46,,,2021-01-26,2577580.72,Inactif
2438,3145660765517458,0115833145660765517458,0115833145660765517458,MA640115833145660765517458,MA640115833145660765517458,COURANT,MAD,2021-02-03,ACTIF,4981857.7,1944,1944,10,10,47,47,,,2024-12-19,4999391.72,Actif
2439,8887441121821384,0113548887441121821384,0113548887441121821384,MA640113548887441121821384,MA640113548887441121821384,COURANT,MAD,2008-04-21,ACTIF,3575179.64,1945,1945,10,10,46,46,,,2017-08-31,3410639.59,Inactif
2440,9981850242661464,0116229981850242661464,0116229981850242661464,MA640116229981850242661464,MA640116229981850242661464,DAT,MAD,2009-02-16,ACTIF,1779285.07,1945,1945,10,10,46,46,2439.0,2439.0,2009-02-16,1779285.07,Actif
2441,8248385454148958,0117638248385454148958,0117638248385454148958,MA640117638248385454148958,MA640117638248385454148958,COURANT,MAD,2011-07-23,ACTIF,224893.63,1946,1946,10,10,47,47,,,2024-04-12,219716.77,Inactif
2442,3467410370134699,0119113467410370134699,0119113467410370134699,MA640119113467410370134699,MA640119113467410370134699,COURANT,MAD,2006-04-20,ACTIF,33642.32,1947,1947,10,10,46,46,,,2020-10-17,34683.14,Inactif
2443,4289493666605517,0114244289493666605517,0114244289493666605517,MA640114244289493666605517,MA640114244289493666605517,COURANT,MAD,2008-04-03,ACTIF,4314417.22,1948,1948,10,10,47,47,,,2021-06-27,4527205.26,Inactif
2444,3246714494871146,0115493246714494871146,0115493246714494871146,MA640115493246714494871146,MA640115493246714494871146,COURANT,MAD,2010-06-19,ACTIF,9469577.83,1949,1949,10,10,46,46,,,2017-03-15,9195858.18,Inactif
2445,3137967441030995,0117883137967441030995,0117883137967441030995,MA640117883137967441030995,MA640117883137967441030995,COURANT,MAD,2006-03-23,ACTIF,5911058.95,1950,1950,10,10,47,47,,,2007-05-22,6169263.67,Inactif
2446,1865944087309897,0111301865944087309897,0111301865944087309897,MA640111301865944087309897,MA640111301865944087309897,DAT,MAD,2007-01-29,ACTIF,2701087.78,1950,1950,10,10,47,47,2445.0,2445.0,2007-01-29,2701087.78,Actif
2447,2039651630188465,0113832039651630188465,0113832039651630188465,MA640113832039651630188465,MA640113832039651630188465,COURANT,MAD,2011-01-22,ACTIF,2866440.18,1951,1951,10,10,46,46,,,2023-08-25,2948983.71,Inactif
2448,1498596585409053,0112621498596585409053,0112621498596585409053,MA640112621498596585409053,MA640112621498596585409053,COURANT,MAD,2014-07-23,ACTIF,2405900.59,1952,1952,10,10,47,47,,,2016-10-25,2343566.66,Inactif
2449,5128142877617669,0115575128142877617669,0115575128142877617669,MA640115575128142877617669,MA640115575128142877617669,DAT,MAD,2015-05-29,ACTIF,613153.9,1952,1952,10,10,47,47,2448.0,2448.0,2015-05-29,613153.9,Actif
2450,8464639767140312,0117628464639767140312,0117628464639767140312,MA640117628464639767140312,MA640117628464639767140312,COURANT,MAD,2011-07-08,ACTIF,2567814.84,1953,1953,10,10,46,46,,,2013-02-02,2623468.53,Inactif
2451,7068012671631699,0119167068012671631699,0119167068012671631699,MA640119167068012671631699,MA640119167068012671631699,DAT,MAD,2011-10-12,ACTIF,796476.82,1953,1953,10,10,46,46,2450.0,2450.0,2011-10-12,796476.82,Actif
2452,9203664897263013,0112929203664897263013,0112929203664897263013,MA640112929203664897263013,MA640112929203664897263013,COURANT,MAD,2009-03-12,ACTIF,331071.03,1954,1954,10,10,47,47,,,2024-08-04,346695.28,Faiblement actif
2453,4223625564712388,0118224223625564712388,0118224223625564712388,MA640118224223625564712388,MA640118224223625564712388,DAT,MAD,2009-05-14,ACTIF,153515.6,1954,1954,10,10,47,47,2452.0,2452.0,2009-05-14,153515.6,Actif
2454,5828264873688685,0115365828264873688685,0115365828264873688685,MA640115365828264873688685,MA640115365828264873688685,COURANT,MAD,2013-02-24,ACTIF,56175845.71,1955,1955,10,10,46,46,,,2019-09-11,58028600.96,Inactif
2455,6431336242706628,0115256431336242706628,0115256431336242706628,MA640115256431336242706628,MA640115256431336242706628,COURANT,MAD,2005-03-20,ACTIF,5532924.25,1956,1956,10,10,47,47,,,2020-05-13,5383098.1,Inactif
2456,7807542046555375,0119817807542046555375,0119817807542046555375,MA640119817807542046555375,MA640119817807542046555375,COURANT,MAD,2012-06-03,ACTIF,417232.04,1957,1957,10,10,46,46,,,2020-05-08,426530.38,Inactif
2457,8554558628534946,0114708554558628534946,0114708554558628534946,MA640114708554558628534946,MA640114708554558628534946,COURANT,MAD,2013-02-05,ACTIF,243421.64,1958,1958,10,10,47,47,,,2019-04-20,240606.43,Inactif
2458,7886168135749854,0119237886168135749854,0119237886168135749854,MA640119237886168135749854,MA640119237886168135749854,COURANT,MAD,2009-06-17,ACTIF,209929.26,1959,1959,10,10,46,46,,,2019-04-28,218168.88,Inactif
2459,1503740447855818,0114861503740447855818,0114861503740447855818,MA640114861503740447855818,MA640114861503740447855818,COURANT,MAD,2011-07-11,ACTIF,4284148.01,1960,1960,10,10,47,47,,,2014-06-14,4348920.81,Inactif
2460,6233657476643379,0114596233657476643379,0114596233657476643379,MA640114596233657476643379,MA640114596233657476643379,DAT,MAD,2011-11-11,ACTIF,1415004.69,1960,1960,10,10,47,47,2459.0,2459.0,2011-11-11,1415004.69,Actif
2461,3322747892926267,0116293322747892926267,0116293322747892926267,MA640116293322747892926267,MA640116293322747892926267,COURANT,MAD,2018-11-16,ACTIF,5134307.97,1961,1961,10,10,46,46,,,2022-08-10,5064710.35,Inactif
2462,6341376324552766,0111736341376324552766,0111736341376324552766,MA640111736341376324552766,MA640111736341376324552766,DAT,MAD,2019-09-21,ACTIF,1305966.04,1961,1961,10,10,46,46,2461.0,2461.0,2019-09-21,1305966.04,Actif
2463,6516815937960648,0118386516815937960648,0118386516815937960648,MA640118386516815937960648,MA640118386516815937960648,COURANT,MAD,2011-11-05,ACTIF,7260515.64,1962,1962,10,10,47,47,,,2015-06-22,7044136.62,Inactif
2464,1415397850804903,0118431415397850804903,0118431415397850804903,MA640118431415397850804903,MA640118431415397850804903,COURANT,MAD,2010-10-20,ACTIF,8356948.2,1963,1963,10,10,46,46,,,2015-08-07,8484908.75,Inactif
2465,1128944778787591,0116621128944778787591,0116621128944778787591,MA640116621128944778787591,MA640116621128944778787591,COURANT,MAD,2009-01-12,INACTIF,82598.2,1964,1964,10,10,47,47,,,2017-06-13,85092.04,Inactif
2466,9250615489669913,0112049250615489669913,0112049250615489669913,MA640112049250615489669913,MA640112049250615489669913,COURANT,MAD,2017-11-01,ACTIF,250279.01,1965,1965,10,10,46,46,,,2023-01-08,258648.17,Inactif
2467,9383849837732716,0113119383849837732716,0113119383849837732716,MA640113119383849837732716,MA640113119383849837732716,COURANT,MAD,2021-10-28,ACTIF,250533.49,1966,1966,10,10,47,47,,,2022-04-09,248875.72,Inactif
2468,8892712249048137,0114758892712249048137,0114758892712249048137,MA640114758892712249048137,MA640114758892712249048137,COURANT,MAD,2008-09-07,ACTIF,419558.35,1967,1967,10,10,46,46,,,2012-10-03,433493.45,Inactif
2469,5897440952861515,0114735897440952861515,0114735897440952861515,MA640114735897440952861515,MA640114735897440952861515,COURANT,MAD,2019-04-23,ACTIF,444238.7,1968,1968,10,10,47,47,,,2024-08-18,441745.93,Faiblement actif
2470,1144357199430097,0111721144357199430097,0111721144357199430097,MA640111721144357199430097,MA640111721144357199430097,COURANT,MAD,2018-12-21,ACTIF,3842463.77,1969,1969,10,10,46,46,,,2024-07-11,3940635.11,Faiblement actif
2471,5528290552217608,0111605528290552217608,0111605528290552217608,MA640111605528290552217608,MA640111605528290552217608,COURANT,MAD,2007-02-06,ACTIF,7569315.9,1970,1970,10,10,47,47,,,2017-11-02,7306093.4,Inactif
2472,8680533264321491,0111528680533264321491,0111528680533264321491,MA640111528680533264321491,MA640111528680533264321491,COURANT,MAD,2015-01-24,ACTIF,7654840.16,1971,1971,10,10,46,46,,,2015-02-20,7826368.4,Inactif
2473,1897092698582540,0119991897092698582540,0119991897092698582540,MA640119991897092698582540,MA640119991897092698582540,COURANT,MAD,2011-06-05,ACTIF,464413.44,1972,1972,10,10,47,47,,,2019-02-11,474765.84,Inactif
2474,6026792960546962,0113986026792960546962,0113986026792960546962,MA640113986026792960546962,MA640113986026792960546962,COURANT,MAD,2018-08-06,ACTIF,28411923.81,1973,1973,10,10,46,46,,,2023-10-15,27559904.98,Inactif
2475,3857793140889293,0114003857793140889293,0114003857793140889293,MA640114003857793140889293,MA640114003857793140889293,DAT,MAD,2018-10-18,ACTIF,10056246.9,1973,1973,10,10,46,46,2474.0,2474.0,2018-10-18,10056246.9,Actif
2476,9318830470605998,0114969318830470605998,0114969318830470605998,MA640114969318830470605998,MA640114969318830470605998,COURANT,MAD,2010-07-22,INACTIF,380777.87,1974,1974,10,10,47,47,,,2017-11-30,396524.96,Inactif
2477,8470483235573558,0114938470483235573558,0114938470483235573558,MA640114938470483235573558,MA640114938470483235573558,COURANT,MAD,2017-05-17,ACTIF,3683195.51,1975,1975,10,10,46,46,,,2020-05-20,3626376.52,Inactif
2478,9450982551647174,0112619450982551647174,0112619450982551647174,MA640112619450982551647174,MA640112619450982551647174,COURANT,MAD,2017-04-28,INACTIF,241426.87,1976,1976,10,10,47,47,,,2024-02-21,244050.53,Inactif
2479,6062245116734912,0115096062245116734912,0115096062245116734912,MA640115096062245116734912,MA640115096062245116734912,DAT,MAD,2018-03-25,ACTIF,70407.68,1976,1976,10,10,47,47,2478.0,2478.0,2018-03-25,70407.68,Actif
2480,2547731578973617,0118432547731578973617,0118432547731578973617,MA640118432547731578973617,MA640118432547731578973617,COURANT,MAD,2007-11-19,ACTIF,5512675.85,1977,1977,10,10,46,46,,,2018-05-04,5261084.28,Inactif
2481,3993820751044643,0115293993820751044643,0115293993820751044643,MA640115293993820751044643,MA640115293993820751044643,COURANT,MAD,2020-01-13,ACTIF,333628.61,1978,1978,10,10,47,47,,,2022-12-26,325453.26,Inactif
2482,6239082026232261,0119216239082026232261,0119216239082026232261,MA640119216239082026232261,MA640119216239082026232261,DAT,MAD,2020-04-22,ACTIF,124724.88,1978,1978,10,10,47,47,2481.0,2481.0,2020-04-22,124724.88,Actif
2483,9220371517586415,0115609220371517586415,0115609220371517586415,MA640115609220371517586415,MA640115609220371517586415,COURANT,MAD,2013-08-13,ACTIF,454373.02,1979,1979,10,10,46,46,,,2017-04-23,460119.58,Inactif
2484,4908685449501114,0117624908685449501114,0117624908685449501114,MA640117624908685449501114,MA640117624908685449501114,COURANT,MAD,2006-08-27,ACTIF,305627.1,1980,1980,10,10,47,47,,,2011-06-26,306176.81,Inactif
2485,5342507554340018,0119705342507554340018,0119705342507554340018,MA640119705342507554340018,MA640119705342507554340018,COURANT,MAD,2017-08-26,ACTIF,85846.13,1981,1981,10,10,46,46,,,2022-07-31,86050.24,Inactif
2486,6199079684761345,0115106199079684761345,0115106199079684761345,MA640115106199079684761345,MA640115106199079684761345,COURANT,MAD,2016-10-19,ACTIF,9204984.39,1982,1982,10,10,47,47,,,2022-03-29,9640110.2,Inactif
2487,8071676536586421,0119848071676536586421,0119848071676536586421,MA640119848071676536586421,MA640119848071676536586421,COURANT,MAD,2013-02-08,ACTIF,26516751.43,1983,1983,10,10,46,46,,,2023-01-08,25797123.95,Inactif
2488,1706067048227663,0112111706067048227663,0112111706067048227663,MA640112111706067048227663,MA640112111706067048227663,DAT,MAD,2013-09-15,ACTIF,12260662.12,1983,1983,10,10,46,46,2487.0,2487.0,2013-09-15,12260662.12,Actif
2489,6095516575311817,0115946095516575311817,0115946095516575311817,MA640115946095516575311817,MA640115946095516575311817,COURANT,MAD,2007-06-03,ACTIF,54026.58,1984,1984,10,10,47,47,,,2021-01-06,53961.11,Inactif
2490,4641458390728890,0112354641458390728890,0112354641458390728890,MA640112354641458390728890,MA640112354641458390728890,COURANT,MAD,2006-12-23,ACTIF,217835.83,1985,1985,10,10,46,46,,,2015-07-26,220879.2,Inactif
2491,7330415552091721,0115317330415552091721,0115317330415552091721,MA640115317330415552091721,MA640115317330415552091721,DAT,MAD,2007-11-19,ACTIF,130298.23,1985,1985,10,10,46,46,2490.0,2490.0,2007-11-19,130298.23,Actif
2492,2774102014041006,0119282774102014041006,0119282774102014041006,MA640119282774102014041006,MA640119282774102014041006,COURANT,MAD,2012-09-29,ACTIF,3351515.15,1986,1986,10,10,47,47,,,2019-08-08,3210484.05,Inactif
2493,4728975850015518,0118044728975850015518,0118044728975850015518,MA640118044728975850015518,MA640118044728975850015518,COURANT,MAD,2005-01-28,ACTIF,461677.87,1987,1987,10,10,46,46,,,2009-08-21,476814.91,Inactif
2494,8669521347423960,0115138669521347423960,0115138669521347423960,MA640115138669521347423960,MA640115138669521347423960,COURANT,MAD,2021-11-02,ACTIF,73432.38,1988,1988,10,10,47,47,,,2022-07-07,73087.09,Inactif
2495,7794211291112472,0115367794211291112472,0115367794211291112472,MA640115367794211291112472,MA640115367794211291112472,COURANT,MAD,2013-07-30,ACTIF,49203533.35,1989,1989,10,10,46,46,,,2022-05-05,48696095.97,Inactif
2496,2056560649865086,0116782056560649865086,0116782056560649865086,MA640116782056560649865086,MA640116782056560649865086,COURANT,MAD,2019-12-26,ACTIF,384175.03,1990,1990,10,10,47,47,,,2020-09-01,374155.05,Inactif
2497,4829262591860033,0117384829262591860033,0117384829262591860033,MA640117384829262591860033,MA640117384829262591860033,COURANT,MAD,2015-11-16,ACTIF,5882446.99,1991,1991,10,10,46,46,,,2016-06-19,5634974.62,Inactif
2498,7076457328482754,0111547076457328482754,0111547076457328482754,MA640111547076457328482754,MA640111547076457328482754,COURANT,MAD,2020-07-24,ACTIF,2678079.2,1992,1992,10,10,47,47,,,2022-08-04,2745245.82,Inactif
2499,9074128454834875,0111629074128454834875,0111629074128454834875,MA640111629074128454834875,MA640111629074128454834875,COURANT,MAD,2007-04-05,ACTIF,1590559.37,1993,1993,10,10,46,46,,,2012-12-02,1550775.85,Inactif
2500,5262832622128884,0115675262832622128884,0115675262832622128884,MA640115675262832622128884,MA640115675262832622128884,COURANT,MAD,2015-03-10,ACTIF,277055.59,1994,1994,10,10,47,47,,,2024-12-19,272085.23,Actif
2501,1097859842109407,0119161097859842109407,0119161097859842109407,MA640119161097859842109407,MA640119161097859842109407,COURANT,MAD,2012-09-28,INACTIF,307420.76,1995,1995,10,10,46,46,,,2022-10-22,299629.75,Inactif
2502,9178037125455115,0117129178037125455115,0117129178037125455115,MA640117129178037125455115,MA640117129178037125455115,COURANT,MAD,2011-06-19,ACTIF,311934.64,1996,1996,10,10,47,47,,,2011-11-18,304815.52,Inactif
2503,7446595071612775,0116067446595071612775,0116067446595071612775,MA640116067446595071612775,MA640116067446595071612775,DAT,MAD,2012-04-17,ACTIF,158676.23,1996,1996,10,10,47,47,2502.0,2502.0,2012-04-17,158676.23,Actif
2504,2426894935687866,0111302426894935687866,0111302426894935687866,MA640111302426894935687866,MA640111302426894935687866,COURANT,MAD,2021-09-23,ACTIF,20700.44,1997,1997,10,10,46,46,,,2024-12-15,20494.84,Actif
2505,3326565853259586,0117423326565853259586,0117423326565853259586,MA640117423326565853259586,MA640117423326565853259586,COURANT,MAD,2007-04-06,ACTIF,313921.96,1998,1998,10,10,47,47,,,2016-02-03,307346.72,Inactif
2506,5086676362937301,0118085086676362937301,0118085086676362937301,MA640118085086676362937301,MA640118085086676362937301,COURANT,MAD,2008-10-23,INACTIF,6158381.81,1999,1999,10,10,46,46,,,2014-04-20,6354764.29,Inactif
2507,6900764280802516,0115166900764280802516,0115166900764280802516,MA640115166900764280802516,MA640115166900764280802516,COURANT,MAD,2011-05-18,INACTIF,265429.99,2000,2000,10,10,47,47,,,2020-08-06,268788.2,Inactif
2508,8539127862657439,0118838539127862657439,0118838539127862657439,MA640118838539127862657439,MA640118838539127862657439,DAT,MAD,2011-10-10,ACTIF,124534.87,2000,2000,10,10,47,47,2507.0,2507.0,2011-10-10,124534.87,Actif
