id_entreprise,ice,raison_sociale,forme_juridique,secteur_activite,segment,chiffre_affaires,nombre_employes,date_creation,ville,adresse,telephone,email,statut,id_agence,id_conseiller
1,373506211000015,Zilis Import-Export SNC,SARL,Commerce,PME,98437304.42,19,2021-02-13,Casablanca,"Zone Industrielle, N° 107, Route de Saint Nicole-la-Forêt, Casablanca, Maroc",0522704596,contact@zilisimportexport.ma,Actif,1,10
2,233815413000048,Taza Bâtiment SA,SNC,BTP,PME,5160671.43,147,2015-10-11,Casablanca,"Zone Industrielle, N° 444, Route de Hubert, Casablanca, Maroc",0522795612,contact@tazabatiment.ma,Actif,1,11
3,711072118000048,Société Maghreb de Logistique SARL AU,SARL,Services,TPE,3367775.23,6,2017-11-24,Casablanca,"Zone Industrielle, N° 325, Route de Gallet, Casablanca, Maroc",0522282480,contact@societemaghrebdelogistique.ma,Actif,1,10
4,608079792000031,Société Bahia de Holding SNC,SARL,Services,TPE,4185253.33,5,2019-08-22,Casablanca,"Zone Industrielle, N° 271, Route de Saint Jeannenec, Casablanca, Maroc",0522324082,contact@societebahiadeholding.ma,Actif,1,11
5,610173760000088,Afric Aménagement SARL AU,SARL,BTP,PME,31959708.47,179,2011-03-01,Casablanca,"Zone Industrielle, N° 135, Route de Saint Éric, Casablanca, Maroc",0522148458,contact@africamenagement.ma,Actif,1,10
6,906341966000023,Société Zilis de Entreprise SA,SARL,Tourisme,PME,11918681.77,116,2012-03-21,Casablanca,"Zone Industrielle, N° 12, Route de Rey, Casablanca, Maroc",0522821024,contact@societezilisdeentreprise.ma,Actif,1,11
7,440696084000066,Société Chaouia de Industrie SARL,SARL,Industrie,PME,25789908.0,188,2019-11-17,Casablanca,"Zone Industrielle, N° 314, Route de MarionVille, Casablanca, Maroc",0522686075,contact@societechaouiadeindustrie.ma,Actif,1,10
8,659741412000072,Société Marocaine de Security SNC,SARL,Services,PME,73331026.32,139,2012-11-09,Casablanca,"Zone Industrielle, N° 408, Route de Philippenec, Casablanca, Maroc",0522903013,contact@societemarocainedesecurity.ma,Actif,1,11
9,845122940000029,Saiss Construction SA,SNC,BTP,PME,31086757.46,29,2007-03-05,Casablanca,"Zone Industrielle, N° 206, Route de Pons, Casablanca, Maroc",0522342495,contact@saissconstruction.ma,Actif,1,10
10,922050912000083,Atlas Logistique SNC,SA,Services,PME,11101740.82,114,2017-10-23,Casablanca,"Zone Industrielle, N° 448, Route de Lopes-sur-Robert, Casablanca, Maroc",0522120480,contact@atlaslogistique.ma,Actif,1,11
11,621454127000013,Riad Holding SNC,SA,Services,TPE,128890.81,6,2012-08-08,Casablanca,"Zone Industrielle, N° 233, Route de Rocher, Casablanca, Maroc",0522386193,contact@riadholding.ma,Actif,1,10
12,190137896000092,Union Agrumes SNC,SARL,Agriculture,TPE,3377480.74,7,2017-10-19,Casablanca,"Zone Industrielle, N° 23, Route de Leblanc-la-Forêt, Casablanca, Maroc",0522795205,contact@unionagrumes.ma,Actif,1,11
13,370874491000020,Chaouia Négoce SNC,SARL,Commerce,TPE,4347571.64,3,2017-05-25,Casablanca,"Zone Industrielle, N° 225, Route de Fabre, Casablanca, Maroc",0522972335,contact@chaouianegoce.ma,Actif,1,10
14,263619298000040,Somibat Entreprise SARL AU,SA,Éducation,TPE,3770218.88,1,2012-04-27,Casablanca,"Zone Industrielle, N° 328, Route de Henry, Casablanca, Maroc",0522121369,contact@somibatentreprise.ma,Actif,1,11
15,127571992000049,Maghreb Textile SARL AU,SARL,Industrie,TPE,3380348.34,4,2008-03-10,Casablanca,"Zone Industrielle, N° 306, Route de Sainte Étienneboeuf, Casablanca, Maroc",0522213349,contact@maghrebtextile.ma,Actif,1,10
16,834717549000086,Union Holding SA,SA,Services,PME,91262484.35,106,2012-02-23,Casablanca,"Zone Industrielle, N° 164, Route de Texier, Casablanca, Maroc",0522910004,contact@unionholding.ma,Actif,1,11
17,551034639000072,Société Taza de Export Agri SARL AU,SARL,Agriculture,PME,80641585.58,154,2021-11-11,Casablanca,"Zone Industrielle, N° 444, Route de Bertrand, Casablanca, Maroc",0522113266,contact@societetazadeexportagri.ma,Actif,1,10
18,736164778000044,Compagnie du Aménagement SNC,SARL,BTP,TPE,4807859.08,8,2020-08-14,Casablanca,"Zone Industrielle, N° 384, Route de RegnierBourg, Casablanca, Maroc",0522965845,contact@compagnieduamenagement.ma,Actif,1,11
19,448981305000033,Société Marocaine de Nettoyage SNC,SARL,Services,TPE,1302926.33,2,2017-06-01,Casablanca,"Zone Industrielle, N° 445, Route de Chevalier-la-Forêt, Casablanca, Maroc",0522618317,contact@societemarocainedenettoyage.ma,Actif,1,10
20,696115913000040,Société Atlas de Nettoyage SARL AU,SNC,Services,TPE,1838642.33,5,2007-04-24,Casablanca,"Zone Industrielle, N° 260, Route de Étienne-sur-Verdier, Casablanca, Maroc",0522526170,contact@societeatlasdenettoyage.ma,Actif,1,11
21,608159580000080,Euro Logistique SARL,SARL,Services,PME,66360775.48,135,2012-05-22,Casablanca,"Zone Industrielle, N° 198, Route de Fischer, Casablanca, Maroc",0522709805,contact@eurologistique.ma,Actif,1,10
22,918394863000098,Sous Conseil SNC,SARL,Services,TPE,2184968.68,9,2011-06-04,Casablanca,"Zone Industrielle, N° 284, Route de Saint Margaud-sur-Mer, Casablanca, Maroc",0522878967,contact@sousconseil.ma,Actif,1,11
23,235917419000045,Afric Conseil SARL AU,SARL,Services,TPE,1160284.74,8,2010-05-01,Casablanca,"Zone Industrielle, N° 283, Route de Chevalier, Casablanca, Maroc",0522842411,contact@africconseil.ma,Actif,1,10
24,572949775000053,Société Bouregreg de Génie Civil SA,SARL,BTP,TPE,367177.5,5,2005-10-10,Casablanca,"Zone Industrielle, N° 255, Route de Roussel, Casablanca, Maroc",0522592198,contact@societebouregregdegeniecivil.ma,Actif,1,11
25,426240903000020,Med Distribution SARL,SARL,Commerce,TPE,351745.91,8,2006-03-05,Casablanca,"Zone Industrielle, N° 298, Route de Lopesdan, Casablanca, Maroc",0522950544,contact@meddistribution.ma,Actif,1,10
26,766823010000017,Société Taza de Génie Civil SA,SNC,BTP,Grande Entreprise,147380624.88,1904,2014-10-14,Casablanca,"Zone Industrielle, N° 301, Route de Goncalves, Casablanca, Maroc",0522420214,contact@societetazadegeniecivil.ma,Actif,1,11
27,840206617000086,Société Maroc de Travaux SARL AU,SARL,BTP,PME,75308484.02,63,2007-03-01,Casablanca,"Zone Industrielle, N° 240, Route de Monnier, Casablanca, Maroc",0522528361,contact@societemarocdetravaux.ma,Actif,1,10
28,795392488000029,Afric Construction SNC,SA,BTP,TPE,259935.29,5,2011-07-04,Casablanca,"Zone Industrielle, N° 125, Route de Leconte, Casablanca, Maroc",0522671015,contact@africconstruction.ma,Actif,1,11
29,851333320000061,Société Zilis de Market SARL AU,SNC,Commerce,Grande Entreprise,430652463.86,492,2019-02-15,Casablanca,"Zone Industrielle, N° 165, Route de Boutin, Casablanca, Maroc",0522822131,contact@societezilisdemarket.ma,Actif,1,10
30,717615339000085,Zilis Conseil SARL,SARL,Services,Grande Entreprise,300188870.85,2222,2005-02-08,Casablanca,"Zone Industrielle, N° 438, Route de Saint Élisabeth-sur-Mer, Casablanca, Maroc",0522807053,contact@zilisconseil.ma,Actif,1,11
31,627986559000021,Société Marocaine de Entreprise SARL,SNC,Transport,Grande Entreprise,499828966.75,2953,2010-10-14,Casablanca,"Zone Industrielle, N° 426, Route de Pinto, Casablanca, Maroc",0522765620,contact@societemarocainedeentreprise.ma,Actif,1,10
32,437710224000042,Taza Aménagement SA,SARL,BTP,TPE,2100905.66,6,2017-09-02,Casablanca,"Zone Industrielle, N° 55, Route de Dupuy-sur-Mer, Casablanca, Maroc",0522576919,contact@tazaamenagement.ma,Actif,1,11
33,635252889000090,Société Riad de Entreprise SARL,SARL,Transport,TPE,4853905.16,7,2011-09-12,Casablanca,"Zone Industrielle, N° 397, Route de Lecoq, Casablanca, Maroc",0522752878,contact@societeriaddeentreprise.ma,Actif,1,10
34,114682844000080,Zilis Métal SARL AU,SARL,Industrie,TPE,352897.7,5,2012-12-06,Casablanca,"Zone Industrielle, N° 292, Route de Saint Valentine, Casablanca, Maroc",0522425845,contact@zilismetal.ma,Actif,1,11
35,996278008000071,Société Maghreb de Métal SARL,SNC,Industrie,TPE,1201033.23,2,2014-09-23,Casablanca,"Zone Industrielle, N° 222, Route de Sainte Andrée, Casablanca, Maroc",0522386706,contact@societemaghrebdemetal.ma,Actif,1,10
36,545541033000053,Société Riad de Wholesale SA,SNC,Commerce,Grande Entreprise,197492362.43,2457,2007-05-25,Casablanca,"Zone Industrielle, N° 447, Route de François, Casablanca, Maroc",0522928381,contact@societeriaddewholesale.ma,Actif,1,11
37,456954682000080,Société Bahia de Holding SARL AU,SARL,Services,Grande Entreprise,303095070.32,210,2009-08-18,Casablanca,"Zone Industrielle, N° 186, Route de Duhamel, Casablanca, Maroc",0522607868,contact@societebahiadeholding1.ma,Actif,1,10
38,857232668000058,Société Taza de Entreprise SA,SNC,Transport,PME,40834955.15,92,2018-01-11,Casablanca,"Zone Industrielle, N° 252, Route de Lecomte, Casablanca, Maroc",0522880879,contact@societetazadeentreprise.ma,Actif,1,11
39,590622789000011,Compagnie du Textile SARL,SARL,Industrie,TPE,3352075.26,3,2008-08-04,Casablanca,"Zone Industrielle, N° 476, Route de Delaunaydan, Casablanca, Maroc",0522651499,contact@compagniedutextile.ma,Actif,1,10
40,824085842000078,Bouregreg Entreprise SARL,SARL,Santé,PME,43947968.88,177,2017-11-03,Casablanca,"Zone Industrielle, N° 178, Route de Aubry, Casablanca, Maroc",0522993140,contact@bouregregentreprise.ma,Actif,1,11
41,205702499000091,Société Maroc de Entreprise SARL,SARL,Tourisme,TPE,1651639.65,8,2014-04-24,Casablanca,"Zone Industrielle, N° 232, Route de Hoarau, Casablanca, Maroc",0522194769,contact@societemarocdeentreprise.ma,Actif,1,10
42,542437192000082,Inter Bâtiment SARL,SARL,BTP,PME,14548187.83,52,2016-07-05,Casablanca,"Zone Industrielle, N° 281, Route de Tanguy-la-Forêt, Casablanca, Maroc",0522356059,contact@interbatiment.ma,Actif,1,11
43,593460064000042,Société Koutoubia de Trading SNC,SARL,Commerce,PME,22105404.18,54,2009-04-15,Casablanca,"Zone Industrielle, N° 140, Route de Gilbert-sur-Guillon, Casablanca, Maroc",0522768891,contact@societekoutoubiadetrading.ma,Actif,1,10
44,590523712000048,Société Marocaine de Entreprise SA,EURL,Tourisme,PME,90396310.51,129,2014-11-14,Casablanca,"Zone Industrielle, N° 138, Route de Étienne-sur-Mer, Casablanca, Maroc",0522823846,contact@societemarocainedeentreprise1.ma,Actif,1,11
45,394721069000011,Société Saiss de Market SNC,SARL,Commerce,TPE,1984996.92,8,2014-01-27,Casablanca,"Zone Industrielle, N° 212, Route de Grégoire, Casablanca, Maroc",0522790203,contact@societesaissdemarket.ma,Actif,1,10
46,369108475000096,Bouregreg Entreprise SNC,SARL,Tourisme,PME,70150951.81,22,2016-04-21,Casablanca,"Zone Industrielle, N° 327, Route de RobinVille, Casablanca, Maroc",0522299367,contact@bouregregentreprise1.ma,Actif,1,11
47,241102355000021,Société Koutoubia de Entreprise SARL,SARL,Transport,PME,77909723.58,184,2019-01-19,Casablanca,"Zone Industrielle, N° 384, Route de Saint Lorraine-les-Bains, Casablanca, Maroc",0522482584,contact@societekoutoubiadeentreprise.ma,Actif,1,10
48,617380166000047,Société Saiss de Market SA,SARL,Commerce,Grande Entreprise,230687650.29,1901,2013-03-09,Casablanca,"Zone Industrielle, N° 493, Route de GodardBourg, Casablanca, Maroc",0522964749,contact@societesaissdemarket1.ma,Actif,1,11
49,523671208000011,Afric Câblage SARL,SA,Industrie,PME,37177949.11,39,2017-09-12,Casablanca,"Zone Industrielle, N° 414, Route de Weberdan, Casablanca, Maroc",0522194689,contact@africcablage.ma,Actif,1,10
50,765233376000081,Société Taza de Aménagement SARL AU,SNC,BTP,TPE,705584.81,6,2008-11-08,Casablanca,"Zone Industrielle, N° 22, Route de DeschampsVille, Casablanca, Maroc",0522594379,contact@societetazadeamenagement.ma,Actif,1,11
51,224683417000022,Société Sous de Aménagement SNC,SARL,BTP,TPE,3089402.76,2,2009-01-02,Casablanca,"Zone Industrielle, N° 262, Route de Sainte Paulineboeuf, Casablanca, Maroc",0522419149,contact@societesousdeamenagement.ma,Actif,1,10
52,761051532000062,Société Zilis de Câblage SNC,SARL,Industrie,TPE,2733978.37,7,2018-11-04,Casablanca,"Zone Industrielle, N° 260, Route de Sainte Bernadette-les-Bains, Casablanca, Maroc",0522974190,contact@societezilisdecablage.ma,Actif,1,11
53,527499187000045,Inter Distribution SNC,EURL,Commerce,Grande Entreprise,211896056.03,1717,2016-09-21,Casablanca,"Zone Industrielle, N° 41, Route de Bernard-la-Forêt, Casablanca, Maroc",0522476096,contact@interdistribution.ma,Actif,1,10
54,706210987000036,Société Koutoubia de Market SA,EURL,Commerce,TPE,698582.62,8,2006-06-08,Casablanca,"Zone Industrielle, N° 412, Route de Ledoux-les-Bains, Casablanca, Maroc",0522232040,contact@societekoutoubiademarket.ma,Actif,1,11
55,680051935000042,Bouregreg Manufacture SA,SA,Industrie,TPE,3849271.14,4,2005-05-28,Casablanca,"Zone Industrielle, N° 76, Route de Gautier-la-Forêt, Casablanca, Maroc",0522251716,contact@bouregregmanufacture.ma,Actif,1,10
56,664880035000024,Union Import-Export SARL AU,SARL,Commerce,PME,15443003.05,16,2013-01-05,Casablanca,"Zone Industrielle, N° 225, Route de Raynaud-sur-Mer, Casablanca, Maroc",0522877747,contact@unionimportexport.ma,Actif,1,11
57,423873102000068,Riad Manufacture SARL,SNC,Industrie,PME,50243366.72,102,2006-12-26,Casablanca,"Zone Industrielle, N° 276, Route de Besson, Casablanca, Maroc",0522790909,contact@riadmanufacture.ma,Actif,1,10
58,259272239000018,Société Maroc de Entreprise SNC,SA,Transport,PME,7959310.75,132,2019-02-03,Casablanca,"Zone Industrielle, N° 321, Route de Gimenez, Casablanca, Maroc",0522437758,contact@societemarocdeentreprise1.ma,Actif,1,11
59,802992685000093,Société Riad de Construction SNC,SARL,BTP,TPE,3159155.72,9,2018-02-26,Casablanca,"Zone Industrielle, N° 68, Route de Martinboeuf, Casablanca, Maroc",0522835869,contact@societeriaddeconstruction.ma,Actif,1,10
60,373685835000057,Saiss Security SA,SARL,Services,PME,57376846.7,65,2008-06-14,Casablanca,"Zone Industrielle, N° 350, Route de MoreauBourg, Casablanca, Maroc",0522427704,contact@saisssecurity.ma,Actif,1,11
61,702998820000081,Global Distribution SARL,SA,Commerce,Grande Entreprise,374728414.19,2142,2016-03-18,Casablanca,"Zone Industrielle, N° 310, Route de Le Gall, Casablanca, Maroc",0522162894,contact@globaldistribution.ma,Actif,1,10
62,266140258000094,Société Atlas de Entreprise SNC,SARL,Tourisme,TPE,698933.3,6,2016-02-19,Casablanca,"Zone Industrielle, N° 118, Route de Boyer, Casablanca, Maroc",0522632060,contact@societeatlasdeentreprise.ma,Actif,1,11
63,387169808000013,Euro Entreprise SARL AU,SA,Transport,TPE,4251646.76,6,2005-10-22,Casablanca,"Zone Industrielle, N° 365, Route de Duhamel, Casablanca, Maroc",0522969752,contact@euroentreprise.ma,Actif,1,10
64,132917811000021,Soma Web SARL AU,SARL,Technologies,TPE,3543223.99,5,2017-02-05,Casablanca,"Zone Industrielle, N° 334, Route de Saint Nathdan, Casablanca, Maroc",0522876962,contact@somaweb.ma,Actif,1,11
65,763398699000016,Sous Câblage SA,SARL,Industrie,PME,25437623.6,117,2007-01-05,Casablanca,"Zone Industrielle, N° 396, Route de Saint Gilbertdan, Casablanca, Maroc",0522265056,contact@souscablage.ma,Actif,1,10
66,828230915000096,Sous Logistique SNC,SA,Services,PME,30849770.14,179,2008-06-14,Casablanca,"Zone Industrielle, N° 155, Route de Gaillard-la-Forêt, Casablanca, Maroc",0522216276,contact@souslogistique.ma,Actif,1,11
67,452318696000025,Société Atlas de Distribution SNC,SARL,Commerce,PME,55058740.18,88,2011-03-25,Casablanca,"Zone Industrielle, N° 158, Route de Seguinnec, Casablanca, Maroc",0522367931,contact@societeatlasdedistribution.ma,Actif,1,10
68,568387228000012,Société Riad de Wholesale 1 SA,SA,Commerce,TPE,3760369.2,3,2007-07-28,Casablanca,"Zone Industrielle, N° 31, Route de Gimenez, Casablanca, Maroc",0522878086,contact@societeriaddewholesale1.ma,Actif,1,11
69,763706947000068,Société Koutoubia de Métal SNC,SARL,Industrie,TPE,481526.8,6,2017-01-11,Casablanca,"Zone Industrielle, N° 420, Route de Delannoy, Casablanca, Maroc",0522280222,contact@societekoutoubiademetal.ma,Actif,1,10
70,464549612000038,Global Nettoyage SARL,SARL,Services,PME,92378126.42,32,2007-07-28,Casablanca,"Zone Industrielle, N° 391, Route de Alexandre, Casablanca, Maroc",0522425346,contact@globalnettoyage.ma,Actif,1,11
71,311818984000032,Saiss Aménagement SA,EURL,BTP,TPE,923850.27,9,2009-04-04,Casablanca,"Zone Industrielle, N° 141, Route de Navarro, Casablanca, Maroc",0522253557,contact@saissamenagement.ma,Actif,1,10
72,770575153000051,Bouregreg Market SNC,SA,Commerce,PME,77220453.08,177,2019-11-19,Casablanca,"Zone Industrielle, N° 335, Route de SauvageBourg, Casablanca, Maroc",0522774225,contact@bouregregmarket.ma,Actif,1,11
73,595792218000067,Koutoubia Conseil SNC,SA,Services,PME,64585653.66,48,2006-06-17,Casablanca,"Zone Industrielle, N° 168, Route de Jean, Casablanca, Maroc",0522177794,contact@koutoubiaconseil.ma,Actif,1,10
74,302120588000051,Société Bahia de Market SARL,SARL,Commerce,TPE,1906814.24,5,2006-08-26,Casablanca,"Zone Industrielle, N° 343, Route de Sainte Alphonse-sur-Mer, Casablanca, Maroc",0522699425,contact@societebahiademarket.ma,Actif,1,11
75,662714327000076,Société Maroc de Textile SARL AU,SARL,Industrie,PME,52629893.68,25,2006-04-23,Casablanca,"Zone Industrielle, N° 234, Route de Vasseur-sur-Robert, Casablanca, Maroc",0522559022,contact@societemarocdetextile.ma,Actif,1,10
76,828404274000059,Société Bahia de Services SARL AU,SA,Services,PME,39570306.17,82,2015-02-11,Casablanca,"Zone Industrielle, N° 295, Route de Saint MichelBourg, Casablanca, Maroc",0522199096,contact@societebahiadeservices.ma,Actif,1,11
77,190966348000049,Sous Holding SA,SA,Services,TPE,3646294.91,3,2017-03-20,Casablanca,"Zone Industrielle, N° 490, Route de Sainte David, Casablanca, Maroc",0522843266,contact@sousholding.ma,Actif,1,10
78,329987621000053,Société Koutoubia de Oléicole SARL,SARL,Agriculture,PME,66131860.02,94,2005-06-10,Casablanca,"Zone Industrielle, N° 496, Route de Gomez-la-Forêt, Casablanca, Maroc",0522289019,contact@societekoutoubiadeoleicole.ma,Actif,1,11
79,922816526000089,Euro Entreprise SA,SARL,Éducation,Grande Entreprise,294508368.35,1127,2021-01-22,Casablanca,"Zone Industrielle, N° 458, Route de Benoit-les-Bains, Casablanca, Maroc",0522453123,contact@euroentreprise1.ma,Actif,1,10
80,903734960000067,Société Med de Distribution SA,SARL,Commerce,TPE,1945927.37,3,2012-08-20,Casablanca,"Zone Industrielle, N° 395, Route de Verdier-sur-Reynaud, Casablanca, Maroc",0522398768,contact@societemeddedistribution.ma,Actif,1,11
81,274008639000035,Koutoubia Entreprise SA,SARL,Tourisme,TPE,1271925.64,8,2014-07-17,Casablanca,"Zone Industrielle, N° 224, Route de Reynaud, Casablanca, Maroc",0522653081,contact@koutoubiaentreprise.ma,Actif,1,10
82,272134062000044,Riad Distribution SNC,SA,Commerce,PME,18147860.79,74,2021-02-10,Casablanca,"Zone Industrielle, N° 400, Route de AubertBourg, Casablanca, Maroc",0522187949,contact@riaddistribution.ma,Actif,1,11
83,187623171000057,Saiss Distribution SA,SARL,Commerce,TPE,2615428.42,7,2017-09-12,Casablanca,"Zone Industrielle, N° 207, Route de Sainte Adriennenec, Casablanca, Maroc",0522347231,contact@saissdistribution.ma,Actif,1,10
84,857563699000070,Soma Entreprise SARL AU,SARL,Transport,TPE,1661555.89,2,2020-12-27,Casablanca,"Zone Industrielle, N° 398, Route de BigotVille, Casablanca, Maroc",0522245534,contact@somaentreprise.ma,Actif,1,11
85,423358638000025,Compagnie du Wholesale SA,SARL,Commerce,TPE,125730.87,2,2018-02-25,Casablanca,"Zone Industrielle, N° 131, Route de Saint Anneboeuf, Casablanca, Maroc",0522402096,contact@compagnieduwholesale.ma,Actif,1,10
86,101679695000088,Société Riad de Distribution SNC,SARL,Commerce,TPE,2157145.16,8,2012-12-05,Casablanca,"Zone Industrielle, N° 229, Route de Saint Léon-sur-Mer, Casablanca, Maroc",0522405420,contact@societeriaddedistribution.ma,Actif,1,11
87,604803700000015,Société Saiss de Bâtiment SARL,EURL,BTP,TPE,2896252.21,3,2021-09-18,Casablanca,"Zone Industrielle, N° 209, Route de Pons-les-Bains, Casablanca, Maroc",0522121322,contact@societesaissdebatiment.ma,Actif,1,10
88,243247463000015,Inter Ferme SARL AU,SA,Agriculture,PME,98198745.14,74,2008-10-24,Casablanca,"Zone Industrielle, N° 180, Route de Vidal-la-Forêt, Casablanca, Maroc",0522893435,contact@interferme.ma,Actif,1,11
89,415081566000035,Société Med de Entreprise SNC,SA,Transport,TPE,1758881.57,3,2007-12-25,Casablanca,"Zone Industrielle, N° 28, Route de MenardBourg, Casablanca, Maroc",0522579911,contact@societemeddeentreprise.ma,Actif,1,10
90,938422254000016,Société Taza de Nettoyage SARL AU,SARL,Services,TPE,1077402.19,1,2006-11-07,Casablanca,"Zone Industrielle, N° 192, Route de DiasBourg, Casablanca, Maroc",0522400009,contact@societetazadenettoyage.ma,Actif,1,11
91,634211672000057,Zilis Oléicole SNC,SNC,Agriculture,PME,36532845.21,41,2017-06-06,Casablanca,"Zone Industrielle, N° 364, Route de Saint Éric, Casablanca, Maroc",0522620306,contact@zilisoleicole.ma,Actif,1,10
92,417440983000049,Bahia Ferme SARL,SARL,Agriculture,Grande Entreprise,307710341.41,538,2015-02-03,Casablanca,"Zone Industrielle, N° 348, Route de Brun, Casablanca, Maroc",0522443848,contact@bahiaferme.ma,Actif,1,11
93,949842840000017,Atlas Aménagement SARL AU,SNC,BTP,TPE,3616548.27,3,2016-10-14,Casablanca,"Zone Industrielle, N° 337, Route de Valléedan, Casablanca, Maroc",0522387892,contact@atlasamenagement.ma,Actif,1,10
94,935924516000092,Soma Textile SA,SA,Industrie,TPE,3223811.44,6,2019-01-05,Casablanca,"Zone Industrielle, N° 130, Route de Maréchal, Casablanca, Maroc",0522170499,contact@somatextile.ma,Actif,1,11
95,797460535000045,Saiss Génie Civil SNC,SA,BTP,TPE,1975986.57,1,2009-09-12,Casablanca,"Zone Industrielle, N° 170, Route de Saint Alex, Casablanca, Maroc",0522517368,contact@saissgeniecivil.ma,Actif,1,10
96,627422192000035,Société Maroc de Plastique SNC,SA,Industrie,TPE,655898.2,3,2019-04-20,Casablanca,"Zone Industrielle, N° 365, Route de Sainte Rémy, Casablanca, Maroc",0522399449,contact@societemarocdeplastique.ma,Actif,1,11
97,422076028000030,Inter Wholesale SNC,SARL,Commerce,TPE,4278848.82,8,2007-09-18,Casablanca,"Zone Industrielle, N° 466, Route de Renaultnec, Casablanca, Maroc",0522404466,contact@interwholesale.ma,Actif,1,10
98,487509692000080,Société Chaouia de Distribution SARL AU,EURL,Commerce,PME,93095823.39,173,2009-04-26,Casablanca,"Zone Industrielle, N° 23, Route de Peltierdan, Casablanca, Maroc",0522618019,contact@societechaouiadedistribution.ma,Actif,1,11
99,984053945000083,Euro Négoce SARL,EURL,Commerce,PME,49403554.73,151,2020-09-14,Casablanca,"Zone Industrielle, N° 219, Route de Aubert, Casablanca, Maroc",0522906527,contact@euronegoce.ma,Actif,1,10
100,233316990000076,Compagnie du Holding SARL AU,SARL,Services,TPE,4864660.68,2,2009-07-17,Casablanca,"Zone Industrielle, N° 435, Route de Carpentier, Casablanca, Maroc",0522158104,contact@compagnieduholding.ma,Actif,1,11
101,234400576000090,Riad Soft SA,SA,Technologies,TPE,906819.69,6,2013-04-21,Casablanca,"Zone Industrielle, N° 150, Route de Saint Océane, Casablanca, Maroc",0522677599,contact@riadsoft.ma,Actif,1,10
102,130465806000020,Union Aménagement SA,SNC,BTP,TPE,2714042.35,9,2015-10-02,Casablanca,"Zone Industrielle, N° 452, Route de Boyer, Casablanca, Maroc",0522965322,contact@unionamenagement.ma,Actif,1,11
103,964027324000097,Société Koutoubia de Bâtiment SNC,SARL,BTP,TPE,3243123.3,5,2014-11-10,Casablanca,"Zone Industrielle, N° 135, Route de Sainte Constance, Casablanca, Maroc",0522606404,contact@societekoutoubiadebatiment.ma,Actif,1,10
104,888340979000054,Med Trading SNC,SARL,Commerce,TPE,2322366.25,1,2009-06-28,Casablanca,"Zone Industrielle, N° 173, Route de BarbierVille, Casablanca, Maroc",0522853258,contact@medtrading.ma,Actif,1,11
105,411612760000059,Chaouia Métal SARL,SARL,Industrie,Grande Entreprise,152306460.62,1717,2019-04-05,Casablanca,"Zone Industrielle, N° 35, Route de Faure-les-Bains, Casablanca, Maroc",0522201514,contact@chaouiametal.ma,Actif,1,10
106,196689473000060,Soma Oléicole SARL AU,EURL,Agriculture,PME,44722800.62,50,2019-08-10,Casablanca,"Zone Industrielle, N° 21, Route de Saint Margot-sur-Mer, Casablanca, Maroc",0522621530,contact@somaoleicole.ma,Actif,1,11
107,215424112000065,Euro Métal SARL,SARL,Industrie,TPE,4836764.49,4,2020-05-18,Casablanca,"Zone Industrielle, N° 443, Route de Mathieu-sur-Mer, Casablanca, Maroc",0522108574,contact@eurometal.ma,Actif,1,10
108,514838889000074,Global Agro SARL AU,SARL,Agriculture,TPE,1395917.21,6,2011-06-18,Casablanca,"Zone Industrielle, N° 47, Route de Valentin-sur-Fournier, Casablanca, Maroc",0522402620,contact@globalagro.ma,Actif,1,11
109,530986098000074,Saiss Import-Export SARL,SARL,Commerce,TPE,2794299.74,2,2016-03-07,Casablanca,"Zone Industrielle, N° 270, Route de Faure-sur-Humbert, Casablanca, Maroc",0522731728,contact@saissimportexport.ma,Actif,1,10
110,421300425000085,Union Agrumes 1 SNC,SARL,Agriculture,TPE,290678.43,6,2015-03-13,Casablanca,"Zone Industrielle, N° 388, Route de Moreno-sur-Barbe, Casablanca, Maroc",0522746447,contact@unionagrumes1.ma,Actif,1,11
111,878810937000098,Atlas Plastique SARL AU,SARL,Industrie,TPE,4158617.99,9,2008-07-19,Casablanca,"Zone Industrielle, N° 417, Route de Bertin, Casablanca, Maroc",0522422623,contact@atlasplastique.ma,Actif,1,10
112,133898577000083,Société Atlas de Entreprise SA,SARL,Santé,PME,61706413.52,77,2017-03-27,Casablanca,"Zone Industrielle, N° 134, Route de Laroche, Casablanca, Maroc",0522813793,contact@societeatlasdeentreprise1.ma,Actif,1,11
113,881042056000017,Global Holding SNC,SARL,Services,Grande Entreprise,143958208.53,277,2021-10-16,Casablanca,"Zone Industrielle, N° 386, Route de Dupuis, Casablanca, Maroc",0522989587,contact@globalholding.ma,Actif,1,10
114,825708356000097,Société Taza de Conseil SNC,EURL,Services,PME,54274905.1,153,2019-09-11,Casablanca,"Zone Industrielle, N° 191, Route de Delaunay, Casablanca, Maroc",0522672808,contact@societetazadeconseil.ma,Actif,1,11
115,856975382000072,Riad Plastique SA,SARL,Industrie,PME,70864764.45,166,2014-05-23,Casablanca,"Zone Industrielle, N° 363, Route de Leconte, Casablanca, Maroc",0522317346,contact@riadplastique.ma,Actif,1,10
116,574997731000093,Saiss Logistique SNC,SARL,Services,TPE,1809135.55,5,2014-12-03,Casablanca,"Zone Industrielle, N° 483, Route de Albert, Casablanca, Maroc",0522463188,contact@saisslogistique.ma,Actif,1,11
117,670201461000038,Société Zilis de Entreprise SARL AU,SARL,Transport,TPE,2447488.39,4,2012-04-02,Casablanca,"Zone Industrielle, N° 473, Route de Hamel, Casablanca, Maroc",0522802371,contact@societezilisdeentreprise1.ma,Actif,1,10
118,798510601000035,Soma Services SNC,EURL,Services,PME,9986655.15,115,2010-07-21,Casablanca,"Zone Industrielle, N° 254, Route de Saint CélineBourg, Casablanca, Maroc",0522598807,contact@somaservices.ma,Actif,1,11
119,139019611000060,Société Bahia de Travaux SARL,SARL,BTP,PME,32288278.57,83,2006-03-14,Casablanca,"Zone Industrielle, N° 100, Route de Saint Corinne-la-Forêt, Casablanca, Maroc",0522978292,contact@societebahiadetravaux.ma,Actif,1,10
120,662982736000073,Bahia Entreprise SARL,SNC,Tourisme,PME,22699605.03,84,2015-05-15,Casablanca,"Zone Industrielle, N° 288, Route de Lévêque, Casablanca, Maroc",0522772464,contact@bahiaentreprise.ma,Actif,1,11
121,461971444000047,Inter Manufacture SA,SA,Industrie,PME,17748994.87,139,2013-12-06,Casablanca,"Zone Industrielle, N° 387, Route de Saint Alexandrie-la-Forêt, Casablanca, Maroc",0522114768,contact@intermanufacture.ma,Actif,1,10
122,366338529000010,Riad Construction SNC,SARL,BTP,PME,76941861.27,54,2008-03-05,Casablanca,"Zone Industrielle, N° 175, Route de Navarro, Casablanca, Maroc",0522600646,contact@riadconstruction.ma,Actif,1,11
123,226942964000069,Société Zilis de Data SARL AU,SARL,Technologies,TPE,1254054.14,5,2016-12-08,Casablanca,"Zone Industrielle, N° 351, Route de Fischer-la-Forêt, Casablanca, Maroc",0522165142,contact@societezilisdedata.ma,Actif,1,10
124,243418388000071,Société Maroc de Telecom SARL AU,SNC,Technologies,TPE,2086541.4,9,2014-06-20,Casablanca,"Zone Industrielle, N° 122, Route de Guibert-sur-Evrard, Casablanca, Maroc",0522331577,contact@societemarocdetelecom.ma,Actif,1,11
125,945432844000020,Société Bouregreg de Holding SNC,SA,Services,TPE,3763900.7,6,2012-11-25,Casablanca,"Zone Industrielle, N° 457, Route de Sainte Margaud, Casablanca, Maroc",0522724756,contact@societebouregregdeholding.ma,Actif,1,10
126,574422684000024,Compagnie du Market SARL,SARL,Commerce,TPE,2688048.31,6,2009-03-11,Casablanca,"Zone Industrielle, N° 276, Route de Saint RémyBourg, Casablanca, Maroc",0522995993,contact@compagniedumarket.ma,Actif,1,11
127,822378827000049,Société Marocaine de Trading SNC,SARL,Commerce,PME,73107206.79,135,2019-10-02,Casablanca,"Zone Industrielle, N° 246, Route de Saint Richard-la-Forêt, Casablanca, Maroc",0522685941,contact@societemarocainedetrading.ma,Actif,1,10
128,539017530000033,Global Laiterie SARL,SA,Agriculture,PME,42615127.45,10,2006-02-16,Casablanca,"Zone Industrielle, N° 156, Route de Lacroix-sur-Wagner, Casablanca, Maroc",0522133276,contact@globallaiterie.ma,Actif,1,11
129,679069250000027,Taza Génie Civil SNC,SNC,BTP,PME,77753629.88,196,2017-07-03,Casablanca,"Zone Industrielle, N° 348, Route de Martins, Casablanca, Maroc",0522815894,contact@tazageniecivil.ma,Actif,1,10
130,684593732000064,Société Maghreb de Entreprise SNC,SA,Éducation,PME,38038139.28,55,2005-05-15,Casablanca,"Zone Industrielle, N° 378, Route de Bodin, Casablanca, Maroc",0522806215,contact@societemaghrebdeentreprise.ma,Actif,1,11
131,116799547000040,Chaouia Câblage SA,SA,Industrie,TPE,4134466.14,4,2006-11-14,Casablanca,"Zone Industrielle, N° 402, Route de DeschampsVille, Casablanca, Maroc",0522744793,contact@chaouiacablage.ma,Actif,1,10
132,351429015000083,Somaco Security SARL,SARL,Services,TPE,594393.89,1,2011-01-05,Casablanca,"Zone Industrielle, N° 158, Route de Sainte Véronique-la-Forêt, Casablanca, Maroc",0522628373,contact@somacosecurity.ma,Actif,1,11
133,889427990000032,Société Riad de Trading SA,SARL,Commerce,TPE,3029796.6,6,2013-01-18,Casablanca,"Zone Industrielle, N° 460, Route de Saint Xavier, Casablanca, Maroc",0522720407,contact@societeriaddetrading.ma,Actif,1,10
134,422002819000058,Société Koutoubia de Négoce SARL AU,SA,Commerce,PME,45584055.32,136,2015-12-14,Casablanca,"Zone Industrielle, N° 86, Route de Diaz, Casablanca, Maroc",0522528090,contact@societekoutoubiadenegoce.ma,Actif,1,11
135,517061783000041,Société Maghreb de Entreprise SARL AU,SNC,Transport,TPE,2735848.5,4,2018-07-18,Casablanca,"Zone Industrielle, N° 78, Route de Renard, Casablanca, Maroc",0522655736,contact@societemaghrebdeentreprise1.ma,Actif,1,10
136,747382621000015,Compagnie du Telecom SARL AU,SA,Technologies,TPE,1718288.67,2,2006-05-13,Casablanca,"Zone Industrielle, N° 319, Route de Courtoisnec, Casablanca, Maroc",0522806396,contact@compagniedutelecom.ma,Actif,1,11
137,901955461000071,Chaouia Laiterie SA,SARL,Agriculture,PME,22875512.92,160,2005-04-07,Casablanca,"Zone Industrielle, N° 70, Route de PetitBourg, Casablanca, Maroc",0522877493,contact@chaouialaiterie.ma,Actif,1,10
138,633947427000069,Société Saiss de Conseil SA,SARL,Services,Grande Entreprise,378250514.28,1037,2016-05-09,Casablanca,"Zone Industrielle, N° 272, Route de Saint ÉmilieVille, Casablanca, Maroc",0522477114,contact@societesaissdeconseil.ma,Actif,1,11
139,694113766000084,Inter Laiterie SARL AU,SARL,Agriculture,TPE,4908460.44,8,2012-12-05,Casablanca,"Zone Industrielle, N° 143, Route de Guillon, Casablanca, Maroc",0522117007,contact@interlaiterie.ma,Actif,1,10
140,876914430000092,Bahia Trading SA,SARL,Commerce,PME,44669916.99,49,2015-05-25,Casablanca,"Zone Industrielle, N° 260, Route de Caronnec, Casablanca, Maroc",0522961501,contact@bahiatrading.ma,Actif,1,11
141,179811669000095,Compagnie du Oléicole SA,SARL,Agriculture,PME,48778754.85,197,2006-09-02,Casablanca,"Zone Industrielle, N° 443, Route de Dupont, Casablanca, Maroc",0522979827,contact@compagnieduoleicole.ma,Actif,1,10
142,815922437000088,Soma Entreprise SA,SARL,Transport,TPE,131280.74,3,2019-06-02,Casablanca,"Zone Industrielle, N° 336, Route de Marchal, Casablanca, Maroc",0522747847,contact@somaentreprise1.ma,Actif,1,11
143,823737375000065,Somaco Market SNC,SA,Commerce,Grande Entreprise,363713736.8,264,2014-01-17,Casablanca,"Zone Industrielle, N° 367, Route de Sainte Marc, Casablanca, Maroc",0522952657,contact@somacomarket.ma,Actif,1,10
144,592845076000082,Afric Entreprise SA,SA,Tourisme,PME,91428469.77,37,2013-07-03,Casablanca,"Zone Industrielle, N° 217, Route de Martineau, Casablanca, Maroc",0522491172,contact@africentreprise.ma,Actif,1,11
145,783703040000011,Société Koutoubia de Bâtiment SARL,SARL,BTP,TPE,3516457.95,5,2017-07-18,Casablanca,"Zone Industrielle, N° 38, Route de Sainte Renéenec, Casablanca, Maroc",0522599127,contact@societekoutoubiadebatiment1.ma,Actif,1,10
146,708579840000070,Société Maroc de Béton SARL AU,SNC,BTP,PME,12855181.64,121,2012-04-28,Casablanca,"Zone Industrielle, N° 464, Route de Bouvet-sur-Meyer, Casablanca, Maroc",0522825916,contact@societemarocdebeton.ma,Actif,1,11
147,182611003000048,Inter Entreprise SARL,EURL,Tourisme,TPE,4628380.41,5,2009-12-27,Casablanca,"Zone Industrielle, N° 485, Route de Goncalves, Casablanca, Maroc",0522517643,contact@interentreprise.ma,Actif,1,10
148,204889313000065,Bouregreg Aménagement SARL AU,SARL,BTP,TPE,1278313.75,7,2007-09-24,Casablanca,"Zone Industrielle, N° 37, Route de Pasquier, Casablanca, Maroc",0522462659,contact@bouregregamenagement.ma,Actif,1,11
149,829816799000084,Euro Entreprise 1 SARL AU,SARL,Santé,TPE,472489.41,7,2016-09-13,Casablanca,"Zone Industrielle, N° 105, Route de Saint Nathalie, Casablanca, Maroc",0522552825,contact@euroentreprise11.ma,Actif,1,10
150,894198823000059,Société Maroc de Services SA,SARL,Services,PME,13140941.18,168,2017-12-26,Casablanca,"Zone Industrielle, N° 88, Route de Bouchet, Casablanca, Maroc",0522764693,contact@societemarocdeservices.ma,Actif,1,11
151,695647539000075,Bouregreg Soft SNC,SARL,Technologies,TPE,622099.5,1,2007-03-14,Casablanca,"Zone Industrielle, N° 295, Route de Da Costa, Casablanca, Maroc",0522570646,contact@bouregregsoft.ma,Actif,1,10
152,659531734000031,Atlas Plastique 1 SARL AU,SARL,Industrie,TPE,228683.33,6,2007-12-18,Casablanca,"Zone Industrielle, N° 302, Route de Boutin, Casablanca, Maroc",0522354533,contact@atlasplastique1.ma,Actif,1,11
153,487754927000042,Somibat Logistique SNC,SARL,Services,PME,21102665.8,78,2018-05-16,Casablanca,"Zone Industrielle, N° 49, Route de Sainte Augustedan, Casablanca, Maroc",0522920685,contact@somibatlogistique.ma,Actif,1,10
154,963370520000052,Maroc Manufacture SA,SARL,Industrie,Grande Entreprise,388359780.98,2230,2017-06-27,Casablanca,"Zone Industrielle, N° 204, Route de Bourgeois, Casablanca, Maroc",0522750318,contact@marocmanufacture.ma,Actif,1,11
155,627215082000083,Saiss Logistique SA,EURL,Services,TPE,2210019.48,3,2015-05-24,Casablanca,"Zone Industrielle, N° 334, Route de Marty-la-Forêt, Casablanca, Maroc",0522828716,contact@saisslogistique1.ma,Actif,1,10
156,880839406000069,Maroc Agrumes SNC,SARL,Agriculture,PME,35959192.56,81,2010-11-25,Casablanca,"Zone Industrielle, N° 23, Route de Hubert, Casablanca, Maroc",0522676820,contact@marocagrumes.ma,Actif,1,11
157,867979226000064,Koutoubia Entreprise SARL,SARL,Transport,Grande Entreprise,183859358.54,1393,2014-04-09,Casablanca,"Zone Industrielle, N° 88, Route de Saint Andrée, Casablanca, Maroc",0522790658,contact@koutoubiaentreprise1.ma,Actif,1,10
158,737609304000091,Société Riad de Câblage SNC,SARL,Industrie,PME,12026687.88,163,2006-06-23,Casablanca,"Zone Industrielle, N° 284, Route de Lopes, Casablanca, Maroc",0522951755,contact@societeriaddecablage.ma,Actif,1,11
159,111325589000022,Union Bâtiment SARL AU,SARL,BTP,Grande Entreprise,143747770.1,1216,2017-06-26,Casablanca,"Zone Industrielle, N° 64, Route de Sainte Adèlenec, Casablanca, Maroc",0522551365,contact@unionbatiment.ma,Actif,1,10
160,212259020000047,Saiss Métal SA,SARL,Industrie,TPE,2602313.58,9,2021-03-12,Casablanca,"Zone Industrielle, N° 257, Route de RémyVille, Casablanca, Maroc",0522125755,contact@saissmetal.ma,Actif,1,11
161,204821934000066,Sous Entreprise SA,SARL,Transport,TPE,4812466.54,2,2011-09-16,Casablanca,"Zone Industrielle, N° 253, Route de Sainte Joseph-la-Forêt, Casablanca, Maroc",0522465219,contact@sousentreprise.ma,Actif,1,10
162,692609167000030,Inter Holding SARL,SARL,Services,PME,47982483.36,27,2010-12-08,Casablanca,"Zone Industrielle, N° 99, Route de Saint Jeannine, Casablanca, Maroc",0522641058,contact@interholding.ma,Actif,1,11
163,311875497000067,Société Maghreb de Trading SNC,SARL,Commerce,TPE,2189209.98,8,2018-07-01,Casablanca,"Zone Industrielle, N° 324, Route de Barreboeuf, Casablanca, Maroc",0522873207,contact@societemaghrebdetrading.ma,Actif,1,10
164,222358216000043,Société Bouregreg de Distribution SARL AU,SARL,Commerce,PME,41939399.13,190,2010-06-11,Casablanca,"Zone Industrielle, N° 244, Route de SeguinBourg, Casablanca, Maroc",0522306647,contact@societebouregregdedistribution.ma,Actif,1,11
165,823260532000048,Société Taza de Nettoyage SNC,SARL,Services,PME,51500977.99,173,2016-08-20,Casablanca,"Zone Industrielle, N° 426, Route de Verdier-sur-Mer, Casablanca, Maroc",0522280908,contact@societetazadenettoyage1.ma,Actif,1,10
166,248033880000083,Euro Distribution SARL,SARL,Commerce,Grande Entreprise,336067345.99,2952,2009-09-13,Casablanca,"Zone Industrielle, N° 315, Route de Bertrand, Casablanca, Maroc",0522538555,contact@eurodistribution.ma,Actif,1,11
167,157564650000055,Société Maghreb de Génie Civil SA,SARL,BTP,TPE,1010193.13,9,2010-06-27,Casablanca,"Zone Industrielle, N° 327, Route de Martin-sur-Mer, Casablanca, Maroc",0522572908,contact@societemaghrebdegeniecivil.ma,Actif,1,10
168,133136428000038,Koutoubia Oléicole SNC,SARL,Agriculture,Grande Entreprise,293843567.78,999,2019-08-06,Casablanca,"Zone Industrielle, N° 299, Route de Perret, Casablanca, Maroc",0522186686,contact@koutoubiaoleicole.ma,Actif,1,11
169,683155818000056,Société Zilis de Security SNC,SARL,Services,TPE,1446779.3,9,2008-10-04,Casablanca,"Zone Industrielle, N° 406, Route de Sainte Laurenceboeuf, Casablanca, Maroc",0522380901,contact@societezilisdesecurity.ma,Actif,1,10
170,976955647000021,Afric Plastique SNC,SNC,Industrie,TPE,3808252.59,8,2006-08-09,Casablanca,"Zone Industrielle, N° 451, Route de Sainte Corinne-la-Forêt, Casablanca, Maroc",0522465509,contact@africplastique.ma,Actif,1,11
171,163734988000082,Société Bahia de Wholesale SARL AU,SARL,Commerce,TPE,4970392.65,4,2009-04-27,Casablanca,"Zone Industrielle, N° 422, Route de Milletnec, Casablanca, Maroc",0522316995,contact@societebahiadewholesale.ma,Actif,1,10
172,905407446000062,Bahia Import-Export SARL AU,EURL,Commerce,TPE,1477316.59,9,2021-11-27,Casablanca,"Zone Industrielle, N° 79, Route de Lenoir, Casablanca, Maroc",0522199850,contact@bahiaimportexport.ma,Actif,1,11
173,720005941000090,Soma Wholesale SA,SARL,Commerce,Grande Entreprise,496994490.26,2886,2012-11-13,Casablanca,"Zone Industrielle, N° 82, Route de Olivier, Casablanca, Maroc",0522613234,contact@somawholesale.ma,Actif,1,10
174,102655449000021,Riad Wholesale SARL,SARL,Commerce,TPE,2129702.94,8,2016-08-16,Casablanca,"Zone Industrielle, N° 307, Route de Chartiernec, Casablanca, Maroc",0522443187,contact@riadwholesale.ma,Actif,1,11
175,404505751000053,Société Taza de Travaux SARL,EURL,BTP,PME,48552679.38,180,2011-08-09,Casablanca,"Zone Industrielle, N° 434, Route de Chauvet, Casablanca, Maroc",0522438548,contact@societetazadetravaux.ma,Actif,1,10
176,573827182000068,Somibat Export Agri SARL,SA,Agriculture,TPE,739911.83,8,2019-01-04,Casablanca,"Zone Industrielle, N° 90, Route de Hernandez-sur-Lebon, Casablanca, Maroc",0522999312,contact@somibatexportagri.ma,Actif,1,11
177,188498371000057,Société Sous de Entreprise SA,SNC,Éducation,TPE,4794355.67,4,2013-02-21,Casablanca,"Zone Industrielle, N° 138, Route de Martin-la-Forêt, Casablanca, Maroc",0522477943,contact@societesousdeentreprise.ma,Actif,1,10
178,611967311000019,Société Zilis de Logistique SARL AU,SARL,Services,PME,66646564.87,23,2007-12-04,Casablanca,"Zone Industrielle, N° 119, Route de Lacroix, Casablanca, Maroc",0522101139,contact@societezilisdelogistique.ma,Actif,1,11
179,965389567000023,Global Wholesale SARL AU,SARL,Commerce,TPE,1208335.22,8,2007-04-13,Casablanca,"Zone Industrielle, N° 384, Route de Delormeboeuf, Casablanca, Maroc",0522193670,contact@globalwholesale.ma,Actif,1,10
180,477084942000037,Société Koutoubia de Trading SA,SARL,Commerce,TPE,1901052.28,5,2005-10-21,Casablanca,"Zone Industrielle, N° 235, Route de Pichondan, Casablanca, Maroc",0522272088,contact@societekoutoubiadetrading1.ma,Actif,1,11
181,561052655000050,Somibat Bâtiment SNC,SARL,BTP,PME,19380542.43,115,2008-10-24,Casablanca,"Zone Industrielle, N° 189, Route de Gros, Casablanca, Maroc",0522502686,contact@somibatbatiment.ma,Actif,1,10
182,902990996000060,Société Atlas de Wholesale SARL AU,SNC,Commerce,PME,28539705.62,175,2011-09-20,Casablanca,"Zone Industrielle, N° 106, Route de Guyon-les-Bains, Casablanca, Maroc",0522634273,contact@societeatlasdewholesale.ma,Actif,1,11
183,515364404000082,Société Marocaine de Câblage SARL,SARL,Industrie,TPE,367388.74,4,2021-01-12,Casablanca,"Zone Industrielle, N° 77, Route de Sainte Deniseboeuf, Casablanca, Maroc",0522431845,contact@societemarocainedecablage.ma,Actif,1,10
184,643968992000046,Union Agro SARL,SARL,Agriculture,TPE,2777145.48,3,2011-01-02,Casablanca,"Zone Industrielle, N° 213, Route de Saint Margot-la-Forêt, Casablanca, Maroc",0522927630,contact@unionagro.ma,Actif,1,11
185,318181642000029,Compagnie du Nettoyage SNC,SARL,Services,PME,52599651.72,116,2013-02-10,Casablanca,"Zone Industrielle, N° 271, Route de Philippe, Casablanca, Maroc",0522182860,contact@compagniedunettoyage.ma,Actif,1,10
186,159086532000049,Société Chaouia de Services SNC,SARL,Services,TPE,2014584.36,2,2018-02-15,Casablanca,"Zone Industrielle, N° 321, Route de Laurent, Casablanca, Maroc",0522742039,contact@societechaouiadeservices.ma,Actif,1,11
187,873916084000043,Société Atlas de Trading SA,SARL,Commerce,PME,67514974.25,54,2016-09-17,Casablanca,"Zone Industrielle, N° 431, Route de Saint Christelle, Casablanca, Maroc",0522921021,contact@societeatlasdetrading.ma,Actif,1,10
188,182753316000073,Inter Oléicole SARL,SARL,Agriculture,TPE,721959.98,5,2007-05-23,Casablanca,"Zone Industrielle, N° 331, Route de Lecoq-sur-Legrand, Casablanca, Maroc",0522704663,contact@interoleicole.ma,Actif,1,11
189,147285340000011,Maghreb Entreprise SA,SA,Transport,TPE,1864607.09,8,2008-04-24,Casablanca,"Zone Industrielle, N° 11, Route de Legros-sur-Mer, Casablanca, Maroc",0522633541,contact@maghrebentreprise.ma,Actif,1,10
190,873403266000050,Compagnie du Web SA,SNC,Technologies,TPE,2411646.49,7,2018-04-11,Casablanca,"Zone Industrielle, N° 223, Route de Costanec, Casablanca, Maroc",0522360322,contact@compagnieduweb.ma,Actif,1,11
191,433609196000051,Afric Market SARL,EURL,Commerce,TPE,481646.64,6,2017-02-15,Casablanca,"Zone Industrielle, N° 406, Route de Caron, Casablanca, Maroc",0522396020,contact@africmarket.ma,Actif,1,10
192,954670083000041,Société Bahia de Trading SARL AU,SARL,Commerce,TPE,2338056.26,6,2020-04-24,Casablanca,"Zone Industrielle, N° 399, Route de Saint Renée, Casablanca, Maroc",0522673108,contact@societebahiadetrading.ma,Actif,1,11
193,880841206000049,Société Zilis de Distribution SARL AU,EURL,Commerce,TPE,4668747.91,1,2005-11-13,Casablanca,"Zone Industrielle, N° 387, Route de Vasseur-les-Bains, Casablanca, Maroc",0522990247,contact@societezilisdedistribution.ma,Actif,1,10
194,499960213000068,Euro Services SARL,SARL,Services,TPE,2696091.0,4,2012-09-14,Casablanca,"Zone Industrielle, N° 468, Route de BarthelemyVille, Casablanca, Maroc",0522834891,contact@euroservices.ma,Actif,1,11
195,438238241000060,Union Textile SNC,SARL,Industrie,Grande Entreprise,133960967.01,591,2009-04-10,Casablanca,"Zone Industrielle, N° 445, Route de MenardBourg, Casablanca, Maroc",0522373668,contact@uniontextile.ma,Actif,1,10
196,600422869000050,Afric Manufacture SA,SA,Industrie,PME,74858522.53,91,2008-03-04,Casablanca,"Zone Industrielle, N° 240, Route de Lucasdan, Casablanca, Maroc",0522272359,contact@africmanufacture.ma,Actif,1,11
197,330876810000051,Maroc Industrie SNC,SARL,Industrie,TPE,2726030.29,4,2014-12-23,Casablanca,"Zone Industrielle, N° 30, Route de Vaillantboeuf, Casablanca, Maroc",0522732608,contact@marocindustrie.ma,Actif,1,10
198,696950800000080,Société Sous de Conseil SARL,SA,Services,TPE,3584671.25,6,2010-01-13,Casablanca,"Zone Industrielle, N° 241, Route de Raymondnec, Casablanca, Maroc",0522996114,contact@societesousdeconseil.ma,Actif,1,11
199,725265416000085,Soma Trading SARL,SA,Commerce,TPE,2364011.92,3,2016-11-21,Casablanca,"Zone Industrielle, N° 53, Route de Cohen-les-Bains, Casablanca, Maroc",0522776001,contact@somatrading.ma,Actif,1,10
200,280377032000083,Société Med de Entreprise SA,SARL,Éducation,TPE,4082460.75,1,2015-02-02,Casablanca,"Zone Industrielle, N° 35, Route de Lebreton-la-Forêt, Casablanca, Maroc",0522583388,contact@societemeddeentreprise1.ma,Actif,1,11
201,759391912000089,Inter Trading SNC,SNC,Commerce,TPE,3649711.15,8,2013-05-15,Casablanca,"Zone Industrielle, N° 27, Route de Diaz, Casablanca, Maroc",0522255851,contact@intertrading.ma,Actif,1,10
202,367520363000090,Somibat Conseil SNC,SARL,Services,PME,66491448.05,137,2018-04-21,Casablanca,"Zone Industrielle, N° 279, Route de Gosselin, Casablanca, Maroc",0522935922,contact@somibatconseil.ma,Actif,1,11
203,127984900000050,Riad Entreprise SARL AU,SARL,Éducation,Grande Entreprise,317462673.17,279,2021-06-13,Casablanca,"Zone Industrielle, N° 102, Route de Vallée-sur-Mer, Casablanca, Maroc",0522383572,contact@riadentreprise.ma,Actif,1,10
204,386181187000078,Société Saiss de Market 1 SNC,EURL,Commerce,PME,7783828.75,81,2010-02-08,Casablanca,"Zone Industrielle, N° 133, Route de Besnard, Casablanca, Maroc",0522788772,contact@societesaissdemarket11.ma,Actif,1,11
205,965661638000099,Société Bouregreg de Oléicole SA,SARL,Agriculture,PME,92139650.84,24,2010-03-08,Casablanca,"Zone Industrielle, N° 172, Route de Sainte Noël-la-Forêt, Casablanca, Maroc",0522721301,contact@societebouregregdeoleicole.ma,Actif,1,10
206,140763261000021,Société Chaouia de Web SA,EURL,Technologies,TPE,2998656.22,6,2020-09-10,Casablanca,"Zone Industrielle, N° 261, Route de Julien, Casablanca, Maroc",0522284084,contact@societechaouiadeweb.ma,Actif,1,11
207,447450846000017,Bahia Manufacture SARL,SA,Industrie,TPE,3048147.65,1,2015-12-06,Casablanca,"Zone Industrielle, N° 442, Route de Faure-les-Bains, Casablanca, Maroc",0522941403,contact@bahiamanufacture.ma,Actif,1,10
208,446392556000027,Inter Export Agri SARL AU,SNC,Agriculture,TPE,2974384.96,3,2017-10-04,Casablanca,"Zone Industrielle, N° 164, Route de Grondin, Casablanca, Maroc",0522452909,contact@interexportagri.ma,Actif,1,11
209,288282376000058,Société Saiss de Ferme SNC,SA,Agriculture,Grande Entreprise,392940810.17,1989,2016-04-22,Casablanca,"Zone Industrielle, N° 427, Route de Lemonnier-les-Bains, Casablanca, Maroc",0522717558,contact@societesaissdeferme.ma,Actif,1,10
210,968449816000088,Société Bahia de Négoce SARL,SNC,Commerce,TPE,3473642.35,3,2006-03-20,Casablanca,"Zone Industrielle, N° 481, Route de Andre, Casablanca, Maroc",0522433674,contact@societebahiadenegoce.ma,Actif,1,11
211,460508244000067,Inter Import-Export SARL,SARL,Commerce,TPE,2871196.21,8,2007-12-22,Casablanca,"Zone Industrielle, N° 383, Route de Cordierboeuf, Casablanca, Maroc",0522770147,contact@interimportexport.ma,Actif,1,10
212,506639535000054,Société Atlas de Services SARL,SARL,Services,TPE,1127452.99,2,2018-03-14,Casablanca,"Zone Industrielle, N° 461, Route de Turpinnec, Casablanca, Maroc",0522617033,contact@societeatlasdeservices.ma,Actif,1,11
213,212447665000019,Société Marocaine de Agro SA,SA,Agriculture,TPE,596999.94,8,2006-05-01,Casablanca,"Zone Industrielle, N° 143, Route de Saint Victoire, Casablanca, Maroc",0522434198,contact@societemarocainedeagro.ma,Actif,1,10
214,566219118000030,Bahia Agrumes SARL,SNC,Agriculture,TPE,4450863.21,3,2005-07-21,Casablanca,"Zone Industrielle, N° 320, Route de PerrierVille, Casablanca, Maroc",0522273012,contact@bahiaagrumes.ma,Actif,1,11
215,627151698000029,Société Sous de Conseil SARL AU,SARL,Services,TPE,1722363.44,4,2006-07-19,Casablanca,"Zone Industrielle, N° 440, Route de Gillet-sur-Martel, Casablanca, Maroc",0522676363,contact@societesousdeconseil1.ma,Actif,1,10
216,431091936000060,Somibat Services SNC,SARL,Services,TPE,118696.3,2,2014-02-16,Casablanca,"Zone Industrielle, N° 69, Route de Sainte Théophile, Casablanca, Maroc",0522984756,contact@somibatservices.ma,Actif,1,11
217,382824466000038,Inter Négoce SNC,SARL,Commerce,TPE,4484899.67,5,2019-01-09,Casablanca,"Zone Industrielle, N° 248, Route de Humbert-sur-Mer, Casablanca, Maroc",0522561101,contact@internegoce.ma,Actif,1,10
218,978755907000076,Inter Agrumes SARL,SARL,Agriculture,PME,58603425.85,48,2012-09-02,Casablanca,"Zone Industrielle, N° 208, Route de Vasseur-la-Forêt, Casablanca, Maroc",0522981639,contact@interagrumes.ma,Actif,1,11
219,713627778000096,Sous Industrie SA,SARL,Industrie,TPE,2724020.62,8,2006-09-19,Casablanca,"Zone Industrielle, N° 419, Route de ValléeVille, Casablanca, Maroc",0522641922,contact@sousindustrie.ma,Actif,1,10
220,773479021000028,Afric Trading SA,SARL,Commerce,Grande Entreprise,158979061.6,2039,2007-11-14,Casablanca,"Zone Industrielle, N° 431, Route de Marquesnec, Casablanca, Maroc",0522311727,contact@africtrading.ma,Actif,1,11
221,852061786000089,Global Entreprise SARL,SARL,Tourisme,PME,29499204.2,196,2013-09-15,Casablanca,"Zone Industrielle, N° 412, Route de Bigot, Casablanca, Maroc",0522112964,contact@globalentreprise.ma,Actif,1,10
222,943687944000046,Société Bahia de Nettoyage SA,SA,Services,PME,79260137.79,38,2008-02-19,Casablanca,"Zone Industrielle, N° 61, Route de Loiseau, Casablanca, Maroc",0522917411,contact@societebahiadenettoyage.ma,Actif,1,11
223,831017246000098,Société Bahia de Security SNC,SARL,Services,PME,88612899.54,115,2013-07-05,Casablanca,"Zone Industrielle, N° 321, Route de Michelnec, Casablanca, Maroc",0522748276,contact@societebahiadesecurity.ma,Actif,1,10
224,433879270000045,Société Med de Construction SARL,SNC,BTP,TPE,2039384.45,6,2005-06-27,Casablanca,"Zone Industrielle, N° 165, Route de Thibault-sur-Dupré, Casablanca, Maroc",0522932204,contact@societemeddeconstruction.ma,Actif,1,11
225,793159203000021,Euro Wholesale SA,SARL,Commerce,PME,86532304.41,185,2015-05-24,Casablanca,"Zone Industrielle, N° 319, Route de Saint Lucy, Casablanca, Maroc",0522537017,contact@eurowholesale.ma,Actif,1,10
226,662948033000082,Compagnie du Ferme SARL AU,SARL,Agriculture,TPE,1135813.46,7,2021-07-05,Casablanca,"Zone Industrielle, N° 445, Route de Dufourdan, Casablanca, Maroc",0522918430,contact@compagnieduferme.ma,Actif,1,11
227,642375317000060,Société Marocaine de Entreprise 1 SA,SNC,Transport,TPE,1044540.89,4,2011-05-12,Casablanca,"Zone Industrielle, N° 247, Route de Girard, Casablanca, Maroc",0522963508,contact@societemarocainedeentreprise11.ma,Actif,1,10
228,275571407000043,Société Med de Trading SNC,EURL,Commerce,PME,16767921.59,17,2020-10-18,Casablanca,"Zone Industrielle, N° 186, Route de Gillet, Casablanca, Maroc",0522466749,contact@societemeddetrading.ma,Actif,1,11
229,539705006000075,Union Trading SARL,SNC,Commerce,PME,70440801.07,82,2012-11-07,Casablanca,"Zone Industrielle, N° 343, Route de Lecomte, Casablanca, Maroc",0522382154,contact@uniontrading.ma,Actif,1,10
230,427984850000092,Société Maghreb de Textile SA,SA,Industrie,TPE,3923487.95,1,2012-05-20,Casablanca,"Zone Industrielle, N° 492, Route de Milletboeuf, Casablanca, Maroc",0522944193,contact@societemaghrebdetextile.ma,Actif,1,11
231,811198748000057,Sous Câblage 1 SA,SARL,Industrie,TPE,4487866.58,6,2017-10-04,Casablanca,"Zone Industrielle, N° 271, Route de Lopesnec, Casablanca, Maroc",0522107704,contact@souscablage1.ma,Actif,1,10
232,799506796000048,Maroc Conseil SARL,EURL,Services,PME,61408391.54,82,2015-05-09,Casablanca,"Zone Industrielle, N° 374, Route de Faure, Casablanca, Maroc",0522787991,contact@marocconseil.ma,Actif,1,11
233,516907018000014,Société Saiss de Entreprise SNC,SA,Tourisme,TPE,2634738.57,4,2020-05-09,Casablanca,"Zone Industrielle, N° 217, Route de MoreauVille, Casablanca, Maroc",0522538897,contact@societesaissdeentreprise.ma,Actif,1,10
234,806108387000081,Société Riad de Holding SA,SA,Services,PME,99501604.36,58,2016-09-10,Casablanca,"Zone Industrielle, N° 97, Route de Hubert, Casablanca, Maroc",0522986486,contact@societeriaddeholding.ma,Actif,1,11
235,946205663000052,Société Saiss de Export Agri SA,SARL,Agriculture,TPE,578255.01,3,2016-04-24,Casablanca,"Zone Industrielle, N° 225, Route de Saint OlivieVille, Casablanca, Maroc",0522422002,contact@societesaissdeexportagri.ma,Actif,1,10
236,668909764000048,Union Entreprise SNC,SARL,Transport,TPE,2969296.41,8,2011-09-04,Casablanca,"Zone Industrielle, N° 205, Route de Bourgeois, Casablanca, Maroc",0522813763,contact@unionentreprise.ma,Actif,1,11
237,936381727000020,Taza Market SA,SNC,Commerce,TPE,4367160.82,3,2019-03-11,Casablanca,"Zone Industrielle, N° 102, Route de Saint Olivier, Casablanca, Maroc",0522850432,contact@tazamarket.ma,Actif,1,10
238,943113786000021,Société Marocaine de Conseil SARL,SARL,Services,TPE,3192060.58,3,2010-10-25,Casablanca,"Zone Industrielle, N° 260, Route de Reynaud, Casablanca, Maroc",0522266131,contact@societemarocainedeconseil.ma,Actif,1,11
239,670193187000034,Atlas Services SNC,SARL,Services,TPE,2225185.93,7,2016-01-11,Casablanca,"Zone Industrielle, N° 436, Route de Saint Chantal-la-Forêt, Casablanca, Maroc",0522893612,contact@atlasservices.ma,Actif,1,10
240,420192227000047,Maghreb Distribution SARL AU,SARL,Commerce,TPE,120206.79,4,2014-03-03,Casablanca,"Zone Industrielle, N° 33, Route de Brun, Casablanca, Maroc",0522963862,contact@maghrebdistribution.ma,Actif,1,11
241,880791577000026,Med Conseil SA,SA,Services,TPE,2649413.22,9,2010-07-01,Casablanca,"Zone Industrielle, N° 124, Route de Seguin-sur-Letellier, Casablanca, Maroc",0522339513,contact@medconseil.ma,Actif,1,10
242,151497057000094,Société Koutoubia de Distribution SARL AU,SARL,Commerce,TPE,207375.03,9,2013-09-20,Casablanca,"Zone Industrielle, N° 314, Route de Saint ThierryBourg, Casablanca, Maroc",0522150947,contact@societekoutoubiadedistribution.ma,Actif,1,11
243,836307746000090,Taza Bâtiment SNC,SARL,BTP,TPE,4196988.05,1,2020-12-05,Casablanca,"Zone Industrielle, N° 365, Route de Michel-sur-Langlois, Casablanca, Maroc",0522315477,contact@tazabatiment1.ma,Actif,1,10
244,403554082000024,Société Bahia de Aménagement SARL AU,SARL,BTP,TPE,2162270.14,2,2008-09-24,Casablanca,"Zone Industrielle, N° 70, Route de Labbé-sur-Mallet, Casablanca, Maroc",0522747703,contact@societebahiadeamenagement.ma,Actif,1,11
245,323009714000098,Société Chaouia de Import-Export SARL AU,SA,Commerce,PME,52285211.0,165,2014-03-02,Casablanca,"Zone Industrielle, N° 264, Route de Auger-sur-Mer, Casablanca, Maroc",0522674765,contact@societechaouiadeimportexport.ma,Actif,1,10
246,208759822000042,Union Wholesale SARL,SARL,Commerce,Grande Entreprise,232241446.48,211,2007-09-03,Casablanca,"Zone Industrielle, N° 380, Route de Saint François-la-Forêt, Casablanca, Maroc",0522858711,contact@unionwholesale.ma,Actif,1,11
247,224447810000022,Soma Services SARL,SNC,Services,PME,48391367.3,85,2016-11-11,Casablanca,"Zone Industrielle, N° 388, Route de Mathieu-sur-Moreno, Casablanca, Maroc",0522546688,contact@somaservices1.ma,Actif,1,10
248,467995726000033,Saiss Entreprise SA,EURL,Transport,PME,89577741.1,12,2013-12-03,Casablanca,"Zone Industrielle, N° 427, Route de Sainte Élisabeth, Casablanca, Maroc",0522490722,contact@saissentreprise.ma,Actif,1,11
249,162971085000030,Société Med de Security SNC,SARL,Services,TPE,2061226.11,8,2010-02-05,Casablanca,"Zone Industrielle, N° 381, Route de Peltierboeuf, Casablanca, Maroc",0522829987,contact@societemeddesecurity.ma,Actif,1,10
250,240290090000071,Union Oléicole SNC,SA,Agriculture,TPE,4565011.13,8,2005-11-27,Casablanca,"Zone Industrielle, N° 466, Route de Sainte Alexandrenec, Casablanca, Maroc",0522862606,contact@unionoleicole.ma,Actif,1,11
251,340501969000095,Koutoubia Conseil SARL,SARL,Services,Grande Entreprise,145174991.75,1884,2021-12-19,Casablanca,"Zone Industrielle, N° 299, Route de Gautiernec, Casablanca, Maroc",0522858931,contact@koutoubiaconseil1.ma,Actif,1,10
252,259616499000081,Koutoubia Aménagement SARL,SARL,BTP,PME,54314469.51,186,2016-11-22,Casablanca,"Zone Industrielle, N° 207, Route de Bousquet, Casablanca, Maroc",0522772561,contact@koutoubiaamenagement.ma,Actif,1,11
253,398668947000016,Société Med de Génie Civil SA,SNC,BTP,PME,63226831.07,12,2007-08-11,Casablanca,"Zone Industrielle, N° 179, Route de Neveu-les-Bains, Casablanca, Maroc",0522352593,contact@societemeddegeniecivil.ma,Actif,1,10
254,439368482000025,Société Marocaine de Security SA,SA,Services,TPE,2797428.29,7,2019-02-28,Casablanca,"Zone Industrielle, N° 238, Route de Schmitt-la-Forêt, Casablanca, Maroc",0522622669,contact@societemarocainedesecurity1.ma,Actif,1,11
255,645823493000081,Compagnie du Market SNC,SARL,Commerce,Grande Entreprise,398095585.86,272,2007-10-20,Casablanca,"Zone Industrielle, N° 165, Route de Tanguy-sur-Becker, Casablanca, Maroc",0522768507,contact@compagniedumarket1.ma,Actif,1,10
256,585903027000024,Société Marocaine de Conseil 1 SARL,SARL,Services,TPE,3390224.42,6,2020-12-22,Casablanca,"Zone Industrielle, N° 376, Route de Turpinnec, Casablanca, Maroc",0522480941,contact@societemarocainedeconseil1.ma,Actif,1,11
257,869718389000062,Société Riad de Conseil SARL AU,SA,Services,TPE,3328660.24,1,2006-03-16,Casablanca,"Zone Industrielle, N° 430, Route de Royer-sur-Breton, Casablanca, Maroc",0522247271,contact@societeriaddeconseil.ma,Actif,1,10
258,821706730000085,Société Marocaine de Trading 1 SNC,SA,Commerce,TPE,3093173.65,4,2008-07-02,Casablanca,"Zone Industrielle, N° 438, Route de Fernandez, Casablanca, Maroc",0522764000,contact@societemarocainedetrading1.ma,Actif,1,11
259,290269669000098,Atlas Béton SA,SA,BTP,TPE,4469596.34,8,2018-10-16,Casablanca,"Zone Industrielle, N° 409, Route de Lebreton, Casablanca, Maroc",0522633025,contact@atlasbeton.ma,Actif,1,10
260,586239368000027,Société Taza de Négoce SARL AU,EURL,Commerce,PME,74396992.87,42,2012-05-13,Casablanca,"Zone Industrielle, N° 160, Route de Hamel, Casablanca, Maroc",0522459513,contact@societetazadenegoce.ma,Actif,1,11
261,837243267000054,Société Zilis de Nettoyage SARL AU,SARL,Services,TPE,3052369.8,9,2011-04-20,Casablanca,"Zone Industrielle, N° 158, Route de Colasnec, Casablanca, Maroc",0522849086,contact@societezilisdenettoyage.ma,Actif,1,10
262,816354624000063,Société Riad de Entreprise SA,SA,Santé,Grande Entreprise,153068691.44,2862,2016-09-16,Casablanca,"Zone Industrielle, N° 302, Route de Leroy, Casablanca, Maroc",0522711116,contact@societeriaddeentreprise1.ma,Actif,1,11
263,386665729000030,Compagnie du Services SNC,SARL,Services,PME,89917270.13,146,2009-01-22,Casablanca,"Zone Industrielle, N° 112, Route de Germain-les-Bains, Casablanca, Maroc",0522159354,contact@compagnieduservices.ma,Actif,1,10
264,703319400000038,Compagnie du Entreprise SARL AU,SARL,Transport,Grande Entreprise,373356131.47,799,2019-02-20,Casablanca,"Zone Industrielle, N° 388, Route de Lecomteboeuf, Casablanca, Maroc",0522808340,contact@compagnieduentreprise.ma,Actif,1,11
265,692839277000016,Société Koutoubia de Industrie SARL AU,SNC,Industrie,PME,58320702.52,70,2017-07-26,Casablanca,"Zone Industrielle, N° 170, Route de Leblanc, Casablanca, Maroc",0522818430,contact@societekoutoubiadeindustrie.ma,Actif,1,10
266,179960473000033,Société Riad de Entreprise SARL AU,SA,Transport,TPE,1331571.53,8,2011-05-15,Casablanca,"Zone Industrielle, N° 359, Route de Godard, Casablanca, Maroc",0522286044,contact@societeriaddeentreprise2.ma,Actif,1,11
267,266221352000015,Riad Conseil SNC,SARL,Services,Grande Entreprise,394031794.41,688,2013-01-11,Casablanca,"Zone Industrielle, N° 373, Route de Berthelot, Casablanca, Maroc",0522588983,contact@riadconseil.ma,Actif,1,10
268,297427943000076,Bouregreg Agrumes SARL AU,SARL,Agriculture,TPE,1680887.15,1,2007-12-11,Casablanca,"Zone Industrielle, N° 122, Route de Saint Émile, Casablanca, Maroc",0522650916,contact@bouregregagrumes.ma,Actif,1,11
269,908157894000089,Inter Manufacture SNC,SNC,Industrie,TPE,2575187.72,7,2015-06-12,Casablanca,"Zone Industrielle, N° 121, Route de Fouquet, Casablanca, Maroc",0522407835,contact@intermanufacture1.ma,Actif,1,10
270,954920307000024,Chaouia Wholesale SARL AU,SARL,Commerce,TPE,4983492.3,1,2012-01-22,Casablanca,"Zone Industrielle, N° 205, Route de Camus-sur-Mer, Casablanca, Maroc",0522436526,contact@chaouiawholesale.ma,Actif,1,11
271,651790232000020,Société Bouregreg de Market SARL AU,SARL,Commerce,TPE,2747162.83,5,2006-05-21,Casablanca,"Zone Industrielle, N° 174, Route de Imbertdan, Casablanca, Maroc",0522301863,contact@societebouregregdemarket.ma,Actif,1,10
272,896045379000065,Afric Câblage 1 SARL,SARL,Industrie,Grande Entreprise,166957923.69,2403,2008-04-18,Casablanca,"Zone Industrielle, N° 369, Route de DurandBourg, Casablanca, Maroc",0522969005,contact@africcablage1.ma,Actif,1,11
273,175636616000083,Société Saiss de Distribution SNC,SARL,Commerce,PME,94276355.59,185,2006-03-26,Casablanca,"Zone Industrielle, N° 295, Route de Louis, Casablanca, Maroc",0522364144,contact@societesaissdedistribution.ma,Actif,1,10
274,763947575000018,Saiss Services SNC,SARL,Services,PME,91543724.57,114,2008-09-01,Casablanca,"Zone Industrielle, N° 378, Route de Jacquot-sur-Mer, Casablanca, Maroc",0522772580,contact@saissservices.ma,Actif,1,11
275,569951184000058,Société Maroc de Entreprise SARL AU,SA,Transport,PME,60632761.26,189,2014-10-03,Casablanca,"Zone Industrielle, N° 401, Route de Dupré, Casablanca, Maroc",0522395192,contact@societemarocdeentreprise2.ma,Actif,1,10
276,883106302000092,Global Market SA,SARL,Commerce,TPE,3337543.51,8,2009-05-22,Casablanca,"Zone Industrielle, N° 453, Route de Tessier-sur-Reynaud, Casablanca, Maroc",0522933635,contact@globalmarket.ma,Actif,1,11
277,325542573000054,Somaco Entreprise SA,SARL,Tourisme,TPE,4752379.01,9,2017-09-18,Casablanca,"Zone Industrielle, N° 166, Route de Laporteboeuf, Casablanca, Maroc",0522189261,contact@somacoentreprise.ma,Actif,1,10
278,158398995000080,Union Import-Export SA,SARL,Commerce,TPE,4537577.35,9,2010-11-26,Casablanca,"Zone Industrielle, N° 446, Route de Valletboeuf, Casablanca, Maroc",0522694849,contact@unionimportexport1.ma,Actif,1,11
279,351827731000022,Afric Aménagement 1 SARL AU,SARL,BTP,TPE,2793356.59,5,2015-06-05,Casablanca,"Zone Industrielle, N° 345, Route de Boutin, Casablanca, Maroc",0522803904,contact@africamenagement1.ma,Actif,1,10
280,439660140000064,Bahia Holding SNC,SARL,Services,TPE,442063.54,4,2009-10-19,Casablanca,"Zone Industrielle, N° 423, Route de Dupuy-la-Forêt, Casablanca, Maroc",0522482199,contact@bahiaholding.ma,Actif,1,11
281,931899691000049,Saiss Travaux SNC,SA,BTP,TPE,1634752.43,4,2015-08-15,Casablanca,"Zone Industrielle, N° 193, Route de Grondin, Casablanca, Maroc",0522566991,contact@saisstravaux.ma,Actif,1,10
282,644578566000090,Société Chaouia de Entreprise SA,SA,Transport,TPE,633279.92,2,2007-12-03,Casablanca,"Zone Industrielle, N° 444, Route de Saint ThomasBourg, Casablanca, Maroc",0522119535,contact@societechaouiadeentreprise.ma,Actif,1,11
283,521441892000038,Compagnie du Laiterie SA,SARL,Agriculture,TPE,2951263.4,7,2020-11-25,Casablanca,"Zone Industrielle, N° 197, Route de Ledoux-les-Bains, Casablanca, Maroc",0522255852,contact@compagniedulaiterie.ma,Actif,1,10
284,652050056000027,Saiss Market SARL,SARL,Commerce,PME,61012071.7,84,2012-10-22,Casablanca,"Zone Industrielle, N° 397, Route de Fabre, Casablanca, Maroc",0522273899,contact@saissmarket.ma,Actif,1,11
285,145965208000095,Atlas Ferme SNC,SA,Agriculture,TPE,977811.4,3,2012-02-09,Casablanca,"Zone Industrielle, N° 129, Route de Baron-la-Forêt, Casablanca, Maroc",0522487380,contact@atlasferme.ma,Actif,1,10
286,896619486000043,Somaco Holding SNC,SARL,Services,TPE,4547857.85,6,2021-11-27,Casablanca,"Zone Industrielle, N° 437, Route de Saint Théodore-sur-Mer, Casablanca, Maroc",0522386780,contact@somacoholding.ma,Actif,1,11
287,977501292000054,Société Koutoubia de Bâtiment SARL AU,SARL,BTP,PME,59165214.42,106,2017-04-17,Casablanca,"Zone Industrielle, N° 190, Route de Colin, Casablanca, Maroc",0522525556,contact@societekoutoubiadebatiment2.ma,Actif,1,10
288,488933925000087,Maghreb Manufacture SA,SARL,Industrie,TPE,2462339.44,1,2013-04-05,Casablanca,"Zone Industrielle, N° 90, Route de Garcia, Casablanca, Maroc",0522295984,contact@maghrebmanufacture.ma,Actif,1,11
289,994818854000062,Société Maroc de Security SARL AU,SA,Services,PME,16241371.17,68,2020-04-19,Casablanca,"Zone Industrielle, N° 341, Route de Marchand-la-Forêt, Casablanca, Maroc",0522269078,contact@societemarocdesecurity.ma,Actif,1,10
290,784642175000012,Société Maghreb de Distribution SARL,SARL,Commerce,TPE,311407.22,3,2010-09-13,Casablanca,"Zone Industrielle, N° 298, Route de Saint Françoise, Casablanca, Maroc",0522728471,contact@societemaghrebdedistribution.ma,Actif,1,11
291,253235987000084,Bahia Digital SA,SNC,Technologies,PME,74157559.97,82,2010-04-27,Casablanca,"Zone Industrielle, N° 317, Route de Rocher, Casablanca, Maroc",0522530720,contact@bahiadigital.ma,Actif,1,10
292,216576275000012,Société Koutoubia de Plastique SA,SNC,Industrie,PME,22278994.43,178,2007-04-13,Casablanca,"Zone Industrielle, N° 77, Route de Diaz, Casablanca, Maroc",0522504186,contact@societekoutoubiadeplastique.ma,Actif,1,11
293,200061963000071,Société Maroc de Travaux SA,SARL,BTP,TPE,4311999.29,9,2006-09-17,Casablanca,"Zone Industrielle, N° 70, Route de HenryVille, Casablanca, Maroc",0522888930,contact@societemarocdetravaux1.ma,Actif,1,10
294,947778851000058,Société Taza de Entreprise SNC,SNC,Transport,PME,90688551.79,148,2021-07-08,Casablanca,"Zone Industrielle, N° 256, Route de Jacquet-sur-Lelièvre, Casablanca, Maroc",0522941272,contact@societetazadeentreprise1.ma,Actif,1,11
295,376815988000034,Bouregreg Logistique SARL AU,SNC,Services,TPE,4042643.09,2,2007-05-20,Casablanca,"Zone Industrielle, N° 219, Route de Besnardboeuf, Casablanca, Maroc",0522670143,contact@bouregreglogistique.ma,Actif,1,10
296,557490881000093,Société Atlas de Métal SARL,SA,Industrie,TPE,3743863.84,1,2015-07-12,Casablanca,"Zone Industrielle, N° 89, Route de Roux, Casablanca, Maroc",0522211760,contact@societeatlasdemetal.ma,Actif,1,11
297,618045811000032,Société Sous de Holding SARL AU,SARL,Services,PME,29823775.0,147,2011-07-18,Casablanca,"Zone Industrielle, N° 295, Route de Martel, Casablanca, Maroc",0522921861,contact@societesousdeholding.ma,Actif,1,10
298,850879936000030,Société Taza de Entreprise SARL AU,SNC,Éducation,TPE,2819065.65,5,2008-12-08,Casablanca,"Zone Industrielle, N° 410, Route de Saint Andréedan, Casablanca, Maroc",0522568288,contact@societetazadeentreprise2.ma,Actif,1,11
299,194640346000018,Global Export Agri SARL,SARL,Agriculture,TPE,2590883.36,6,2007-03-16,Casablanca,"Zone Industrielle, N° 232, Route de Saint Henri-les-Bains, Casablanca, Maroc",0522729402,contact@globalexportagri.ma,Actif,1,10
300,111500207000035,Société Koutoubia de Agrumes SNC,SARL,Agriculture,TPE,1917092.12,1,2006-03-21,Casablanca,"Zone Industrielle, N° 234, Route de Bailly-sur-Clément, Casablanca, Maroc",0522618382,contact@societekoutoubiadeagrumes.ma,Actif,1,11
301,803321425000010,Société Riad de Nettoyage SARL,SA,Services,PME,93422054.4,142,2010-11-02,Casablanca,"Zone Industrielle, N° 132, Route de Lemaire, Casablanca, Maroc",0522477214,contact@societeriaddenettoyage.ma,Actif,1,10
302,196814848000080,Société Taza de Oléicole SARL AU,SARL,Agriculture,Grande Entreprise,134737125.03,1330,2021-01-24,Casablanca,"Zone Industrielle, N° 45, Route de Salmonnec, Casablanca, Maroc",0522837801,contact@societetazadeoleicole.ma,Actif,1,11
303,537157475000074,Union Logistique SARL AU,SARL,Services,TPE,4165847.53,6,2017-10-01,Casablanca,"Zone Industrielle, N° 99, Route de Godard-sur-Maurice, Casablanca, Maroc",0522373791,contact@unionlogistique.ma,Actif,1,10
304,619293644000041,Société Sous de Nettoyage SARL,SA,Services,TPE,454691.26,5,2013-12-15,Casablanca,"Zone Industrielle, N° 298, Route de Diallo, Casablanca, Maroc",0522495397,contact@societesousdenettoyage.ma,Actif,1,11
305,439013248000062,Maroc Construction SARL,SARL,BTP,PME,96317678.9,127,2012-11-23,Casablanca,"Zone Industrielle, N° 419, Route de Gilletdan, Casablanca, Maroc",0522341099,contact@marocconstruction.ma,Actif,1,10
306,437018334000055,Euro Bâtiment SARL AU,SARL,BTP,Grande Entreprise,306601686.88,239,2015-02-18,Casablanca,"Zone Industrielle, N° 253, Route de Légernec, Casablanca, Maroc",0522287155,contact@eurobatiment.ma,Actif,1,11
307,996510519000041,Zilis Systems SA,SARL,Technologies,TPE,2911191.83,3,2012-05-07,Casablanca,"Zone Industrielle, N° 113, Route de Colas, Casablanca, Maroc",0522340341,contact@zilissystems.ma,Actif,1,10
308,628646448000083,Société Koutoubia de Négoce SARL,SARL,Commerce,PME,38822600.47,37,2006-08-12,Casablanca,"Zone Industrielle, N° 171, Route de Lopez-sur-Bourdon, Casablanca, Maroc",0522750817,contact@societekoutoubiadenegoce1.ma,Actif,1,11
309,472898686000060,Société Maghreb de Services SA,SARL,Services,PME,51626508.4,140,2018-08-18,Casablanca,"Zone Industrielle, N° 267, Route de Saint Lorraine-sur-Mer, Casablanca, Maroc",0522134144,contact@societemaghrebdeservices.ma,Actif,1,10
310,488267537000088,Zilis Entreprise SNC,SARL,Santé,PME,78710876.57,127,2011-07-19,Casablanca,"Zone Industrielle, N° 176, Route de Peltier, Casablanca, Maroc",0522205641,contact@zilisentreprise.ma,Actif,1,11
311,499764420000056,Société Saiss de Import-Export SNC,SARL,Commerce,PME,22779481.99,77,2018-04-14,Casablanca,"Zone Industrielle, N° 395, Route de Saint Olivier-les-Bains, Casablanca, Maroc",0522834750,contact@societesaissdeimportexport.ma,Actif,1,10
312,260576006000070,Euro Manufacture SA,SARL,Industrie,PME,31564805.53,56,2017-04-05,Casablanca,"Zone Industrielle, N° 388, Route de Sanchez-les-Bains, Casablanca, Maroc",0522938900,contact@euromanufacture.ma,Actif,1,11
313,164463569000037,Sous Import-Export SARL AU,SARL,Commerce,PME,21777691.28,137,2006-07-04,Casablanca,"Zone Industrielle, N° 93, Route de Sainte Catherine, Casablanca, Maroc",0522824087,contact@sousimportexport.ma,Actif,1,10
314,476980538000096,Saiss Import-Export SARL AU,SARL,Commerce,PME,50271245.31,171,2013-06-01,Casablanca,"Zone Industrielle, N° 72, Route de Lelièvre-sur-Klein, Casablanca, Maroc",0522531762,contact@saissimportexport1.ma,Actif,1,11
315,758916457000046,Saiss Construction 1 SA,SA,BTP,Grande Entreprise,179583244.25,2558,2020-12-15,Casablanca,"Zone Industrielle, N° 205, Route de Saint Sébastien, Casablanca, Maroc",0522182216,contact@saissconstruction1.ma,Actif,1,10
316,436598800000050,Koutoubia Béton SARL AU,SARL,BTP,TPE,4787312.71,3,2007-02-06,Casablanca,"Zone Industrielle, N° 126, Route de Boutin, Casablanca, Maroc",0522460317,contact@koutoubiabeton.ma,Actif,1,11
317,124804609000026,Bouregreg Construction SARL AU,SA,BTP,PME,72491181.09,164,2021-08-14,Casablanca,"Zone Industrielle, N° 104, Route de Guérin-sur-Mer, Casablanca, Maroc",0522275445,contact@bouregregconstruction.ma,Actif,1,10
318,526288946000077,Global Agro SA,SARL,Agriculture,PME,67892142.04,189,2020-09-02,Casablanca,"Zone Industrielle, N° 404, Route de Toussaint, Casablanca, Maroc",0522127645,contact@globalagro1.ma,Actif,1,11
319,665585273000031,Société Taza de Construction SARL,SARL,BTP,PME,12908864.13,77,2014-08-21,Casablanca,"Zone Industrielle, N° 77, Route de Peltier-sur-Philippe, Casablanca, Maroc",0522232552,contact@societetazadeconstruction.ma,Actif,1,10
320,904137710000091,Société Sous de Entreprise SNC,SARL,Transport,TPE,3351390.76,6,2010-10-20,Casablanca,"Zone Industrielle, N° 333, Route de Noël-sur-Mer, Casablanca, Maroc",0522578720,contact@societesousdeentreprise1.ma,Actif,1,11
321,378965689000029,Med Béton SARL AU,SARL,BTP,PME,46322850.28,173,2007-08-10,Casablanca,"Zone Industrielle, N° 221, Route de Da Costa, Casablanca, Maroc",0522483551,contact@medbeton.ma,Actif,1,10
322,956808156000047,Société Atlas de Holding SNC,SNC,Services,TPE,100452.5,3,2020-05-01,Casablanca,"Zone Industrielle, N° 230, Route de Guérin, Casablanca, Maroc",0522903072,contact@societeatlasdeholding.ma,Actif,1,11
323,553376084000090,Société Taza de Security SNC,SARL,Services,PME,80692901.47,150,2017-07-08,Casablanca,"Zone Industrielle, N° 50, Route de Saint Sophie, Casablanca, Maroc",0522375754,contact@societetazadesecurity.ma,Actif,1,10
324,586155117000044,Chaouia Services SARL AU,SARL,Services,TPE,3846237.64,5,2014-02-21,Casablanca,"Zone Industrielle, N° 326, Route de Valentin, Casablanca, Maroc",0522577461,contact@chaouiaservices.ma,Actif,1,11
325,880725278000011,Société Atlas de Trading SARL,EURL,Commerce,PME,51739621.33,92,2014-05-05,Casablanca,"Zone Industrielle, N° 234, Route de Hervé-sur-Navarro, Casablanca, Maroc",0522849937,contact@societeatlasdetrading1.ma,Actif,1,10
326,186138889000028,Bouregreg Négoce SNC,EURL,Commerce,TPE,838350.1,8,2019-12-26,Casablanca,"Zone Industrielle, N° 179, Route de Sainte Marie-la-Forêt, Casablanca, Maroc",0522133278,contact@bouregregnegoce.ma,Actif,1,11
327,575625690000041,Euro Métal SA,SA,Industrie,TPE,3900699.26,2,2008-12-08,Casablanca,"Zone Industrielle, N° 404, Route de Maillarddan, Casablanca, Maroc",0522503489,contact@eurometal1.ma,Actif,1,10
328,145296783000080,Société Koutoubia de Ferme SARL,SARL,Agriculture,PME,8183477.7,127,2014-06-06,Casablanca,"Zone Industrielle, N° 382, Route de FaureVille, Casablanca, Maroc",0522759726,contact@societekoutoubiadeferme.ma,Actif,1,11
329,396460161000084,Société Chaouia de Distribution SARL,SARL,Commerce,TPE,1341232.43,5,2018-06-01,Casablanca,"Zone Industrielle, N° 416, Route de Guyonboeuf, Casablanca, Maroc",0522275490,contact@societechaouiadedistribution1.ma,Actif,1,10
330,836527450000089,Société Bahia de Entreprise SNC,SARL,Santé,TPE,3966804.52,1,2007-04-06,Casablanca,"Zone Industrielle, N° 56, Route de Deschamps-sur-Michel, Casablanca, Maroc",0522624203,contact@societebahiadeentreprise.ma,Actif,1,11
331,912497781000054,Société Riad de Distribution SA,SARL,Commerce,TPE,4851293.36,1,2012-06-18,Casablanca,"Zone Industrielle, N° 340, Route de Saint MargotVille, Casablanca, Maroc",0522926867,contact@societeriaddedistribution1.ma,Actif,1,10
332,416447391000079,Zilis Trading SNC,SARL,Commerce,PME,46678295.32,59,2006-08-23,Casablanca,"Zone Industrielle, N° 296, Route de Verdier, Casablanca, Maroc",0522558752,contact@zilistrading.ma,Actif,1,11
333,417476097000043,Société Med de Plastique SARL AU,SNC,Industrie,PME,23028704.44,57,2010-02-17,Casablanca,"Zone Industrielle, N° 240, Route de Saint Charlotte, Casablanca, Maroc",0522262555,contact@societemeddeplastique.ma,Actif,1,10
334,678700154000059,Union Conseil SA,SA,Services,TPE,2324987.0,9,2012-06-24,Casablanca,"Zone Industrielle, N° 347, Route de Gillesdan, Casablanca, Maroc",0522166418,contact@unionconseil.ma,Actif,1,11
335,996782035000026,Taza Wholesale SARL AU,SARL,Commerce,TPE,3447798.49,9,2008-09-22,Casablanca,"Zone Industrielle, N° 32, Route de Arnaud, Casablanca, Maroc",0522169918,contact@tazawholesale.ma,Actif,1,10
336,374811907000016,Union Câblage SARL,SA,Industrie,TPE,253241.39,2,2020-09-20,Casablanca,"Zone Industrielle, N° 312, Route de Nguyen-sur-Bousquet, Casablanca, Maroc",0522835381,contact@unioncablage.ma,Actif,1,11
337,546626348000057,Société Med de Distribution 1 SA,SARL,Commerce,TPE,3069172.76,2,2006-06-18,Casablanca,"Zone Industrielle, N° 490, Route de Robindan, Casablanca, Maroc",0522879592,contact@societemeddedistribution1.ma,Actif,1,10
338,348053691000078,Société Maroc de Conseil SARL,SARL,Services,PME,10538502.32,167,2011-09-04,Casablanca,"Zone Industrielle, N° 381, Route de Lejeune, Casablanca, Maroc",0522206142,contact@societemarocdeconseil.ma,Actif,1,11
339,592547487000099,Société Zilis de Textile SA,SARL,Industrie,TPE,1046285.29,4,2008-11-19,Casablanca,"Zone Industrielle, N° 355, Route de Lebrun, Casablanca, Maroc",0522475351,contact@societezilisdetextile.ma,Actif,1,10
340,499130788000062,Société Saiss de Export Agri SNC,SARL,Agriculture,PME,88868281.84,52,2019-06-11,Casablanca,"Zone Industrielle, N° 176, Route de Saint Vincentnec, Casablanca, Maroc",0522676802,contact@societesaissdeexportagri1.ma,Actif,1,11
341,100210054000014,Société Riad de Logistique SA,SARL,Services,PME,45905866.91,195,2013-06-15,Casablanca,"Zone Industrielle, N° 213, Route de Hervénec, Casablanca, Maroc",0522569237,contact@societeriaddelogistique.ma,Actif,1,10
342,840580333000045,Euro Trading SARL AU,SARL,Commerce,Grande Entreprise,338305130.65,2320,2015-01-25,Casablanca,"Zone Industrielle, N° 492, Route de Da Silvadan, Casablanca, Maroc",0522961866,contact@eurotrading.ma,Actif,1,11
343,350175561000042,Somaco Digital SA,SARL,Technologies,Grande Entreprise,304508595.34,2537,2009-05-12,Casablanca,"Zone Industrielle, N° 137, Route de Sainte Philippeboeuf, Casablanca, Maroc",0522710434,contact@somacodigital.ma,Actif,1,10
344,840447097000099,Société Maroc de Câblage SA,SARL,Industrie,PME,13730986.52,112,2020-03-16,Casablanca,"Zone Industrielle, N° 470, Route de Sainte DeniseVille, Casablanca, Maroc",0522965814,contact@societemarocdecablage.ma,Actif,1,11
345,547236783000025,Société Bouregreg de Béton SARL,SARL,BTP,PME,91227286.0,162,2006-06-12,Casablanca,"Zone Industrielle, N° 232, Route de Pintonec, Casablanca, Maroc",0522956835,contact@societebouregregdebeton.ma,Actif,1,10
346,260610323000051,Société Bouregreg de Entreprise SARL,SARL,Transport,PME,26538178.78,177,2021-01-11,Casablanca,"Zone Industrielle, N° 299, Route de Saint Diane, Casablanca, Maroc",0522666157,contact@societebouregregdeentreprise.ma,Actif,1,11
347,523400459000028,Bouregreg Béton SNC,SARL,BTP,TPE,1181906.16,1,2007-04-14,Casablanca,"Zone Industrielle, N° 412, Route de Loiseau, Casablanca, Maroc",0522403859,contact@bouregregbeton.ma,Actif,1,10
348,623836867000060,Global Textile SARL AU,SARL,Industrie,TPE,504471.05,1,2009-03-16,Casablanca,"Zone Industrielle, N° 111, Route de Toussaintdan, Casablanca, Maroc",0522686464,contact@globaltextile.ma,Actif,1,11
349,821283444000062,Somibat Entreprise SA,SA,Éducation,PME,23629433.54,167,2015-11-19,Casablanca,"Zone Industrielle, N° 67, Route de Saint René, Casablanca, Maroc",0522193946,contact@somibatentreprise1.ma,Actif,1,10
350,978505410000039,Maghreb Conseil SARL,SARL,Services,TPE,1806708.5,6,2019-10-05,Casablanca,"Zone Industrielle, N° 32, Route de Payet-la-Forêt, Casablanca, Maroc",0522561859,contact@maghrebconseil.ma,Actif,1,11
351,219483835000049,Union Trading 1 SARL,SNC,Commerce,TPE,1931721.87,2,2014-01-11,Mohammedia,"Zone Industrielle, N° 421, Route de Rocherdan, Mohammedia, Maroc",0522827497,contact@uniontrading1.ma,Actif,2,14
352,850282713000095,Compagnie du Agrumes SA,SA,Agriculture,TPE,211465.76,4,2020-10-24,Mohammedia,"Zone Industrielle, N° 365, Route de Saint Louise-sur-Mer, Mohammedia, Maroc",0522248213,contact@compagnieduagrumes.ma,Actif,2,15
353,108948759000018,Euro Trading SA,SA,Commerce,TPE,2956724.22,9,2013-01-15,Mohammedia,"Zone Industrielle, N° 493, Route de Langlois, Mohammedia, Maroc",0522786563,contact@eurotrading1.ma,Actif,2,14
354,438718269000072,Koutoubia Entreprise 1 SARL,SARL,Transport,TPE,1429420.86,6,2017-09-23,Mohammedia,"Zone Industrielle, N° 472, Route de Garcianec, Mohammedia, Maroc",0522204442,contact@koutoubiaentreprise11.ma,Actif,2,15
355,899283454000030,Société Zilis de Distribution SNC,SARL,Commerce,PME,55498261.29,57,2021-05-11,Mohammedia,"Zone Industrielle, N° 211, Route de Saint ZoéBourg, Mohammedia, Maroc",0522613731,contact@societezilisdedistribution1.ma,Actif,2,14
356,262895422000053,Société Sous de Bâtiment SA,SARL,BTP,TPE,3453125.64,6,2017-01-18,Mohammedia,"Zone Industrielle, N° 125, Route de Lemaire-les-Bains, Mohammedia, Maroc",0522393804,contact@societesousdebatiment.ma,Actif,2,15
357,241489248000036,Chaouia Agrumes SA,SARL,Agriculture,PME,67408517.1,32,2014-10-11,Mohammedia,"Zone Industrielle, N° 287, Route de Auger-la-Forêt, Mohammedia, Maroc",0522570988,contact@chaouiaagrumes.ma,Actif,2,14
358,706496928000030,Zilis Export Agri SA,SNC,Agriculture,PME,60197916.56,185,2009-07-25,Mohammedia,"Zone Industrielle, N° 345, Route de Munoz-la-Forêt, Mohammedia, Maroc",0522252203,contact@zilisexportagri.ma,Actif,2,15
359,982292061000091,Société Atlas de Import-Export SA,SNC,Commerce,TPE,2830967.46,2,2018-07-10,Mohammedia,"Zone Industrielle, N° 391, Route de Guilletdan, Mohammedia, Maroc",0522564523,contact@societeatlasdeimportexport.ma,Actif,2,14
360,128008008000055,Union Market SA,SARL,Commerce,Grande Entreprise,209518465.85,969,2012-10-08,Mohammedia,"Zone Industrielle, N° 361, Route de Pineau, Mohammedia, Maroc",0522342129,contact@unionmarket.ma,Actif,2,15
361,307511166000038,Société Koutoubia de Plastique SNC,SARL,Industrie,TPE,3921148.62,3,2017-08-16,Mohammedia,"Zone Industrielle, N° 93, Route de Rodriguesnec, Mohammedia, Maroc",0522244192,contact@societekoutoubiadeplastique1.ma,Actif,2,14
362,838586956000051,Afric Web SNC,SARL,Technologies,TPE,3846240.39,1,2010-08-28,Mohammedia,"Zone Industrielle, N° 260, Route de Joseph, Mohammedia, Maroc",0522747033,contact@africweb.ma,Actif,2,15
363,675696756000077,Société Zilis de Security SARL,SA,Services,PME,89320757.0,119,2017-10-24,Mohammedia,"Zone Industrielle, N° 314, Route de Letellier-les-Bains, Mohammedia, Maroc",0522699716,contact@societezilisdesecurity1.ma,Actif,2,14
364,654186806000090,Atlas Manufacture SNC,SARL,Industrie,PME,71890692.3,19,2017-12-02,Mohammedia,"Zone Industrielle, N° 208, Route de Sainte Pénélopenec, Mohammedia, Maroc",0522684791,contact@atlasmanufacture.ma,Actif,2,15
365,991091361000092,Med Logistique SARL AU,SARL,Services,Grande Entreprise,175940135.99,2000,2006-12-17,Mohammedia,"Zone Industrielle, N° 247, Route de Guillou, Mohammedia, Maroc",0522249149,contact@medlogistique.ma,Actif,2,14
366,316822839000068,Taza Import-Export SA,SARL,Commerce,TPE,3640969.28,2,2010-08-19,Mohammedia,"Zone Industrielle, N° 468, Route de Bernard, Mohammedia, Maroc",0522847251,contact@tazaimportexport.ma,Actif,2,15
367,880474837000075,Somibat Aménagement SARL,SARL,BTP,TPE,1687966.42,3,2016-02-17,Mohammedia,"Zone Industrielle, N° 206, Route de Pages, Mohammedia, Maroc",0522841635,contact@somibatamenagement.ma,Actif,2,14
368,155094221000063,Bahia Holding SA,SNC,Services,PME,20190468.62,150,2010-03-06,Mohammedia,"Zone Industrielle, N° 374, Route de Coste, Mohammedia, Maroc",0522906519,contact@bahiaholding1.ma,Actif,2,15
369,635413025000079,Soma Logistique SA,SARL,Services,TPE,3677792.56,8,2013-01-15,Mohammedia,"Zone Industrielle, N° 447, Route de Delmas-sur-Camus, Mohammedia, Maroc",0522621800,contact@somalogistique.ma,Actif,2,14
370,774992147000081,Taza Négoce SNC,SARL,Commerce,PME,62758473.45,136,2005-04-18,Mohammedia,"Zone Industrielle, N° 327, Route de Cohen, Mohammedia, Maroc",0522391622,contact@tazanegoce.ma,Actif,2,15
371,547704086000032,Soma Distribution SARL AU,SA,Commerce,PME,24725572.09,57,2014-06-03,Mohammedia,"Zone Industrielle, N° 65, Route de Guilletboeuf, Mohammedia, Maroc",0522151413,contact@somadistribution.ma,Actif,2,14
372,506883029000018,Société Bahia de Import-Export SNC,SNC,Commerce,TPE,1493464.67,9,2007-05-11,Mohammedia,"Zone Industrielle, N° 469, Route de Courtois, Mohammedia, Maroc",0522486473,contact@societebahiadeimportexport.ma,Actif,2,15
373,162475224000023,Euro Conseil SA,SARL,Services,PME,85114414.86,26,2021-04-23,Mohammedia,"Zone Industrielle, N° 323, Route de Hoareaudan, Mohammedia, Maroc",0522319205,contact@euroconseil.ma,Actif,2,14
374,479947133000026,Société Zilis de Entreprise SNC,SARL,Éducation,PME,98038244.84,145,2015-05-17,Mohammedia,"Zone Industrielle, N° 329, Route de Roche, Mohammedia, Maroc",0522703080,contact@societezilisdeentreprise2.ma,Actif,2,15
375,771583357000025,Union Travaux SNC,SA,BTP,PME,52157707.92,196,2011-01-04,Mohammedia,"Zone Industrielle, N° 248, Route de Masse, Mohammedia, Maroc",0522125151,contact@uniontravaux.ma,Actif,2,14
376,402394369000042,Inter Entreprise SNC,SARL,Éducation,PME,24696429.45,167,2011-01-21,Mohammedia,"Zone Industrielle, N° 363, Route de Reynec, Mohammedia, Maroc",0522310960,contact@interentreprise1.ma,Actif,2,15
377,462856928000096,Inter Plastique SARL,SARL,Industrie,PME,34238392.18,139,2005-03-07,Mohammedia,"Zone Industrielle, N° 436, Route de Sainte Noémi, Mohammedia, Maroc",0522446569,contact@interplastique.ma,Actif,2,14
378,659498114000048,Société Marocaine de Béton SNC,SNC,BTP,TPE,2425052.22,1,2019-07-24,Mohammedia,"Zone Industrielle, N° 437, Route de Munoznec, Mohammedia, Maroc",0522158743,contact@societemarocainedebeton.ma,Actif,2,15
379,133471933000053,Société Koutoubia de Plastique 1 SA,SA,Industrie,PME,69428774.34,152,2016-02-05,Mohammedia,"Zone Industrielle, N° 440, Route de Dupré-les-Bains, Mohammedia, Maroc",0522394083,contact@societekoutoubiadeplastique11.ma,Actif,2,14
380,133960537000044,Union Industrie SNC,SNC,Industrie,Grande Entreprise,350604339.05,879,2014-12-28,Mohammedia,"Zone Industrielle, N° 373, Route de Da Silva-les-Bains, Mohammedia, Maroc",0522429776,contact@unionindustrie.ma,Actif,2,15
381,199432918000066,Compagnie du Conseil SARL AU,SARL,Services,TPE,2535566.73,4,2016-01-25,Mohammedia,"Zone Industrielle, N° 477, Route de Mauryboeuf, Mohammedia, Maroc",0522311915,contact@compagnieduconseil.ma,Actif,2,14
382,654208214000096,Zilis Market SARL AU,SARL,Commerce,TPE,4015223.86,9,2015-03-25,Mohammedia,"Zone Industrielle, N° 430, Route de Sainte Eugènedan, Mohammedia, Maroc",0522203024,contact@zilismarket.ma,Actif,2,15
383,658966058000094,Euro Industrie SARL,SA,Industrie,Grande Entreprise,182074844.02,349,2007-06-15,Mohammedia,"Zone Industrielle, N° 62, Route de Saint Anouk, Mohammedia, Maroc",0522148381,contact@euroindustrie.ma,Actif,2,14
384,260331909000030,Chaouia Travaux SA,SARL,BTP,PME,7135624.81,89,2015-08-22,Mohammedia,"Zone Industrielle, N° 149, Route de Sanchez, Mohammedia, Maroc",0522223365,contact@chaouiatravaux.ma,Actif,2,15
385,362878922000031,Société Saiss de Textile SA,SARL,Industrie,TPE,174757.92,9,2009-12-26,Mohammedia,"Zone Industrielle, N° 303, Route de Aubryboeuf, Mohammedia, Maroc",0522397027,contact@societesaissdetextile.ma,Actif,2,14
386,557914110000060,Somaco Métal SARL,SNC,Industrie,TPE,3104988.13,6,2006-02-13,Mohammedia,"Zone Industrielle, N° 54, Route de Jacquot-sur-Chauvin, Mohammedia, Maroc",0522156413,contact@somacometal.ma,Actif,2,15
387,972792130000099,Chaouia Aménagement SARL AU,SA,BTP,TPE,3020994.68,8,2007-08-19,Mohammedia,"Zone Industrielle, N° 57, Route de Sainte Dominiquenec, Mohammedia, Maroc",0522238197,contact@chaouiaamenagement.ma,Actif,2,14
388,946944681000051,Union Plastique SA,SNC,Industrie,TPE,2332362.44,8,2017-03-23,Mohammedia,"Zone Industrielle, N° 179, Route de Toussaint, Mohammedia, Maroc",0522797492,contact@unionplastique.ma,Actif,2,15
389,866944883000023,Maghreb Import-Export SNC,SA,Commerce,TPE,248294.25,8,2009-09-04,Mohammedia,"Zone Industrielle, N° 428, Route de AllardVille, Mohammedia, Maroc",0522525392,contact@maghrebimportexport.ma,Actif,2,14
390,323594003000098,Société Taza de Manufacture SNC,SARL,Industrie,TPE,3282311.92,5,2010-08-13,Mohammedia,"Zone Industrielle, N° 184, Route de Muller-sur-Huet, Mohammedia, Maroc",0522169268,contact@societetazademanufacture.ma,Actif,2,15
391,622515312000024,Société Zilis de Manufacture SARL AU,SARL,Industrie,PME,79509827.78,121,2007-12-23,Mohammedia,"Zone Industrielle, N° 438, Route de Dumas, Mohammedia, Maroc",0522702080,contact@societezilisdemanufacture.ma,Actif,2,14
392,980324126000058,Euro Négoce SNC,SARL,Commerce,PME,48976301.26,152,2008-11-27,Mohammedia,"Zone Industrielle, N° 404, Route de Sainte EugèneBourg, Mohammedia, Maroc",0522725376,contact@euronegoce1.ma,Actif,2,15
393,412999235000059,Société Bouregreg de Wholesale SA,SA,Commerce,TPE,3260446.67,1,2009-11-05,Mohammedia,"Zone Industrielle, N° 282, Route de Brun-la-Forêt, Mohammedia, Maroc",0522574978,contact@societebouregregdewholesale.ma,Actif,2,14
394,108717978000088,Bahia Aménagement SARL AU,SARL,BTP,PME,47480178.02,62,2018-12-12,Mohammedia,"Zone Industrielle, N° 308, Route de Saint Victor, Mohammedia, Maroc",0522193624,contact@bahiaamenagement.ma,Actif,2,15
395,133484360000040,Riad Entreprise SARL,SARL,Transport,Grande Entreprise,261678966.43,722,2016-02-28,Mohammedia,"Zone Industrielle, N° 453, Route de Sainte Agathe, Mohammedia, Maroc",0522395917,contact@riadentreprise1.ma,Actif,2,14
396,512955792000056,Taza Béton SNC,SARL,BTP,TPE,2991802.99,6,2010-08-05,Mohammedia,"Zone Industrielle, N° 294, Route de Perret, Mohammedia, Maroc",0522297370,contact@tazabeton.ma,Actif,2,15
397,247339141000092,Somaco Trading SARL,SA,Commerce,PME,19655392.63,181,2020-11-14,Mohammedia,"Zone Industrielle, N° 53, Route de Moulin, Mohammedia, Maroc",0522242371,contact@somacotrading.ma,Actif,2,14
398,556095308000087,Société Maghreb de Génie Civil SNC,SARL,BTP,PME,86714512.4,188,2019-07-12,Mohammedia,"Zone Industrielle, N° 105, Route de Bouchet-les-Bains, Mohammedia, Maroc",0522336706,contact@societemaghrebdegeniecivil1.ma,Actif,2,15
399,221509314000084,Riad Béton SARL AU,SARL,BTP,TPE,2540969.12,4,2006-10-16,Mohammedia,"Zone Industrielle, N° 198, Route de Roger, Mohammedia, Maroc",0522839122,contact@riadbeton.ma,Actif,2,14
400,812682111000095,Riad Agro SARL AU,SARL,Agriculture,TPE,3483436.6,3,2007-04-16,Mohammedia,"Zone Industrielle, N° 389, Route de Sainte Laure-sur-Mer, Mohammedia, Maroc",0522761297,contact@riadagro.ma,Actif,2,15
401,552062605000055,Société Bouregreg de Bâtiment SARL AU,SARL,BTP,TPE,3205069.55,5,2021-08-19,Mohammedia,"Zone Industrielle, N° 179, Route de Guillon-les-Bains, Mohammedia, Maroc",0522869460,contact@societebouregregdebatiment.ma,Actif,2,14
402,804718104000047,Société Bouregreg de Market 1 SARL AU,SARL,Commerce,Grande Entreprise,419289288.8,1384,2020-10-06,Mohammedia,"Zone Industrielle, N° 36, Route de Pinto, Mohammedia, Maroc",0522700687,contact@societebouregregdemarket1.ma,Actif,2,15
403,896103507000024,Société Maroc de Plastique SA,SARL,Industrie,PME,64310115.52,83,2013-05-28,Mohammedia,"Zone Industrielle, N° 17, Route de Jacques, Mohammedia, Maroc",0522369437,contact@societemarocdeplastique1.ma,Actif,2,14
404,135530684000053,Bouregreg Trading SNC,SARL,Commerce,PME,91462491.42,199,2012-08-06,Mohammedia,"Zone Industrielle, N° 280, Route de Martineau, Mohammedia, Maroc",0522938202,contact@bouregregtrading.ma,Actif,2,15
405,279619035000036,Bouregreg Digital SA,SA,Technologies,Grande Entreprise,486938253.48,2639,2012-11-15,Mohammedia,"Zone Industrielle, N° 336, Route de Sainte Sébastien, Mohammedia, Maroc",0522861265,contact@bouregregdigital.ma,Actif,2,14
406,671789890000039,Soma Génie Civil SARL,SARL,BTP,PME,84974138.35,23,2014-08-24,Mohammedia,"Zone Industrielle, N° 482, Route de BarbierBourg, Mohammedia, Maroc",0522888977,contact@somageniecivil.ma,Actif,2,15
407,670471890000091,Euro Security SNC,SARL,Services,TPE,3557478.24,8,2015-09-22,Mohammedia,"Zone Industrielle, N° 59, Route de Barre-la-Forêt, Mohammedia, Maroc",0522143010,contact@eurosecurity.ma,Actif,2,14
408,821436234000085,Euro Holding SARL AU,SARL,Services,TPE,4236772.49,5,2019-11-24,Mohammedia,"Zone Industrielle, N° 385, Route de Blot-la-Forêt, Mohammedia, Maroc",0522353542,contact@euroholding.ma,Actif,2,15
409,211569592000097,Riad Bâtiment SA,SA,BTP,PME,54395470.6,183,2007-01-14,Mohammedia,"Zone Industrielle, N° 278, Route de Hernandez-sur-Mer, Mohammedia, Maroc",0522202444,contact@riadbatiment.ma,Actif,2,14
410,228824444000021,Union Services SARL,SARL,Services,TPE,1175140.0,5,2011-10-21,Mohammedia,"Zone Industrielle, N° 372, Route de GuilletBourg, Mohammedia, Maroc",0522227706,contact@unionservices.ma,Actif,2,15
411,558469929000098,Soma Laiterie SA,SARL,Agriculture,PME,17341189.05,178,2007-11-15,Mohammedia,"Zone Industrielle, N° 403, Route de Weber, Mohammedia, Maroc",0522389809,contact@somalaiterie.ma,Actif,2,14
412,291050332000066,Bouregreg Services SARL,SARL,Services,Grande Entreprise,407952203.66,1524,2015-01-09,Mohammedia,"Zone Industrielle, N° 145, Route de Pelletier-sur-Bruneau, Mohammedia, Maroc",0522952283,contact@bouregregservices.ma,Actif,2,15
413,574144746000043,Société Med de Bâtiment SA,SARL,BTP,TPE,4899167.7,4,2018-04-20,Mohammedia,"Zone Industrielle, N° 64, Route de Bonnin, Mohammedia, Maroc",0522774588,contact@societemeddebatiment.ma,Actif,2,14
414,851678544000052,Maghreb Export Agri SARL,SARL,Agriculture,TPE,457305.57,5,2006-11-13,Mohammedia,"Zone Industrielle, N° 87, Route de Simon, Mohammedia, Maroc",0522379378,contact@maghrebexportagri.ma,Actif,2,15
415,840088692000071,Taza Génie Civil 1 SNC,SA,BTP,Grande Entreprise,329856100.69,2311,2007-09-08,Mohammedia,"Zone Industrielle, N° 206, Route de ParisVille, Mohammedia, Maroc",0522103468,contact@tazageniecivil1.ma,Actif,2,14
416,186389815000068,Atlas Holding SARL AU,EURL,Services,TPE,2722989.97,6,2007-06-18,Mohammedia,"Zone Industrielle, N° 184, Route de Torres-sur-Merle, Mohammedia, Maroc",0522994794,contact@atlasholding.ma,Actif,2,15
417,622379207000020,Koutoubia Trading SARL,SARL,Commerce,PME,32546073.47,61,2017-02-21,Mohammedia,"Zone Industrielle, N° 193, Route de Sainte Victoire, Mohammedia, Maroc",0522822303,contact@koutoubiatrading.ma,Actif,2,14
418,673313757000067,Union Trading SA,SARL,Commerce,PME,46608456.19,58,2007-09-21,Mohammedia,"Zone Industrielle, N° 265, Route de Diallo, Mohammedia, Maroc",0522422679,contact@uniontrading2.ma,Actif,2,15
419,895697985000084,Maroc Trading SARL,SA,Commerce,Grande Entreprise,106567314.38,1589,2021-08-22,Mohammedia,"Zone Industrielle, N° 86, Route de Seguin, Mohammedia, Maroc",0522662625,contact@maroctrading.ma,Actif,2,14
420,430000948000022,Bahia Industrie SARL,SARL,Industrie,TPE,452964.02,3,2009-01-06,Mohammedia,"Zone Industrielle, N° 35, Route de Vasseur, Mohammedia, Maroc",0522763393,contact@bahiaindustrie.ma,Actif,2,15
421,462219407000096,Société Marocaine de Agrumes SARL,SA,Agriculture,TPE,936378.0,2,2012-02-26,Mohammedia,"Zone Industrielle, N° 228, Route de Legendre, Mohammedia, Maroc",0522312484,contact@societemarocainedeagrumes.ma,Actif,2,14
422,280443225000099,Union Trading 1 SA,SARL,Commerce,TPE,691931.95,9,2008-05-05,Mohammedia,"Zone Industrielle, N° 222, Route de Potier, Mohammedia, Maroc",0522894348,contact@uniontrading11.ma,Actif,2,15
423,106817809000010,Somibat Web SARL,SA,Technologies,TPE,908530.02,4,2017-03-01,Mohammedia,"Zone Industrielle, N° 51, Route de Techer, Mohammedia, Maroc",0522610622,contact@somibatweb.ma,Actif,2,14
424,287420491000088,Société Maghreb de Logistique SNC,SARL,Services,TPE,536792.08,5,2013-09-15,Mohammedia,"Zone Industrielle, N° 132, Route de Saint Thierrydan, Mohammedia, Maroc",0522532046,contact@societemaghrebdelogistique1.ma,Actif,2,15
425,669296859000022,Société Bouregreg de Plastique SARL,SARL,Industrie,PME,61645837.22,193,2005-09-08,Mohammedia,"Zone Industrielle, N° 70, Route de Sainte Nath, Mohammedia, Maroc",0522301224,contact@societebouregregdeplastique.ma,Actif,2,14
426,609396906000073,Société Koutoubia de Manufacture SNC,SARL,Industrie,PME,86959450.71,148,2011-02-26,Mohammedia,"Zone Industrielle, N° 360, Route de Robin, Mohammedia, Maroc",0522256465,contact@societekoutoubiademanufacture.ma,Actif,2,15
427,676986599000032,Chaouia Négoce SARL AU,SARL,Commerce,TPE,3383698.91,1,2019-01-04,Mohammedia,"Zone Industrielle, N° 36, Route de Millet, Mohammedia, Maroc",0522876383,contact@chaouianegoce1.ma,Actif,2,14
428,449701561000039,Société Med de Market SA,SARL,Commerce,TPE,242419.6,9,2018-04-24,Mohammedia,"Zone Industrielle, N° 469, Route de Roger-sur-Mer, Mohammedia, Maroc",0522809731,contact@societemeddemarket.ma,Actif,2,15
429,754374295000068,Global Trading SNC,SARL,Commerce,PME,35982561.35,35,2020-01-14,Mohammedia,"Zone Industrielle, N° 120, Route de Gimenez, Mohammedia, Maroc",0522251981,contact@globaltrading.ma,Actif,2,14
430,599863643000068,Chaouia Construction SARL AU,SARL,BTP,TPE,1930076.9,8,2006-05-05,Mohammedia,"Zone Industrielle, N° 446, Route de Laporte, Mohammedia, Maroc",0522216506,contact@chaouiaconstruction.ma,Actif,2,15
431,625288882000037,Société Bahia de Entreprise SA,SARL,Tourisme,TPE,3825663.96,4,2012-02-14,Mohammedia,"Zone Industrielle, N° 277, Route de Maillard-les-Bains, Mohammedia, Maroc",0522998602,contact@societebahiadeentreprise1.ma,Actif,2,14
432,105452008000063,Société Chaouia de Trading SNC,SARL,Commerce,PME,84513957.49,81,2012-10-05,Mohammedia,"Zone Industrielle, N° 469, Route de Leduc, Mohammedia, Maroc",0522701568,contact@societechaouiadetrading.ma,Actif,2,15
433,699670808000011,Riad Oléicole SARL,SARL,Agriculture,Grande Entreprise,116023471.93,2127,2008-08-16,Mohammedia,"Zone Industrielle, N° 52, Route de Letellier, Mohammedia, Maroc",0522352194,contact@riadoleicole.ma,Actif,2,14
434,712441715000084,Somibat Distribution SARL AU,SARL,Commerce,PME,43628717.66,65,2014-03-23,Mohammedia,"Zone Industrielle, N° 449, Route de Noël, Mohammedia, Maroc",0522581592,contact@somibatdistribution.ma,Actif,2,15
435,841687850000052,Inter Entreprise 1 SNC,SA,Tourisme,TPE,2328719.91,3,2005-11-03,Mohammedia,"Zone Industrielle, N° 467, Route de Sanchez-les-Bains, Mohammedia, Maroc",0522503575,contact@interentreprise11.ma,Actif,2,14
436,155364901000024,Société Maroc de Béton SA,SNC,BTP,TPE,1553290.91,5,2006-09-22,Mohammedia,"Zone Industrielle, N° 464, Route de Labbé, Mohammedia, Maroc",0522481671,contact@societemarocdebeton1.ma,Actif,2,15
437,221931627000093,Société Riad de Holding 1 SA,SARL,Services,TPE,2380229.09,1,2011-03-11,Mohammedia,"Zone Industrielle, N° 286, Route de Pascalboeuf, Mohammedia, Maroc",0522350224,contact@societeriaddeholding1.ma,Actif,2,14
438,470684221000067,Saiss Laiterie SA,SARL,Agriculture,TPE,4701824.87,4,2018-05-02,Mohammedia,"Zone Industrielle, N° 200, Route de Sainte Alexandre-la-Forêt, Mohammedia, Maroc",0522166447,contact@saisslaiterie.ma,Actif,2,15
439,519492143000032,Bahia Plastique SARL AU,SA,Industrie,TPE,2680744.74,2,2007-04-15,Mohammedia,"Zone Industrielle, N° 51, Route de Denisdan, Mohammedia, Maroc",0522191549,contact@bahiaplastique.ma,Actif,2,14
440,547252828000097,Société Maghreb de Négoce SARL,SARL,Commerce,TPE,4787471.96,2,2011-09-21,Mohammedia,"Zone Industrielle, N° 160, Route de Maillet, Mohammedia, Maroc",0522123792,contact@societemaghrebdenegoce.ma,Actif,2,15
441,721379342000053,Chaouia Services SARL,SARL,Services,TPE,746934.11,6,2012-09-21,Mohammedia,"Zone Industrielle, N° 220, Route de Mary, Mohammedia, Maroc",0522452192,contact@chaouiaservices1.ma,Actif,2,14
442,619952085000057,Sous Textile SNC,SARL,Industrie,PME,79748314.48,134,2014-03-26,Mohammedia,"Zone Industrielle, N° 126, Route de Diazboeuf, Mohammedia, Maroc",0522372637,contact@soustextile.ma,Actif,2,15
443,843951973000095,Maghreb Market SARL AU,SNC,Commerce,Grande Entreprise,407899894.85,393,2014-03-06,Mohammedia,"Zone Industrielle, N° 372, Route de Saint CharlotteVille, Mohammedia, Maroc",0522980103,contact@maghrebmarket.ma,Actif,2,14
444,814632395000050,Société Maghreb de Négoce SARL AU,SARL,Commerce,PME,20319197.76,39,2010-04-18,Mohammedia,"Zone Industrielle, N° 27, Route de Guilbert-sur-Millet, Mohammedia, Maroc",0522841484,contact@societemaghrebdenegoce1.ma,Actif,2,15
445,591817492000050,Société Sous de Industrie SA,SNC,Industrie,Grande Entreprise,159177685.9,2036,2017-08-25,Mohammedia,"Zone Industrielle, N° 495, Route de Louis-sur-Jourdan, Mohammedia, Maroc",0522252446,contact@societesousdeindustrie.ma,Actif,2,14
446,706912715000066,Société Zilis de Entreprise 1 SARL AU,SARL,Santé,TPE,4853735.8,9,2014-10-22,Mohammedia,"Zone Industrielle, N° 419, Route de Sainte Martine-la-Forêt, Mohammedia, Maroc",0522254228,contact@societezilisdeentreprise11.ma,Actif,2,15
447,483748402000021,Société Riad de Entreprise 1 SA,SARL,Tourisme,TPE,650346.55,8,2017-10-27,Mohammedia,"Zone Industrielle, N° 238, Route de Ferreira-les-Bains, Mohammedia, Maroc",0522331069,contact@societeriaddeentreprise11.ma,Actif,2,14
448,523509129000034,Chaouia Industrie SA,SARL,Industrie,TPE,3079940.93,4,2019-11-22,Mohammedia,"Zone Industrielle, N° 272, Route de Saint Thibaut, Mohammedia, Maroc",0522191621,contact@chaouiaindustrie.ma,Actif,2,15
449,470355261000054,Maghreb Telecom SARL AU,SNC,Technologies,TPE,3055542.19,9,2016-07-12,Mohammedia,"Zone Industrielle, N° 155, Route de FerreiraBourg, Mohammedia, Maroc",0522112782,contact@maghrebtelecom.ma,Actif,2,14
450,730479792000086,Société Taza de Négoce SNC,SARL,Commerce,TPE,2283322.6,9,2018-12-14,Mohammedia,"Zone Industrielle, N° 437, Route de Tanguy, Mohammedia, Maroc",0522246347,contact@societetazadenegoce1.ma,Actif,2,15
451,696800574000069,Union Entreprise SARL AU,SARL,Éducation,TPE,1118140.57,8,2018-11-09,Mohammedia,"Zone Industrielle, N° 99, Route de Chevallier, Mohammedia, Maroc",0522534649,contact@unionentreprise1.ma,Actif,2,14
452,894414358000069,Riad Négoce SNC,SARL,Commerce,PME,76748156.04,45,2014-10-10,Mohammedia,"Zone Industrielle, N° 296, Route de Lemaîtrenec, Mohammedia, Maroc",0522618101,contact@riadnegoce.ma,Actif,2,15
453,629408646000018,Euro Security 1 SNC,SARL,Services,TPE,3976975.78,3,2012-01-04,Mohammedia,"Zone Industrielle, N° 151, Route de Bernier-sur-Petitjean, Mohammedia, Maroc",0522901865,contact@eurosecurity1.ma,Actif,2,14
454,118838880000043,Société Koutoubia de Métal SARL AU,EURL,Industrie,PME,39367153.5,133,2008-06-17,Mohammedia,"Zone Industrielle, N° 304, Route de Legros, Mohammedia, Maroc",0522868561,contact@societekoutoubiademetal1.ma,Actif,2,15
455,413171942000077,Maghreb Industrie SA,SARL,Industrie,TPE,386700.93,6,2018-11-12,Mohammedia,"Zone Industrielle, N° 158, Route de Sainte Laetitianec, Mohammedia, Maroc",0522151081,contact@maghrebindustrie.ma,Actif,2,14
456,835989586000099,Union Ferme SA,SARL,Agriculture,PME,12298534.65,59,2015-11-26,Mohammedia,"Zone Industrielle, N° 148, Route de David, Mohammedia, Maroc",0522415697,contact@unionferme.ma,Actif,2,15
457,333942807000029,Soma Nettoyage SA,SARL,Services,PME,14104173.93,158,2020-07-11,Mohammedia,"Zone Industrielle, N° 62, Route de Carpentier, Mohammedia, Maroc",0522270948,contact@somanettoyage.ma,Actif,2,14
458,842010046000056,Med Bâtiment SARL,SARL,BTP,TPE,4174710.42,9,2009-01-16,Mohammedia,"Zone Industrielle, N° 169, Route de Hebert-sur-Mer, Mohammedia, Maroc",0522465124,contact@medbatiment.ma,Actif,2,15
459,252857173000098,Euro Agro SARL AU,SA,Agriculture,TPE,2265495.75,9,2008-04-05,Mohammedia,"Zone Industrielle, N° 365, Route de Perrin, Mohammedia, Maroc",0522998435,contact@euroagro.ma,Actif,2,14
460,135210907000094,Société Bouregreg de Entreprise SNC,SARL,Éducation,TPE,714186.49,3,2020-07-02,Mohammedia,"Zone Industrielle, N° 65, Route de Devaux, Mohammedia, Maroc",0522305888,contact@societebouregregdeentreprise1.ma,Actif,2,15
461,314774593000033,Euro Entreprise SARL,SA,Tourisme,TPE,390399.66,2,2008-10-07,Mohammedia,"Zone Industrielle, N° 471, Route de Bonnet, Mohammedia, Maroc",0522716146,contact@euroentreprise2.ma,Actif,2,14
462,712285553000018,Société Saiss de Entreprise SARL AU,SARL,Transport,PME,7779616.03,47,2021-12-20,Mohammedia,"Zone Industrielle, N° 268, Route de Baron-sur-Mer, Mohammedia, Maroc",0522353569,contact@societesaissdeentreprise1.ma,Actif,2,15
463,609721894000056,Maghreb Textile SA,SARL,Industrie,TPE,2932855.02,1,2008-04-17,Mohammedia,"Zone Industrielle, N° 372, Route de Sainte Éric-sur-Mer, Mohammedia, Maroc",0522992649,contact@maghrebtextile1.ma,Actif,2,14
464,232731028000069,Taza Digital SA,SARL,Technologies,PME,22586949.0,182,2012-07-04,Mohammedia,"Zone Industrielle, N° 170, Route de Lefebvre-sur-Girard, Mohammedia, Maroc",0522898395,contact@tazadigital.ma,Actif,2,15
465,837710623000066,Inter Génie Civil SARL,SARL,BTP,TPE,765970.61,6,2014-08-20,Mohammedia,"Zone Industrielle, N° 169, Route de Berger, Mohammedia, Maroc",0522871934,contact@intergeniecivil.ma,Actif,2,14
466,661204449000094,Koutoubia Import-Export SARL,SARL,Commerce,TPE,2095682.88,7,2020-11-04,Mohammedia,"Zone Industrielle, N° 234, Route de Moreno, Mohammedia, Maroc",0522515623,contact@koutoubiaimportexport.ma,Actif,2,15
467,534102044000025,Société Maghreb de Services SARL,SARL,Services,PME,16325695.17,111,2011-06-07,Mohammedia,"Zone Industrielle, N° 442, Route de Muller, Mohammedia, Maroc",0522723861,contact@societemaghrebdeservices1.ma,Actif,2,14
468,924633240000068,Société Taza de Conseil SARL AU,SARL,Services,TPE,2181050.61,8,2017-08-17,Mohammedia,"Zone Industrielle, N° 85, Route de Guillaume-sur-Mer, Mohammedia, Maroc",0522392438,contact@societetazadeconseil1.ma,Actif,2,15
469,510849034000087,Somibat Wholesale SA,SARL,Commerce,TPE,1328380.32,8,2007-08-22,Mohammedia,"Zone Industrielle, N° 101, Route de Boulanger, Mohammedia, Maroc",0522128048,contact@somibatwholesale.ma,Actif,2,14
470,626402312000074,Société Bouregreg de Béton 1 SARL,SA,BTP,PME,19509981.86,169,2019-04-10,Mohammedia,"Zone Industrielle, N° 264, Route de Godard, Mohammedia, Maroc",0522794255,contact@societebouregregdebeton1.ma,Actif,2,15
471,289911827000081,Maroc Métal SARL,SARL,Industrie,TPE,1783716.68,9,2017-08-15,Mohammedia,"Zone Industrielle, N° 26, Route de Sainte William, Mohammedia, Maroc",0522137728,contact@marocmetal.ma,Actif,2,14
472,694620935000097,Euro Wholesale SNC,SARL,Commerce,PME,79041334.61,190,2008-10-22,Mohammedia,"Zone Industrielle, N° 347, Route de Gimenez, Mohammedia, Maroc",0522614382,contact@eurowholesale1.ma,Actif,2,15
473,405412480000051,Sous Entreprise SARL,SARL,Transport,TPE,2402110.06,9,2017-10-22,Mohammedia,"Zone Industrielle, N° 402, Route de Roger, Mohammedia, Maroc",0522469899,contact@sousentreprise1.ma,Actif,2,14
474,483718906000062,Société Bahia de Entreprise SARL AU,SA,Transport,TPE,2993270.73,3,2015-07-04,Mohammedia,"Zone Industrielle, N° 186, Route de Saint GillesVille, Mohammedia, Maroc",0522548945,contact@societebahiadeentreprise2.ma,Actif,2,15
475,678120648000051,Société Maroc de Wholesale SARL AU,SARL,Commerce,TPE,3340076.03,4,2014-02-11,Mohammedia,"Zone Industrielle, N° 20, Route de Gomez, Mohammedia, Maroc",0522278026,contact@societemarocdewholesale.ma,Actif,2,14
476,446197308000083,Atlas Câblage SNC,SARL,Industrie,TPE,3323062.15,7,2005-06-13,Mohammedia,"Zone Industrielle, N° 209, Route de Breton-sur-Durand, Mohammedia, Maroc",0522698059,contact@atlascablage.ma,Actif,2,15
477,945195456000019,Union Conseil SARL AU,SARL,Services,TPE,2492957.23,4,2018-04-16,Mohammedia,"Zone Industrielle, N° 443, Route de Aubry, Mohammedia, Maroc",0522766311,contact@unionconseil1.ma,Actif,2,14
478,735509839000053,Société Taza de Logistique SARL AU,SARL,Services,PME,55904232.23,83,2007-12-28,Mohammedia,"Zone Industrielle, N° 58, Route de Saint Nicole, Mohammedia, Maroc",0522706279,contact@societetazadelogistique.ma,Actif,2,15
479,812381203000079,Bouregreg Industrie SA,SA,Industrie,TPE,2875498.64,9,2014-09-26,Mohammedia,"Zone Industrielle, N° 231, Route de LaineBourg, Mohammedia, Maroc",0522414477,contact@bouregregindustrie.ma,Actif,2,14
480,300294656000083,Société Bouregreg de Béton SNC,SARL,BTP,TPE,2130139.83,5,2005-11-23,Mohammedia,"Zone Industrielle, N° 451, Route de Sainte Carolineboeuf, Mohammedia, Maroc",0522641300,contact@societebouregregdebeton2.ma,Actif,2,15
481,261568779000097,Société Zilis de Holding SNC,SARL,Services,TPE,3337950.46,8,2011-06-15,Mohammedia,"Zone Industrielle, N° 133, Route de AllainBourg, Mohammedia, Maroc",0522254920,contact@societezilisdeholding.ma,Actif,2,14
482,745568239000040,Société Chaouia de Security SARL,SARL,Services,PME,85191589.6,115,2014-11-06,Mohammedia,"Zone Industrielle, N° 361, Route de Gaudin-sur-Mer, Mohammedia, Maroc",0522368903,contact@societechaouiadesecurity.ma,Actif,2,15
483,392822240000027,Med Market SARL AU,EURL,Commerce,TPE,656437.03,4,2018-11-02,Mohammedia,"Zone Industrielle, N° 91, Route de Bertrand-sur-Petitjean, Mohammedia, Maroc",0522311802,contact@medmarket.ma,Actif,2,14
484,745962806000048,Société Atlas de Aménagement SA,SARL,BTP,TPE,3969382.22,5,2005-01-28,Mohammedia,"Zone Industrielle, N° 170, Route de Hernandezdan, Mohammedia, Maroc",0522188006,contact@societeatlasdeamenagement.ma,Actif,2,15
485,723220947000077,Zilis Entreprise SARL,SARL,Tourisme,PME,90554614.07,114,2021-02-17,Mohammedia,"Zone Industrielle, N° 434, Route de Saint Christiane, Mohammedia, Maroc",0522796482,contact@zilisentreprise1.ma,Actif,2,14
486,288070455000037,Bahia Câblage SARL AU,SARL,Industrie,TPE,4434367.83,4,2012-07-07,Mohammedia,"Zone Industrielle, N° 64, Route de LaunayBourg, Mohammedia, Maroc",0522251286,contact@bahiacablage.ma,Actif,2,15
487,833084825000041,Riad Entreprise 1 SARL,SA,Transport,Grande Entreprise,275790165.09,1241,2008-06-18,Mohammedia,"Zone Industrielle, N° 253, Route de Mendèsdan, Mohammedia, Maroc",0522544366,contact@riadentreprise11.ma,Actif,2,14
488,158703982000098,Atlas Holding 1 SARL AU,EURL,Services,Grande Entreprise,451773416.35,793,2006-12-22,Mohammedia,"Zone Industrielle, N° 491, Route de Saint Tristan-les-Bains, Mohammedia, Maroc",0522937750,contact@atlasholding1.ma,Actif,2,15
489,575026390000059,Société Zilis de Plastique SARL AU,SNC,Industrie,Grande Entreprise,368639437.08,1236,2008-09-28,Mohammedia,"Zone Industrielle, N° 449, Route de Saint Robertboeuf, Mohammedia, Maroc",0522347864,contact@societezilisdeplastique.ma,Actif,2,14
490,394244475000020,Chaouia Logistique SA,SNC,Services,TPE,4807665.04,5,2015-11-14,Mohammedia,"Zone Industrielle, N° 27, Route de Godard-la-Forêt, Mohammedia, Maroc",0522927659,contact@chaouialogistique.ma,Actif,2,15
491,746517065000080,Société Taza de Agro SARL AU,SA,Agriculture,PME,94347064.92,130,2013-09-03,Mohammedia,"Zone Industrielle, N° 225, Route de Bodinnec, Mohammedia, Maroc",0522468948,contact@societetazadeagro.ma,Actif,2,14
492,718270581000020,Société Med de Export Agri SA,SARL,Agriculture,PME,48059866.55,17,2017-04-21,Mohammedia,"Zone Industrielle, N° 170, Route de Saint Dominique-sur-Mer, Mohammedia, Maroc",0522420389,contact@societemeddeexportagri.ma,Actif,2,15
493,987736032000051,Med Entreprise SNC,SNC,Transport,TPE,1323057.47,3,2009-05-06,Mohammedia,"Zone Industrielle, N° 313, Route de Sauvage-sur-Mer, Mohammedia, Maroc",0522820861,contact@medentreprise.ma,Actif,2,14
494,345572533000021,Bahia Logistique SNC,SARL,Services,PME,23873053.36,116,2005-09-21,Mohammedia,"Zone Industrielle, N° 330, Route de Maillotdan, Mohammedia, Maroc",0522741731,contact@bahialogistique.ma,Actif,2,15
495,871573078000077,Société Sous de Trading SNC,SARL,Commerce,Grande Entreprise,179306481.07,891,2016-03-19,Mohammedia,"Zone Industrielle, N° 17, Route de LegrosBourg, Mohammedia, Maroc",0522223050,contact@societesousdetrading.ma,Actif,2,14
496,239800466000065,Afric Entreprise SNC,SARL,Transport,TPE,4607946.34,8,2013-05-24,Mohammedia,"Zone Industrielle, N° 205, Route de Launay, Mohammedia, Maroc",0522618172,contact@africentreprise1.ma,Actif,2,15
497,584232533000041,Maghreb Oléicole SA,SA,Agriculture,PME,62007864.72,82,2005-05-09,Mohammedia,"Zone Industrielle, N° 326, Route de Chartier, Mohammedia, Maroc",0522346924,contact@maghreboleicole.ma,Actif,2,14
498,890385760000086,Inter Wholesale 1 SNC,SARL,Commerce,TPE,3452908.72,8,2011-12-13,Mohammedia,"Zone Industrielle, N° 226, Route de Besson, Mohammedia, Maroc",0522842866,contact@interwholesale1.ma,Actif,2,15
499,509028714000048,Saiss Market SA,SNC,Commerce,TPE,566869.17,1,2006-01-09,Mohammedia,"Zone Industrielle, N° 327, Route de Torres, Mohammedia, Maroc",0522629050,contact@saissmarket1.ma,Actif,2,14
500,440716951000077,Société Maghreb de Entreprise SARL,SARL,Santé,Grande Entreprise,368504808.46,741,2020-06-15,Mohammedia,"Zone Industrielle, N° 55, Route de MercierBourg, Mohammedia, Maroc",0522238327,contact@societemaghrebdeentreprise2.ma,Actif,2,15
501,917723031000043,Sous Wholesale SA,SARL,Commerce,TPE,1375989.45,6,2018-05-09,Mohammedia,"Zone Industrielle, N° 434, Route de Saint AuroreBourg, Mohammedia, Maroc",0522742705,contact@souswholesale.ma,Actif,2,14
502,346810881000033,Compagnie du Holding SNC,SARL,Services,TPE,2235299.31,3,2019-01-07,Mohammedia,"Zone Industrielle, N° 37, Route de Dumont, Mohammedia, Maroc",0522255840,contact@compagnieduholding1.ma,Actif,2,15
503,872840670000028,Société Marocaine de Conseil SNC,EURL,Services,TPE,1375097.42,8,2020-08-16,Mohammedia,"Zone Industrielle, N° 443, Route de Lopezboeuf, Mohammedia, Maroc",0522217955,contact@societemarocainedeconseil2.ma,Actif,2,14
504,712878747000033,Société Riad de Import-Export SA,SARL,Commerce,TPE,558531.6,5,2011-10-01,Mohammedia,"Zone Industrielle, N° 402, Route de Sainte Adriennenec, Mohammedia, Maroc",0522651567,contact@societeriaddeimportexport.ma,Actif,2,15
505,213891709000051,Euro Aménagement SARL AU,EURL,BTP,TPE,476493.77,8,2008-07-12,Mohammedia,"Zone Industrielle, N° 485, Route de Sainte Joséphine, Mohammedia, Maroc",0522719014,contact@euroamenagement.ma,Actif,2,14
506,885490692000082,Société Koutoubia de Industrie 1 SARL AU,SARL,Industrie,TPE,497209.86,8,2006-11-20,Mohammedia,"Zone Industrielle, N° 176, Route de Benard, Mohammedia, Maroc",0522575111,contact@societekoutoubiadeindustrie1.ma,Actif,2,15
507,357784072000061,Société Maroc de Nettoyage SARL,EURL,Services,TPE,4330066.33,5,2017-02-13,Mohammedia,"Zone Industrielle, N° 101, Route de Saint Honorédan, Mohammedia, Maroc",0522367558,contact@societemarocdenettoyage.ma,Actif,2,14
508,965815151000049,Koutoubia Holding SNC,SARL,Services,TPE,4276494.58,3,2014-08-26,Mohammedia,"Zone Industrielle, N° 386, Route de Nicolas, Mohammedia, Maroc",0522553360,contact@koutoubiaholding.ma,Actif,2,15
509,554268579000021,Société Chaouia de Génie Civil SARL AU,SARL,BTP,Grande Entreprise,341405442.75,1670,2017-08-09,Mohammedia,"Zone Industrielle, N° 317, Route de Berthelot, Mohammedia, Maroc",0522690408,contact@societechaouiadegeniecivil.ma,Actif,2,14
510,866260270000029,Somaco Market 1 SNC,SARL,Commerce,PME,82044464.16,167,2019-11-08,Mohammedia,"Zone Industrielle, N° 361, Route de Noël, Mohammedia, Maroc",0522779068,contact@somacomarket1.ma,Actif,2,15
511,422561333000041,Taza Industrie SARL AU,SNC,Industrie,Grande Entreprise,310911484.45,2851,2020-05-05,Mohammedia,"Zone Industrielle, N° 360, Route de Baudry, Mohammedia, Maroc",0522233997,contact@tazaindustrie.ma,Actif,2,14
512,972763942000042,Société Maroc de Textile SARL,SARL,Industrie,TPE,1547860.01,1,2008-08-22,Mohammedia,"Zone Industrielle, N° 301, Route de Gilbert, Mohammedia, Maroc",0522855299,contact@societemarocdetextile1.ma,Actif,2,15
513,877490744000068,Soma Négoce SNC,SARL,Commerce,TPE,2969282.64,9,2018-12-10,Mohammedia,"Zone Industrielle, N° 310, Route de GosselinVille, Mohammedia, Maroc",0522429196,contact@somanegoce.ma,Actif,2,14
514,119236325000010,Soma Services SA,SA,Services,PME,47745051.04,77,2013-11-04,Mohammedia,"Zone Industrielle, N° 283, Route de Descamps-sur-Lemonnier, Mohammedia, Maroc",0522554871,contact@somaservices2.ma,Actif,2,15
515,841592991000096,Société Zilis de Textile SNC,SA,Industrie,TPE,165192.54,8,2014-10-27,Mohammedia,"Zone Industrielle, N° 194, Route de Leroy, Mohammedia, Maroc",0522746703,contact@societezilisdetextile1.ma,Actif,2,14
516,255858123000093,Afric Distribution SA,SA,Commerce,Grande Entreprise,370040915.59,1439,2011-01-07,Mohammedia,"Zone Industrielle, N° 342, Route de Maillard, Mohammedia, Maroc",0522604487,contact@africdistribution.ma,Actif,2,15
517,578100665000072,Maghreb Négoce SARL AU,SARL,Commerce,TPE,4226239.58,9,2008-03-05,Mohammedia,"Zone Industrielle, N° 369, Route de Maillot, Mohammedia, Maroc",0522874668,contact@maghrebnegoce.ma,Actif,2,14
518,721332807000086,Inter Distribution 1 SNC,SARL,Commerce,TPE,4313002.58,4,2018-07-28,Mohammedia,"Zone Industrielle, N° 387, Route de Robert, Mohammedia, Maroc",0522619782,contact@interdistribution1.ma,Actif,2,15
519,120422206000064,Société Bahia de Câblage SNC,SARL,Industrie,PME,99907504.94,19,2020-04-23,Mohammedia,"Zone Industrielle, N° 280, Route de Meunier, Mohammedia, Maroc",0522163653,contact@societebahiadecablage.ma,Actif,2,14
520,273230463000046,Maroc Entreprise SNC,SARL,Tourisme,PME,57559290.09,78,2016-08-23,Mohammedia,"Zone Industrielle, N° 20, Route de Descamps-sur-Maréchal, Mohammedia, Maroc",0522557420,contact@marocentreprise.ma,Actif,2,15
521,519157914000063,Société Koutoubia de Import-Export SA,SNC,Commerce,PME,49577841.52,122,2019-03-10,Mohammedia,"Zone Industrielle, N° 374, Route de Saint NicoleVille, Mohammedia, Maroc",0522858115,contact@societekoutoubiadeimportexport.ma,Actif,2,14
522,314194552000030,Union Logistique SNC,SARL,Services,PME,68945192.9,198,2007-11-16,Mohammedia,"Zone Industrielle, N° 98, Route de Saint Alexandrianec, Mohammedia, Maroc",0522235367,contact@unionlogistique1.ma,Actif,2,15
523,270301326000032,Chaouia Systems SNC,SARL,Technologies,PME,14585853.93,116,2005-06-09,Mohammedia,"Zone Industrielle, N° 356, Route de Leblanc-les-Bains, Mohammedia, Maroc",0522474387,contact@chaouiasystems.ma,Actif,2,14
524,481437091000015,Maroc Agrumes SARL AU,SARL,Agriculture,PME,89973459.71,18,2012-08-09,Mohammedia,"Zone Industrielle, N° 411, Route de Langlois, Mohammedia, Maroc",0522456855,contact@marocagrumes1.ma,Actif,2,15
525,939833881000023,Société Atlas de Entreprise SARL,SA,Transport,PME,57917123.25,48,2008-02-26,Mohammedia,"Zone Industrielle, N° 322, Route de Diallo, Mohammedia, Maroc",0522740231,contact@societeatlasdeentreprise2.ma,Actif,2,14
526,206616380000029,Inter Trading SARL,SA,Commerce,PME,8987096.53,36,2019-09-16,Mohammedia,"Zone Industrielle, N° 455, Route de Godard-sur-Clément, Mohammedia, Maroc",0522868136,contact@intertrading1.ma,Actif,2,15
527,191519166000044,Taza Distribution SA,SARL,Commerce,PME,36787714.9,45,2020-06-10,Mohammedia,"Zone Industrielle, N° 97, Route de Saint Hugues, Mohammedia, Maroc",0522629554,contact@tazadistribution.ma,Actif,2,14
528,592582348000076,Compagnie du Génie Civil SA,SA,BTP,TPE,3798741.54,6,2009-07-14,Mohammedia,"Zone Industrielle, N° 469, Route de Girard-sur-Parent, Mohammedia, Maroc",0522529191,contact@compagniedugeniecivil.ma,Actif,2,15
529,276442282000065,Société Bouregreg de Nettoyage SARL,SNC,Services,PME,39368565.12,17,2007-06-11,Mohammedia,"Zone Industrielle, N° 405, Route de Sainte Capucinenec, Mohammedia, Maroc",0522521161,contact@societebouregregdenettoyage.ma,Actif,2,14
530,469536155000011,Société Zilis de Entreprise SARL,SARL,Tourisme,TPE,3820042.69,3,2014-12-24,Mohammedia,"Zone Industrielle, N° 475, Route de Seguindan, Mohammedia, Maroc",0522428933,contact@societezilisdeentreprise3.ma,Actif,2,15
531,796597530000061,Koutoubia Systems SNC,SNC,Technologies,PME,90519809.57,166,2019-12-12,Mohammedia,"Zone Industrielle, N° 410, Route de Maillard-sur-Mer, Mohammedia, Maroc",0522951266,contact@koutoubiasystems.ma,Actif,2,14
532,199664255000075,Zilis Wholesale SARL AU,SA,Commerce,PME,88692594.83,31,2009-09-18,Mohammedia,"Zone Industrielle, N° 119, Route de Noëlboeuf, Mohammedia, Maroc",0522397719,contact@ziliswholesale.ma,Actif,2,15
533,885964167000017,Société Bahia de Import-Export SARL,SARL,Commerce,PME,54526907.19,172,2014-12-14,Mohammedia,"Zone Industrielle, N° 66, Route de Masson-la-Forêt, Mohammedia, Maroc",0522629818,contact@societebahiadeimportexport1.ma,Actif,2,14
534,900751626000084,Société Maroc de Security SARL,SARL,Services,PME,29676863.51,139,2005-08-11,Mohammedia,"Zone Industrielle, N° 422, Route de Coulon-sur-Laine, Mohammedia, Maroc",0522347565,contact@societemarocdesecurity1.ma,Actif,2,15
535,365894267000023,Sous Construction SA,SA,BTP,PME,89962195.3,170,2009-12-13,Mohammedia,"Zone Industrielle, N° 387, Route de Lambert, Mohammedia, Maroc",0522644909,contact@sousconstruction.ma,Actif,2,14
536,579065046000019,Société Taza de Métal SA,SARL,Industrie,TPE,2953608.32,6,2006-07-05,Mohammedia,"Zone Industrielle, N° 119, Route de Delaunay, Mohammedia, Maroc",0522599387,contact@societetazademetal.ma,Actif,2,15
537,984561220000030,Bahia Métal SNC,SARL,Industrie,TPE,2678652.46,9,2019-12-16,Mohammedia,"Zone Industrielle, N° 223, Route de Lefèvre-sur-Robert, Mohammedia, Maroc",0522867260,contact@bahiametal.ma,Actif,2,14
538,538752236000024,Société Chaouia de Négoce SARL,SARL,Commerce,TPE,722907.49,8,2010-09-12,Mohammedia,"Zone Industrielle, N° 318, Route de Hernandez, Mohammedia, Maroc",0522224535,contact@societechaouiadenegoce.ma,Actif,2,15
539,941590785000085,Sous Plastique SARL,SARL,Industrie,TPE,2901647.3,1,2020-01-26,Mohammedia,"Zone Industrielle, N° 82, Route de Gosselin, Mohammedia, Maroc",0522249809,contact@sousplastique.ma,Actif,2,14
540,616659256000083,Société Marocaine de Entreprise 2 SA,SARL,Tourisme,TPE,4690421.21,5,2016-02-28,Mohammedia,"Zone Industrielle, N° 223, Route de Salmon, Mohammedia, Maroc",0522146852,contact@societemarocainedeentreprise2.ma,Actif,2,15
541,816422822000067,Société Bahia de Ferme SNC,SA,Agriculture,TPE,2316634.7,6,2021-11-15,Mohammedia,"Zone Industrielle, N° 240, Route de Charpentier, Mohammedia, Maroc",0522898678,contact@societebahiadeferme.ma,Actif,2,14
542,793547595000021,Chaouia Oléicole SNC,SARL,Agriculture,TPE,3666534.36,2,2006-11-15,Mohammedia,"Zone Industrielle, N° 152, Route de Mathieu, Mohammedia, Maroc",0522871660,contact@chaouiaoleicole.ma,Actif,2,15
543,913483088000016,Société Koutoubia de Bâtiment 1 SARL AU,SARL,BTP,PME,72184819.48,156,2007-04-20,Mohammedia,"Zone Industrielle, N° 305, Route de Sainte Océane, Mohammedia, Maroc",0522668154,contact@societekoutoubiadebatiment11.ma,Actif,2,14
544,722290025000066,Compagnie du Manufacture SARL,EURL,Industrie,Grande Entreprise,308701515.76,2149,2013-04-08,Mohammedia,"Zone Industrielle, N° 371, Route de Roger-les-Bains, Mohammedia, Maroc",0522969993,contact@compagniedumanufacture.ma,Actif,2,15
545,510181168000042,Atlas Conseil SARL,SARL,Services,TPE,2714364.95,6,2018-01-28,Mohammedia,"Zone Industrielle, N° 172, Route de Rossi-sur-Mer, Mohammedia, Maroc",0522653545,contact@atlasconseil.ma,Actif,2,14
546,449278231000033,Euro Distribution SA,SARL,Commerce,TPE,4900951.96,9,2018-11-06,Mohammedia,"Zone Industrielle, N° 324, Route de Vaillantboeuf, Mohammedia, Maroc",0522161775,contact@eurodistribution1.ma,Actif,2,15
547,741028831000085,Saiss Import-Export SA,SARL,Commerce,TPE,386658.73,7,2008-01-07,Mohammedia,"Zone Industrielle, N° 395, Route de Sainte NicoleVille, Mohammedia, Maroc",0522351262,contact@saissimportexport2.ma,Actif,2,14
548,780259788000039,Atlas Conseil 1 SARL,SARL,Services,TPE,2592244.24,9,2018-02-16,Mohammedia,"Zone Industrielle, N° 218, Route de Moreaudan, Mohammedia, Maroc",0522130310,contact@atlasconseil1.ma,Actif,2,15
549,637335173000036,Compagnie du Entreprise SARL,SARL,Santé,Grande Entreprise,107449133.01,2469,2018-08-03,Mohammedia,"Zone Industrielle, N° 335, Route de Sainte Hortensenec, Mohammedia, Maroc",0522987386,contact@compagnieduentreprise1.ma,Actif,2,14
550,100582968000017,Société Taza de Entreprise 1 SA,SARL,Éducation,PME,18524867.9,148,2019-10-10,Mohammedia,"Zone Industrielle, N° 95, Route de Lebon-sur-Lacombe, Mohammedia, Maroc",0522784781,contact@societetazadeentreprise11.ma,Actif,2,15
551,673474007000082,Koutoubia Logistique SNC,SARL,Services,Grande Entreprise,292874503.95,2648,2021-05-02,Mohammedia,"Zone Industrielle, N° 388, Route de CharpentierBourg, Mohammedia, Maroc",0522269257,contact@koutoubialogistique.ma,Actif,2,14
552,586102339000044,Chaouia Entreprise SARL AU,SNC,Transport,TPE,539604.01,2,2015-11-09,Mohammedia,"Zone Industrielle, N° 372, Route de Lefebvreboeuf, Mohammedia, Maroc",0522889256,contact@chaouiaentreprise.ma,Actif,2,15
553,543630426000081,Soma Wholesale SARL AU,SNC,Commerce,TPE,4916807.54,6,2020-01-01,Mohammedia,"Zone Industrielle, N° 98, Route de Maurice, Mohammedia, Maroc",0522805383,contact@somawholesale1.ma,Actif,2,14
554,745652639000055,Société Atlas de Câblage SARL,SARL,Industrie,PME,71813469.13,110,2008-06-27,Mohammedia,"Zone Industrielle, N° 433, Route de Blotboeuf, Mohammedia, Maroc",0522494659,contact@societeatlasdecablage.ma,Actif,2,15
555,305634099000021,Société Marocaine de Distribution SARL AU,SARL,Commerce,TPE,4211814.38,1,2005-05-22,Mohammedia,"Zone Industrielle, N° 193, Route de Sainte CamilleBourg, Mohammedia, Maroc",0522843647,contact@societemarocainededistribution.ma,Actif,2,14
556,525294302000024,Atlas Import-Export SNC,SARL,Commerce,PME,64397473.03,193,2011-01-07,Mohammedia,"Zone Industrielle, N° 336, Route de Nguyen, Mohammedia, Maroc",0522961010,contact@atlasimportexport.ma,Actif,2,15
557,169846182000026,Société Zilis de Market SA,SA,Commerce,PME,59064711.98,136,2010-02-19,Mohammedia,"Zone Industrielle, N° 391, Route de Maréchal-sur-Hardy, Mohammedia, Maroc",0522234476,contact@societezilisdemarket1.ma,Actif,2,14
558,797964448000016,Somaco Entreprise SARL AU,SA,Tourisme,TPE,2892526.12,4,2019-01-14,Mohammedia,"Zone Industrielle, N° 354, Route de Sainte Thierryboeuf, Mohammedia, Maroc",0522772101,contact@somacoentreprise1.ma,Actif,2,15
559,581961364000050,Saiss Nettoyage SNC,SA,Services,PME,35684930.13,114,2012-01-09,Mohammedia,"Zone Industrielle, N° 282, Route de Le Roux, Mohammedia, Maroc",0522540467,contact@saissnettoyage.ma,Actif,2,14
560,167478361000090,Société Chaouia de Entreprise SARL,EURL,Tourisme,TPE,1053579.88,2,2012-04-06,Mohammedia,"Zone Industrielle, N° 169, Route de Garnier, Mohammedia, Maroc",0522445217,contact@societechaouiadeentreprise1.ma,Actif,2,15
561,952670321000040,Chaouia Agro SARL AU,SARL,Agriculture,PME,7647911.46,120,2015-01-27,Mohammedia,"Zone Industrielle, N° 276, Route de CouturierBourg, Mohammedia, Maroc",0522449792,contact@chaouiaagro.ma,Actif,2,14
562,844493568000018,Société Med de Nettoyage SARL,SARL,Services,Grande Entreprise,410299788.71,2737,2006-01-13,Mohammedia,"Zone Industrielle, N° 465, Route de Gros-sur-Mer, Mohammedia, Maroc",0522428497,contact@societemeddenettoyage.ma,Actif,2,15
563,202896950000089,Somibat Wholesale SNC,SARL,Commerce,PME,10890212.19,123,2006-05-28,Mohammedia,"Zone Industrielle, N° 215, Route de Marty, Mohammedia, Maroc",0522499985,contact@somibatwholesale1.ma,Actif,2,14
564,127887311000068,Taza Oléicole SARL,SA,Agriculture,PME,27145638.48,163,2008-06-21,Mohammedia,"Zone Industrielle, N° 410, Route de Huet, Mohammedia, Maroc",0522808602,contact@tazaoleicole.ma,Actif,2,15
565,552052831000071,Société Bouregreg de Trading SARL,SNC,Commerce,TPE,2980285.45,2,2009-11-17,Mohammedia,"Zone Industrielle, N° 191, Route de Saint Pierre-sur-Mer, Mohammedia, Maroc",0522368735,contact@societebouregregdetrading.ma,Actif,2,14
566,726706507000079,Soma Import-Export SARL,SARL,Commerce,PME,47239309.79,72,2021-11-25,Mohammedia,"Zone Industrielle, N° 169, Route de Marion, Mohammedia, Maroc",0522475121,contact@somaimportexport.ma,Actif,2,15
567,996762249000081,Atlas Béton SARL AU,SARL,BTP,PME,19003860.95,89,2009-01-08,Mohammedia,"Zone Industrielle, N° 429, Route de Samson, Mohammedia, Maroc",0522631741,contact@atlasbeton1.ma,Actif,2,14
568,721063811000082,Inter Entreprise SA,SA,Santé,PME,45095808.34,60,2019-10-23,Mohammedia,"Zone Industrielle, N° 446, Route de Saint Pénélopedan, Mohammedia, Maroc",0522447231,contact@interentreprise2.ma,Actif,2,15
569,600940025000089,Bouregreg Services 1 SARL,SARL,Services,Grande Entreprise,346441254.91,1914,2005-11-08,Mohammedia,"Zone Industrielle, N° 127, Route de Faivredan, Mohammedia, Maroc",0522826894,contact@bouregregservices1.ma,Actif,2,14
570,132231138000081,Global Ferme SNC,SA,Agriculture,TPE,2455656.42,6,2005-06-01,Mohammedia,"Zone Industrielle, N° 193, Route de Weiss-sur-Bousquet, Mohammedia, Maroc",0522177312,contact@globalferme.ma,Actif,2,15
571,464876250000080,Somaco Travaux SARL AU,SARL,BTP,TPE,1523823.46,4,2010-04-09,Mohammedia,"Zone Industrielle, N° 99, Route de Breton-sur-Techer, Mohammedia, Maroc",0522853754,contact@somacotravaux.ma,Actif,2,14
572,357859027000057,Soma Entreprise SARL,SA,Transport,TPE,1060339.04,3,2008-06-07,Mohammedia,"Zone Industrielle, N° 243, Route de Fernandes, Mohammedia, Maroc",0522419891,contact@somaentreprise2.ma,Actif,2,15
573,845556818000057,Société Maroc de Entreprise 1 SNC,SARL,Santé,PME,67786327.95,144,2009-04-07,Mohammedia,"Zone Industrielle, N° 203, Route de Mercierdan, Mohammedia, Maroc",0522658424,contact@societemarocdeentreprise11.ma,Actif,2,14
574,235783814000075,Société Sous de Web SA,SARL,Technologies,TPE,2204746.81,4,2012-01-21,Mohammedia,"Zone Industrielle, N° 153, Route de Lefort-la-Forêt, Mohammedia, Maroc",0522934259,contact@societesousdeweb.ma,Actif,2,15
575,635354547000076,Société Bahia de Agro SNC,SARL,Agriculture,Grande Entreprise,454333715.11,1057,2017-11-25,Mohammedia,"Zone Industrielle, N° 201, Route de Maury, Mohammedia, Maroc",0522633891,contact@societebahiadeagro.ma,Actif,2,14
576,139303775000036,Société Med de Métal SNC,SARL,Industrie,TPE,1676933.35,6,2017-11-26,Mohammedia,"Zone Industrielle, N° 342, Route de Sainte Corinne, Mohammedia, Maroc",0522712350,contact@societemeddemetal.ma,Actif,2,15
577,907048786000020,Taza Nettoyage SARL AU,SARL,Services,TPE,1094702.43,4,2016-05-18,Mohammedia,"Zone Industrielle, N° 78, Route de Sainte Célinadan, Mohammedia, Maroc",0522188876,contact@tazanettoyage.ma,Actif,2,14
578,634232794000050,Société Bahia de Plastique SNC,SARL,Industrie,TPE,2642221.53,4,2019-07-14,Mohammedia,"Zone Industrielle, N° 421, Route de Saint Alexandrie, Mohammedia, Maroc",0522485364,contact@societebahiadeplastique.ma,Actif,2,15
579,396809027000039,Maroc Import-Export SARL,SA,Commerce,TPE,221119.16,8,2021-09-21,Mohammedia,"Zone Industrielle, N° 412, Route de Garnier, Mohammedia, Maroc",0522181955,contact@marocimportexport.ma,Actif,2,14
580,907865473000079,Inter Plastique SARL AU,SARL,Industrie,TPE,449608.52,1,2013-04-23,Mohammedia,"Zone Industrielle, N° 80, Route de Sainte CélinaVille, Mohammedia, Maroc",0522733375,contact@interplastique1.ma,Actif,2,15
581,260289403000060,Taza Nettoyage 1 SARL AU,SA,Services,Grande Entreprise,103413551.36,1426,2005-08-21,Mohammedia,"Zone Industrielle, N° 399, Route de Masse-sur-Mer, Mohammedia, Maroc",0522637549,contact@tazanettoyage1.ma,Actif,2,14
582,849408730000063,Société Med de Plastique SNC,SA,Industrie,TPE,3644345.86,4,2015-04-14,Mohammedia,"Zone Industrielle, N° 492, Route de Texier, Mohammedia, Maroc",0522907540,contact@societemeddeplastique1.ma,Actif,2,15
583,480815903000053,Société Maghreb de Import-Export SA,SNC,Commerce,TPE,2304862.48,9,2005-08-26,Mohammedia,"Zone Industrielle, N° 437, Route de Charrier-les-Bains, Mohammedia, Maroc",0522790852,contact@societemaghrebdeimportexport.ma,Actif,2,14
584,776284800000087,Bahia Agro SARL AU,SARL,Agriculture,TPE,2186024.81,7,2006-03-05,Mohammedia,"Zone Industrielle, N° 300, Route de Sainte François, Mohammedia, Maroc",0522446292,contact@bahiaagro.ma,Actif,2,15
585,427110579000021,Maroc Entreprise SA,SARL,Éducation,Grande Entreprise,329551493.73,1801,2008-06-19,Mohammedia,"Zone Industrielle, N° 337, Route de Delannoy, Mohammedia, Maroc",0522573469,contact@marocentreprise1.ma,Actif,2,14
586,808207780000077,Soma Trading SNC,SARL,Commerce,TPE,3406939.14,3,2017-05-07,Mohammedia,"Zone Industrielle, N° 159, Route de Saint Augustin-sur-Mer, Mohammedia, Maroc",0522344359,contact@somatrading1.ma,Actif,2,15
587,173833701000059,Taza Trading SARL AU,EURL,Commerce,TPE,381520.59,9,2009-09-14,Mohammedia,"Zone Industrielle, N° 390, Route de Navarro-les-Bains, Mohammedia, Maroc",0522601482,contact@tazatrading.ma,Actif,2,14
588,835336980000068,Zilis Entreprise SARL AU,SARL,Tourisme,Grande Entreprise,446279797.57,732,2014-10-07,Mohammedia,"Zone Industrielle, N° 376, Route de Guichard, Mohammedia, Maroc",0522626883,contact@zilisentreprise2.ma,Actif,2,15
589,891659872000021,Société Bouregreg de Logistique SNC,SARL,Services,TPE,136472.21,3,2020-08-15,Mohammedia,"Zone Industrielle, N° 30, Route de Chevallier, Mohammedia, Maroc",0522704118,contact@societebouregregdelogistique.ma,Actif,2,14
590,513030888000094,Bahia Logistique SARL AU,SARL,Services,TPE,4416870.96,8,2010-10-24,Mohammedia,"Zone Industrielle, N° 244, Route de Beckerboeuf, Mohammedia, Maroc",0522553065,contact@bahialogistique1.ma,Actif,2,15
591,875681172000037,Soma Construction SARL,SNC,BTP,TPE,2886214.8,7,2014-11-03,Mohammedia,"Zone Industrielle, N° 381, Route de Roux-sur-Lefort, Mohammedia, Maroc",0522831952,contact@somaconstruction.ma,Actif,2,14
592,322664095000074,Somibat Market SARL AU,SA,Commerce,Grande Entreprise,264511263.35,2464,2015-07-15,Mohammedia,"Zone Industrielle, N° 139, Route de François, Mohammedia, Maroc",0522272846,contact@somibatmarket.ma,Actif,2,15
593,903884763000069,Global Services SNC,SARL,Services,TPE,230917.61,8,2008-12-05,Mohammedia,"Zone Industrielle, N° 353, Route de Gauthier, Mohammedia, Maroc",0522443000,contact@globalservices.ma,Actif,2,14
594,415835422000025,Société Marocaine de Construction SNC,SA,BTP,TPE,434362.14,9,2010-01-20,Mohammedia,"Zone Industrielle, N° 100, Route de Potiernec, Mohammedia, Maroc",0522205397,contact@societemarocainedeconstruction.ma,Actif,2,15
595,824823116000078,Société Sous de Travaux SARL,SARL,BTP,TPE,2015162.56,2,2010-04-23,Mohammedia,"Zone Industrielle, N° 467, Route de Fleury, Mohammedia, Maroc",0522136118,contact@societesousdetravaux.ma,Actif,2,14
596,316614577000041,Zilis Construction SARL,SARL,BTP,TPE,3514037.58,9,2005-01-25,Mohammedia,"Zone Industrielle, N° 402, Route de Gérard-sur-Le Roux, Mohammedia, Maroc",0522495727,contact@zilisconstruction.ma,Actif,2,15
597,991689612000095,Inter Trading 1 SARL,SA,Commerce,TPE,1268847.58,2,2007-04-04,Mohammedia,"Zone Industrielle, N° 437, Route de Saint Adèle-la-Forêt, Mohammedia, Maroc",0522935635,contact@intertrading11.ma,Actif,2,14
598,349546342000037,Riad Câblage SARL AU,SARL,Industrie,TPE,918531.55,7,2011-09-13,Mohammedia,"Zone Industrielle, N° 71, Route de DumontBourg, Mohammedia, Maroc",0522548665,contact@riadcablage.ma,Actif,2,15
599,769917612000057,Global Logistique SARL AU,SARL,Services,TPE,1684502.36,1,2007-11-27,Mohammedia,"Zone Industrielle, N° 342, Route de Vaillant, Mohammedia, Maroc",0522391983,contact@globallogistique.ma,Actif,2,14
600,517218963000096,Compagnie du Nettoyage 1 SNC,SARL,Services,TPE,4438754.25,7,2008-10-11,Mohammedia,"Zone Industrielle, N° 366, Route de Weissboeuf, Mohammedia, Maroc",0522761519,contact@compagniedunettoyage1.ma,Actif,2,15
601,349564952000074,Société Med de Services SARL AU,SARL,Services,Grande Entreprise,408562563.94,744,2019-07-17,Mohammedia,"Zone Industrielle, N° 389, Route de Leconte, Mohammedia, Maroc",0522771709,contact@societemeddeservices.ma,Actif,2,14
602,502141680000073,Chaouia Wholesale SARL,SARL,Commerce,PME,98896182.11,69,2012-10-03,Mohammedia,"Zone Industrielle, N° 80, Route de Morinnec, Mohammedia, Maroc",0522162833,contact@chaouiawholesale1.ma,Actif,2,15
603,945003544000015,Société Bahia de Génie Civil SA,SA,BTP,TPE,843185.87,4,2015-03-09,Mohammedia,"Zone Industrielle, N° 339, Route de ÉtienneVille, Mohammedia, Maroc",0522432963,contact@societebahiadegeniecivil.ma,Actif,2,14
604,847622862000038,Société Saiss de Laiterie SA,SARL,Agriculture,TPE,4890080.77,5,2006-11-08,Mohammedia,"Zone Industrielle, N° 361, Route de Ruiz, Mohammedia, Maroc",0522940383,contact@societesaissdelaiterie.ma,Actif,2,15
605,198525897000032,Société Marocaine de Distribution SARL,EURL,Commerce,PME,41241162.45,92,2006-11-05,Mohammedia,"Zone Industrielle, N° 74, Route de Benoit, Mohammedia, Maroc",0522314140,contact@societemarocainededistribution1.ma,Actif,2,14
606,367328888000048,Zilis Négoce SARL,SARL,Commerce,PME,83965983.47,62,2011-04-14,Mohammedia,"Zone Industrielle, N° 320, Route de Gosselin, Mohammedia, Maroc",0522285006,contact@zilisnegoce.ma,Actif,2,15
607,889123047000065,Inter Security SNC,SARL,Services,TPE,2296528.84,4,2020-08-14,Mohammedia,"Zone Industrielle, N° 322, Route de Olivier-sur-Mer, Mohammedia, Maroc",0522629837,contact@intersecurity.ma,Actif,2,14
608,508505332000069,Maroc Import-Export SNC,SARL,Commerce,PME,82862361.75,133,2009-09-24,Mohammedia,"Zone Industrielle, N° 141, Route de Meyer, Mohammedia, Maroc",0522284234,contact@marocimportexport1.ma,Actif,2,15
609,637622321000057,Maghreb Aménagement SARL,SARL,BTP,TPE,1487806.16,9,2009-04-01,Mohammedia,"Zone Industrielle, N° 451, Route de Sainte CamilleBourg, Mohammedia, Maroc",0522113457,contact@maghrebamenagement.ma,Actif,2,14
610,707317600000030,Med Entreprise SARL AU,SARL,Santé,TPE,4635886.25,7,2007-07-02,Mohammedia,"Zone Industrielle, N° 207, Route de PiresVille, Mohammedia, Maroc",0522230524,contact@medentreprise1.ma,Actif,2,15
611,555309840000041,Société Zilis de Oléicole SARL AU,SARL,Agriculture,TPE,2237859.93,5,2016-12-02,Mohammedia,"Zone Industrielle, N° 207, Route de Gosselin, Mohammedia, Maroc",0522782524,contact@societezilisdeoleicole.ma,Actif,2,14
612,746552918000084,Société Koutoubia de Aménagement SARL,SARL,BTP,TPE,269087.1,6,2019-11-05,Mohammedia,"Zone Industrielle, N° 136, Route de Payet-sur-Godard, Mohammedia, Maroc",0522366640,contact@societekoutoubiadeamenagement.ma,Actif,2,15
613,990936811000064,Société Zilis de Négoce SARL,SARL,Commerce,Grande Entreprise,436606359.96,250,2007-09-07,Mohammedia,"Zone Industrielle, N° 94, Route de Brunet-les-Bains, Mohammedia, Maroc",0522543489,contact@societezilisdenegoce.ma,Actif,2,14
614,956345554000054,Société Sous de Aménagement 1 SNC,SARL,BTP,TPE,1580875.87,9,2007-02-21,Mohammedia,"Zone Industrielle, N° 407, Route de Jacquot, Mohammedia, Maroc",0522700426,contact@societesousdeamenagement1.ma,Actif,2,15
615,847664372000063,Société Sous de Tech SNC,EURL,Technologies,PME,30557027.1,63,2020-01-04,Mohammedia,"Zone Industrielle, N° 406, Route de Gaillard-sur-Mace, Mohammedia, Maroc",0522173234,contact@societesousdetech.ma,Actif,2,14
616,328248925000033,Soma Trading SARL AU,SARL,Commerce,TPE,3307153.84,7,2021-02-15,Mohammedia,"Zone Industrielle, N° 426, Route de Bertrandnec, Mohammedia, Maroc",0522694639,contact@somatrading2.ma,Actif,2,15
617,233875825000045,Koutoubia Nettoyage SNC,SARL,Services,TPE,3774587.1,4,2010-02-10,Mohammedia,"Zone Industrielle, N° 203, Route de Labbé, Mohammedia, Maroc",0522189870,contact@koutoubianettoyage.ma,Actif,2,14
618,203983146000037,Somaco Plastique SARL,SA,Industrie,TPE,245366.59,4,2005-11-19,Mohammedia,"Zone Industrielle, N° 31, Route de Hebert, Mohammedia, Maroc",0522927543,contact@somacoplastique.ma,Actif,2,15
619,977082994000040,Med Entreprise 1 SARL AU,SARL,Éducation,TPE,135583.59,9,2015-06-22,Mohammedia,"Zone Industrielle, N° 171, Route de Jacquet-sur-Chrétien, Mohammedia, Maroc",0522459742,contact@medentreprise11.ma,Actif,2,14
620,746295060000025,Bouregreg Bâtiment SARL AU,SARL,BTP,Grande Entreprise,366031314.13,1750,2017-12-27,Mohammedia,"Zone Industrielle, N° 23, Route de Rey-sur-Mer, Mohammedia, Maroc",0522245608,contact@bouregregbatiment.ma,Actif,2,15
621,103359850000091,Med Agrumes SA,SA,Agriculture,PME,31549415.37,189,2020-09-14,Mohammedia,"Zone Industrielle, N° 106, Route de Lelièvre, Mohammedia, Maroc",0522792299,contact@medagrumes.ma,Actif,2,14
622,187369550000054,Société Saiss de Aménagement SARL,SARL,BTP,Grande Entreprise,425047619.11,268,2020-07-24,Mohammedia,"Zone Industrielle, N° 416, Route de Tessier, Mohammedia, Maroc",0522742349,contact@societesaissdeamenagement.ma,Actif,2,15
623,869513858000074,Société Taza de Entreprise SARL,SARL,Éducation,TPE,4664269.0,8,2009-09-19,Mohammedia,"Zone Industrielle, N° 448, Route de Besnard-sur-Pinto, Mohammedia, Maroc",0522922987,contact@societetazadeentreprise3.ma,Actif,2,14
624,808395905000099,Société Marocaine de Services SNC,SARL,Services,TPE,2539832.78,2,2012-04-07,Mohammedia,"Zone Industrielle, N° 395, Route de Merle, Mohammedia, Maroc",0522278711,contact@societemarocainedeservices.ma,Actif,2,15
625,814549811000027,Bouregreg Import-Export SARL AU,SARL,Commerce,TPE,2230977.69,1,2013-11-16,Mohammedia,"Zone Industrielle, N° 73, Route de Gaudinnec, Mohammedia, Maroc",0522803176,contact@bouregregimportexport.ma,Actif,2,14
626,878492981000058,Union Market SARL AU,SARL,Commerce,Grande Entreprise,353419276.25,2215,2015-07-23,Mohammedia,"Zone Industrielle, N° 386, Route de Bourgeois, Mohammedia, Maroc",0522879058,contact@unionmarket1.ma,Actif,2,15
627,302031360000024,Maroc Laiterie SA,SARL,Agriculture,PME,79582778.84,121,2007-06-24,Mohammedia,"Zone Industrielle, N° 489, Route de Dos Santos-sur-Deschamps, Mohammedia, Maroc",0522720967,contact@maroclaiterie.ma,Actif,2,14
628,956328583000096,Atlas Data SARL,SARL,Technologies,PME,17104659.31,90,2017-07-11,Mohammedia,"Zone Industrielle, N° 196, Route de Sainte Alix, Mohammedia, Maroc",0522908746,contact@atlasdata.ma,Actif,2,15
629,418711858000038,Global Bâtiment SA,SARL,BTP,Grande Entreprise,150522945.88,2918,2019-06-05,Mohammedia,"Zone Industrielle, N° 492, Route de HenryBourg, Mohammedia, Maroc",0522955793,contact@globalbatiment.ma,Actif,2,14
630,613552190000090,Société Saiss de Import-Export SARL,SARL,Commerce,TPE,2333344.2,5,2008-05-28,Mohammedia,"Zone Industrielle, N° 303, Route de Perez, Mohammedia, Maroc",0522840842,contact@societesaissdeimportexport1.ma,Actif,2,15
631,933265252000032,Maghreb Entreprise SARL,SA,Santé,PME,52027424.89,190,2012-12-24,Mohammedia,"Zone Industrielle, N° 482, Route de Maillard, Mohammedia, Maroc",0522155119,contact@maghrebentreprise1.ma,Actif,2,14
632,177119592000077,Compagnie du Entreprise SA,SARL,Éducation,PME,74102568.98,86,2020-06-25,Mohammedia,"Zone Industrielle, N° 210, Route de Blanchet-les-Bains, Mohammedia, Maroc",0522510373,contact@compagnieduentreprise2.ma,Actif,2,15
633,275765597000083,Soma Construction SNC,SA,BTP,PME,31824587.89,59,2006-12-10,Mohammedia,"Zone Industrielle, N° 345, Route de Robin-sur-Mer, Mohammedia, Maroc",0522579757,contact@somaconstruction1.ma,Actif,2,14
634,558607012000096,Afric Entreprise 1 SA,SARL,Tourisme,TPE,3510182.08,5,2008-11-26,Mohammedia,"Zone Industrielle, N° 202, Route de LévêqueVille, Mohammedia, Maroc",0522254775,contact@africentreprise11.ma,Actif,2,15
635,875832605000061,Somaco Services SNC,EURL,Services,PME,92968606.99,34,2015-10-14,Mohammedia,"Zone Industrielle, N° 331, Route de Vincentnec, Mohammedia, Maroc",0522255785,contact@somacoservices.ma,Actif,2,14
636,510277740000045,Société Zilis de Métal SA,SA,Industrie,TPE,682132.45,7,2007-08-28,Mohammedia,"Zone Industrielle, N° 342, Route de Besson-sur-Mer, Mohammedia, Maroc",0522957939,contact@societezilisdemetal.ma,Actif,2,15
637,714857387000071,Société Marocaine de Wholesale SARL,SA,Commerce,PME,47286236.7,12,2021-04-01,Mohammedia,"Zone Industrielle, N° 303, Route de Faureboeuf, Mohammedia, Maroc",0522715357,contact@societemarocainedewholesale.ma,Actif,2,14
638,298523961000061,Bahia Logistique 1 SNC,SARL,Services,TPE,3752260.54,3,2007-12-28,Mohammedia,"Zone Industrielle, N° 285, Route de Leroy, Mohammedia, Maroc",0522933853,contact@bahialogistique11.ma,Actif,2,15
639,743281527000098,Compagnie du Agrumes SNC,SARL,Agriculture,PME,6875906.9,152,2008-04-22,Mohammedia,"Zone Industrielle, N° 102, Route de Perrin, Mohammedia, Maroc",0522223025,contact@compagnieduagrumes1.ma,Actif,2,14
640,420595601000056,Société Chaouia de Wholesale SA,SARL,Commerce,TPE,2818136.67,6,2013-01-03,Mohammedia,"Zone Industrielle, N° 269, Route de Rodrigues, Mohammedia, Maroc",0522230775,contact@societechaouiadewholesale.ma,Actif,2,15
641,436012520000076,Compagnie du Import-Export SARL AU,SA,Commerce,Grande Entreprise,168641279.41,2895,2019-03-19,Mohammedia,"Zone Industrielle, N° 365, Route de Morel, Mohammedia, Maroc",0522614266,contact@compagnieduimportexport.ma,Actif,2,14
642,994027302000037,Société Maroc de Câblage 1 SA,SA,Industrie,Grande Entreprise,498718864.78,2682,2012-01-07,Mohammedia,"Zone Industrielle, N° 163, Route de Georges, Mohammedia, Maroc",0522248548,contact@societemarocdecablage1.ma,Actif,2,15
643,275362844000061,Union Métal SARL AU,SARL,Industrie,Grande Entreprise,340857754.8,1084,2013-05-13,Mohammedia,"Zone Industrielle, N° 472, Route de Thierry, Mohammedia, Maroc",0522781332,contact@unionmetal.ma,Actif,2,14
644,867129446000057,Société Chaouia de Tech SA,SARL,Technologies,TPE,4729228.37,7,2013-11-23,Mohammedia,"Zone Industrielle, N° 108, Route de PonsVille, Mohammedia, Maroc",0522776930,contact@societechaouiadetech.ma,Actif,2,15
645,218101000000097,Inter Génie Civil SNC,SARL,BTP,PME,66538255.57,140,2012-02-09,Mohammedia,"Zone Industrielle, N° 282, Route de Saint Pierre-sur-Mer, Mohammedia, Maroc",0522230674,contact@intergeniecivil1.ma,Actif,2,14
646,212745817000025,Maghreb Logistique SARL AU,SARL,Services,TPE,423200.86,2,2008-07-08,Mohammedia,"Zone Industrielle, N° 497, Route de Lévy, Mohammedia, Maroc",0522497024,contact@maghreblogistique.ma,Actif,2,15
647,151500184000031,Compagnie du Plastique SNC,SA,Industrie,TPE,3668804.33,5,2014-09-09,Mohammedia,"Zone Industrielle, N° 60, Route de Evrard-sur-Briand, Mohammedia, Maroc",0522736975,contact@compagnieduplastique.ma,Actif,2,14
648,253190896000058,Bahia Logistique 2 SNC,SARL,Services,TPE,3784177.28,3,2021-12-05,Mohammedia,"Zone Industrielle, N° 74, Route de Sainte Noël-la-Forêt, Mohammedia, Maroc",0522789504,contact@bahialogistique2.ma,Actif,2,15
649,480106125000069,Société Bouregreg de Travaux SARL AU,SA,BTP,PME,30400140.88,195,2018-12-15,Mohammedia,"Zone Industrielle, N° 234, Route de Saint Oliviernec, Mohammedia, Maroc",0522291999,contact@societebouregregdetravaux.ma,Actif,2,14
650,185335495000019,Koutoubia Industrie SA,SNC,Industrie,TPE,1451532.57,7,2018-06-28,Mohammedia,"Zone Industrielle, N° 334, Route de Albert-sur-Andre, Mohammedia, Maroc",0522194519,contact@koutoubiaindustrie.ma,Actif,2,15
651,884687698000027,Société Sous de Textile SARL,SNC,Industrie,PME,94762360.11,52,2005-07-22,Mohammedia,"Zone Industrielle, N° 487, Route de Sainte JeannineVille, Mohammedia, Maroc",0522633392,contact@societesousdetextile.ma,Actif,2,14
652,904949834000054,Union Travaux 1 SNC,SNC,BTP,TPE,2623556.29,9,2005-12-14,Mohammedia,"Zone Industrielle, N° 283, Route de Bruneau-sur-Mer, Mohammedia, Maroc",0522836720,contact@uniontravaux1.ma,Actif,2,15
653,243149972000075,Société Med de Travaux SARL,SA,BTP,TPE,3721017.44,9,2021-04-06,Mohammedia,"Zone Industrielle, N° 197, Route de Klein, Mohammedia, Maroc",0522178771,contact@societemeddetravaux.ma,Actif,2,14
654,384273996000037,Inter Holding SARL AU,SARL,Services,TPE,349442.17,8,2008-05-10,Mohammedia,"Zone Industrielle, N° 160, Route de Martinboeuf, Mohammedia, Maroc",0522606592,contact@interholding1.ma,Actif,2,15
655,594301215000052,Société Riad de Distribution SARL AU,SNC,Commerce,TPE,3192764.62,7,2020-01-12,Mohammedia,"Zone Industrielle, N° 325, Route de Masse, Mohammedia, Maroc",0522106177,contact@societeriaddedistribution2.ma,Actif,2,14
656,265045572000062,Saiss Entreprise 1 SA,SARL,Tourisme,TPE,625103.87,6,2020-04-03,Mohammedia,"Zone Industrielle, N° 273, Route de LemoineBourg, Mohammedia, Maroc",0522654797,contact@saissentreprise1.ma,Actif,2,15
657,389353749000023,Société Marocaine de Oléicole SARL AU,SARL,Agriculture,TPE,2488319.56,3,2016-07-06,Mohammedia,"Zone Industrielle, N° 425, Route de AlvesBourg, Mohammedia, Maroc",0522662484,contact@societemarocainedeoleicole.ma,Actif,2,14
658,243538161000060,Société Taza de Distribution SARL AU,SARL,Commerce,Grande Entreprise,362511857.87,1999,2011-02-07,Mohammedia,"Zone Industrielle, N° 30, Route de DevauxVille, Mohammedia, Maroc",0522398739,contact@societetazadedistribution.ma,Actif,2,15
659,866996292000026,Koutoubia Import-Export SA,SARL,Commerce,TPE,1722946.2,1,2020-09-16,Mohammedia,"Zone Industrielle, N° 359, Route de LelièvreVille, Mohammedia, Maroc",0522938672,contact@koutoubiaimportexport1.ma,Actif,2,14
660,923973312000097,Somibat Industrie SNC,SA,Industrie,TPE,3845524.28,7,2009-03-12,Mohammedia,"Zone Industrielle, N° 16, Route de Besson-la-Forêt, Mohammedia, Maroc",0522624288,contact@somibatindustrie.ma,Actif,2,15
661,883024695000075,Med Conseil SARL,SARL,Services,TPE,3423720.56,6,2007-07-08,Mohammedia,"Zone Industrielle, N° 88, Route de Sainte Simone, Mohammedia, Maroc",0522747614,contact@medconseil1.ma,Actif,2,14
662,294549403000034,Société Taza de Entreprise 2 SA,SARL,Transport,TPE,1477580.29,2,2008-12-24,Mohammedia,"Zone Industrielle, N° 322, Route de Sainte OlivierBourg, Mohammedia, Maroc",0522626735,contact@societetazadeentreprise21.ma,Actif,2,15
663,314365568000021,Global Distribution 1 SARL,SARL,Commerce,Grande Entreprise,336478479.59,2798,2011-03-14,Mohammedia,"Zone Industrielle, N° 325, Route de Guyon-sur-Boulay, Mohammedia, Maroc",0522118519,contact@globaldistribution1.ma,Actif,2,14
664,218170604000044,Inter Security SA,SARL,Services,PME,41133501.67,144,2021-07-21,Mohammedia,"Zone Industrielle, N° 165, Route de Lucas, Mohammedia, Maroc",0522154164,contact@intersecurity1.ma,Actif,2,15
665,751247855000022,Somaco Distribution SARL,SARL,Commerce,TPE,4720693.86,7,2015-04-10,Mohammedia,"Zone Industrielle, N° 153, Route de Sainte Émilie, Mohammedia, Maroc",0522594988,contact@somacodistribution.ma,Actif,2,14
666,488034147000085,Somibat Holding SARL AU,SARL,Services,TPE,1336088.93,8,2009-06-12,Mohammedia,"Zone Industrielle, N° 424, Route de Weiss, Mohammedia, Maroc",0522877301,contact@somibatholding.ma,Actif,2,15
667,304476522000034,Somibat Trading SNC,SARL,Commerce,TPE,1920802.2,5,2008-01-19,Mohammedia,"Zone Industrielle, N° 428, Route de Merle, Mohammedia, Maroc",0522786141,contact@somibattrading.ma,Actif,2,14
668,237258508000034,Zilis Digital SARL AU,EURL,Technologies,PME,92922560.75,29,2011-09-24,Mohammedia,"Zone Industrielle, N° 32, Route de Grenierdan, Mohammedia, Maroc",0522261137,contact@zilisdigital.ma,Actif,2,15
669,641025679000012,Koutoubia Entreprise SARL AU,SNC,Santé,TPE,3586855.33,9,2007-08-14,Mohammedia,"Zone Industrielle, N° 486, Route de Dufour, Mohammedia, Maroc",0522649205,contact@koutoubiaentreprise2.ma,Actif,2,14
670,277723833000066,Société Chaouia de Holding SARL,SA,Services,TPE,1443328.34,3,2020-11-18,Mohammedia,"Zone Industrielle, N° 48, Route de Sainte Auguste-la-Forêt, Mohammedia, Maroc",0522638430,contact@societechaouiadeholding.ma,Actif,2,15
671,948950616000075,Soma Services SARL AU,SARL,Services,PME,41494289.89,109,2011-10-23,Mohammedia,"Zone Industrielle, N° 460, Route de Bertrand, Mohammedia, Maroc",0522109291,contact@somaservices3.ma,Actif,2,14
672,413364355000015,Zilis Conseil SA,SARL,Services,TPE,3567994.7,9,2010-04-02,Mohammedia,"Zone Industrielle, N° 131, Route de Dupont, Mohammedia, Maroc",0522659484,contact@zilisconseil1.ma,Actif,2,15
673,749785103000057,Afric Web SARL AU,SARL,Technologies,PME,94494370.07,81,2008-01-21,Mohammedia,"Zone Industrielle, N° 333, Route de Ruiz, Mohammedia, Maroc",0522464340,contact@africweb1.ma,Actif,2,14
674,481697128000038,Bahia Conseil SA,SARL,Services,TPE,4737496.35,9,2006-11-27,Mohammedia,"Zone Industrielle, N° 431, Route de Chauvindan, Mohammedia, Maroc",0522110913,contact@bahiaconseil.ma,Actif,2,15
675,321361544000066,Société Zilis de Entreprise 1 SARL,SNC,Santé,PME,31570531.48,75,2013-11-21,Mohammedia,"Zone Industrielle, N° 292, Route de Da Silva, Mohammedia, Maroc",0522733698,contact@societezilisdeentreprise12.ma,Actif,2,14
676,298672324000032,Société Zilis de Négoce SA,SARL,Commerce,TPE,1417088.16,7,2020-02-16,Mohammedia,"Zone Industrielle, N° 245, Route de Renault, Mohammedia, Maroc",0522290330,contact@societezilisdenegoce1.ma,Actif,2,15
677,363339299000068,Maghreb Travaux SARL,SA,BTP,TPE,2503540.08,3,2011-02-05,Mohammedia,"Zone Industrielle, N° 228, Route de Valette, Mohammedia, Maroc",0522175548,contact@maghrebtravaux.ma,Actif,2,14
678,114551414000092,Société Bouregreg de Agro SA,SARL,Agriculture,Grande Entreprise,488154186.02,610,2017-07-01,Mohammedia,"Zone Industrielle, N° 433, Route de Sainte Richard, Mohammedia, Maroc",0522215380,contact@societebouregregdeagro.ma,Actif,2,15
679,615852872000082,Somibat Nettoyage SARL,SA,Services,Grande Entreprise,152871618.41,542,2015-12-03,Mohammedia,"Zone Industrielle, N° 81, Route de Sainte Bernadettenec, Mohammedia, Maroc",0522312149,contact@somibatnettoyage.ma,Actif,2,14
680,684805001000047,Somaco Nettoyage SA,SA,Services,PME,82469167.64,88,2008-01-27,Mohammedia,"Zone Industrielle, N° 62, Route de Collinboeuf, Mohammedia, Maroc",0522146688,contact@somaconettoyage.ma,Actif,2,15
681,834887664000059,Afric Négoce SA,SARL,Commerce,TPE,4443638.65,7,2016-11-10,Mohammedia,"Zone Industrielle, N° 481, Route de Mahe, Mohammedia, Maroc",0522336856,contact@africnegoce.ma,Actif,2,14
682,146543311000087,Somibat Plastique SARL,SARL,Industrie,PME,72910863.93,38,2015-02-12,Mohammedia,"Zone Industrielle, N° 468, Route de Tessier-la-Forêt, Mohammedia, Maroc",0522188923,contact@somibatplastique.ma,Actif,2,15
683,496331524000043,Euro Textile SNC,SA,Industrie,TPE,2200279.18,6,2016-02-09,Mohammedia,"Zone Industrielle, N° 348, Route de Sainte Édouardnec, Mohammedia, Maroc",0522623502,contact@eurotextile.ma,Actif,2,14
684,974723527000018,Société Maghreb de Laiterie SA,SARL,Agriculture,PME,72574134.81,29,2019-12-26,Mohammedia,"Zone Industrielle, N° 254, Route de Arnaud-sur-Morvan, Mohammedia, Maroc",0522923704,contact@societemaghrebdelaiterie.ma,Actif,2,15
685,746116751000091,Soma Négoce SARL AU,SARL,Commerce,TPE,2194520.48,5,2020-07-16,Mohammedia,"Zone Industrielle, N° 221, Route de Lebrun, Mohammedia, Maroc",0522827104,contact@somanegoce1.ma,Actif,2,14
686,552948066000077,Société Riad de Security SNC,SARL,Services,TPE,4030490.55,4,2012-07-03,Mohammedia,"Zone Industrielle, N° 376, Route de Saint Victor-la-Forêt, Mohammedia, Maroc",0522709184,contact@societeriaddesecurity.ma,Actif,2,15
687,243444042000024,Atlas Travaux SA,EURL,BTP,PME,70882400.51,66,2005-06-18,Mohammedia,"Zone Industrielle, N° 500, Route de Cohen, Mohammedia, Maroc",0522596947,contact@atlastravaux.ma,Actif,2,14
688,847088874000028,Société Taza de Logistique SA,SARL,Services,TPE,1811802.92,3,2012-01-24,Mohammedia,"Zone Industrielle, N° 70, Route de Wagner-sur-Launay, Mohammedia, Maroc",0522244495,contact@societetazadelogistique1.ma,Actif,2,15
689,184818406000041,Société Bahia de Services SARL,SARL,Services,TPE,229099.72,7,2010-01-05,Mohammedia,"Zone Industrielle, N° 82, Route de Blot, Mohammedia, Maroc",0522482986,contact@societebahiadeservices1.ma,Actif,2,14
690,576713058000092,Zilis Trading SA,SA,Commerce,TPE,2888997.46,7,2014-08-14,Mohammedia,"Zone Industrielle, N° 182, Route de Martydan, Mohammedia, Maroc",0522857656,contact@zilistrading1.ma,Actif,2,15
691,587797163000080,Société Bouregreg de Trading 1 SARL,SARL,Commerce,PME,32243061.7,49,2005-07-27,Mohammedia,"Zone Industrielle, N° 358, Route de Sainte Laetitia, Mohammedia, Maroc",0522544198,contact@societebouregregdetrading1.ma,Actif,2,14
692,529928824000089,Maghreb Plastique SA,EURL,Industrie,PME,29515164.21,156,2021-07-05,Mohammedia,"Zone Industrielle, N° 118, Route de ParisVille, Mohammedia, Maroc",0522879233,contact@maghrebplastique.ma,Actif,2,15
693,498871608000092,Société Med de Génie Civil SARL,SARL,BTP,TPE,2022225.7,9,2017-07-06,Mohammedia,"Zone Industrielle, N° 421, Route de Sainte Aimée-les-Bains, Mohammedia, Maroc",0522157327,contact@societemeddegeniecivil1.ma,Actif,2,14
694,912308710000049,Afric Import-Export SARL AU,SARL,Commerce,TPE,1422605.84,2,2008-02-07,Mohammedia,"Zone Industrielle, N° 15, Route de Saint Claude, Mohammedia, Maroc",0522726116,contact@africimportexport.ma,Actif,2,15
695,431361946000011,Société Bahia de Distribution SARL,SARL,Commerce,TPE,1088457.01,1,2020-01-02,Mohammedia,"Zone Industrielle, N° 57, Route de Potier-sur-Navarro, Mohammedia, Maroc",0522429861,contact@societebahiadedistribution.ma,Actif,2,14
696,208451023000074,Zilis Plastique SARL AU,EURL,Industrie,Grande Entreprise,400671772.01,1830,2008-06-14,Mohammedia,"Zone Industrielle, N° 267, Route de Saint Daniel, Mohammedia, Maroc",0522877468,contact@zilisplastique.ma,Actif,2,15
697,871443460000039,Société Atlas de Laiterie SNC,SARL,Agriculture,PME,19267732.52,160,2019-02-21,Mohammedia,"Zone Industrielle, N° 497, Route de Merle, Mohammedia, Maroc",0522197822,contact@societeatlasdelaiterie.ma,Actif,2,14
698,464020716000047,Société Riad de Wholesale 2 SA,SARL,Commerce,PME,81710223.22,177,2021-06-15,Mohammedia,"Zone Industrielle, N° 77, Route de Étienne, Mohammedia, Maroc",0522923501,contact@societeriaddewholesale2.ma,Actif,2,15
699,964068440000011,Afric Market SNC,SARL,Commerce,TPE,4294167.51,7,2009-10-21,Mohammedia,"Zone Industrielle, N° 59, Route de DuhamelVille, Mohammedia, Maroc",0522621690,contact@africmarket1.ma,Actif,2,14
700,490120758000055,Maroc Entreprise SARL,SARL,Transport,TPE,4365241.65,9,2014-03-03,Mohammedia,"Zone Industrielle, N° 305, Route de Brunet-sur-Potier, Mohammedia, Maroc",0522393724,contact@marocentreprise2.ma,Actif,2,15
701,490275201000046,Bouregreg Security SNC,SA,Services,TPE,978012.64,8,2009-02-19,Rabat,"Zone Industrielle, N° 30, Route de Lemaîtreboeuf, Rabat, Maroc",0537611976,contact@bouregregsecurity.ma,Actif,3,18
702,791346700000017,Maroc Holding SARL AU,SARL,Services,TPE,4299304.7,3,2019-05-22,Rabat,"Zone Industrielle, N° 327, Route de LedouxBourg, Rabat, Maroc",0537144748,contact@marocholding.ma,Actif,3,19
703,200398208000054,Taza Trading SARL,SARL,Commerce,PME,28257594.6,153,2007-04-13,Rabat,"Zone Industrielle, N° 352, Route de Dos Santos-sur-Laporte, Rabat, Maroc",0537584734,contact@tazatrading1.ma,Actif,3,18
704,467674476000087,Société Maroc de Négoce SA,SA,Commerce,TPE,3248173.96,8,2011-07-11,Rabat,"Zone Industrielle, N° 172, Route de Chauvin, Rabat, Maroc",0537167603,contact@societemarocdenegoce.ma,Actif,3,19
705,133633082000086,Compagnie du Trading SNC,SNC,Commerce,TPE,3541225.11,8,2009-11-07,Rabat,"Zone Industrielle, N° 300, Route de Delahaye, Rabat, Maroc",0537435740,contact@compagniedutrading.ma,Actif,3,18
706,189755462000028,Somaco Ferme SNC,SNC,Agriculture,PME,10928024.57,102,2018-05-09,Rabat,"Zone Industrielle, N° 100, Route de Menard, Rabat, Maroc",0537766566,contact@somacoferme.ma,Actif,3,19
707,560135199000053,Riad Entreprise SNC,SA,Tourisme,TPE,2084835.55,5,2013-03-27,Rabat,"Zone Industrielle, N° 57, Route de Saint Nathalie-les-Bains, Rabat, Maroc",0537156352,contact@riadentreprise2.ma,Actif,3,18
708,843997253000083,Med Nettoyage SNC,SA,Services,Grande Entreprise,218761992.94,1013,2010-12-14,Rabat,"Zone Industrielle, N° 477, Route de Paulnec, Rabat, Maroc",0537471921,contact@mednettoyage.ma,Actif,3,19
709,258362512000073,Koutoubia Wholesale SA,SA,Commerce,TPE,148664.39,4,2015-01-05,Rabat,"Zone Industrielle, N° 488, Route de Lemaire-la-Forêt, Rabat, Maroc",0537580938,contact@koutoubiawholesale.ma,Actif,3,18
710,551160662000099,Maghreb Holding SARL,SARL,Services,PME,15792653.23,182,2008-01-07,Rabat,"Zone Industrielle, N° 106, Route de Fischer, Rabat, Maroc",0537881931,contact@maghrebholding.ma,Actif,3,19
711,979449864000025,Union Distribution SA,SARL,Commerce,TPE,913895.04,7,2016-01-10,Rabat,"Zone Industrielle, N° 267, Route de Benoit-la-Forêt, Rabat, Maroc",0537421876,contact@uniondistribution.ma,Actif,3,18
712,500636145000032,Riad Security SARL AU,SARL,Services,PME,66646609.34,126,2015-02-06,Rabat,"Zone Industrielle, N° 229, Route de BourgeoisBourg, Rabat, Maroc",0537581111,contact@riadsecurity.ma,Actif,3,19
713,196248006000093,Société Sous de Holding SNC,SARL,Services,PME,20452428.14,121,2008-02-26,Rabat,"Zone Industrielle, N° 63, Route de Legrand, Rabat, Maroc",0537977904,contact@societesousdeholding1.ma,Actif,3,18
714,327494893000038,Société Med de Textile SARL,SARL,Industrie,TPE,4669234.08,2,2006-11-10,Rabat,"Zone Industrielle, N° 225, Route de Girauddan, Rabat, Maroc",0537993077,contact@societemeddetextile.ma,Actif,3,19
715,644989272000046,Inter Négoce 1 SNC,SARL,Commerce,PME,57400851.67,39,2017-01-12,Rabat,"Zone Industrielle, N° 124, Route de Sainte Margotboeuf, Rabat, Maroc",0537920192,contact@internegoce1.ma,Actif,3,18
716,948803790000057,Société Chaouia de Entreprise SNC,SNC,Transport,TPE,3327541.02,5,2018-01-01,Rabat,"Zone Industrielle, N° 88, Route de Sainte Théophile-les-Bains, Rabat, Maroc",0537127521,contact@societechaouiadeentreprise2.ma,Actif,3,19
717,989648687000016,Union Métal 1 SARL AU,SARL,Industrie,PME,54301508.39,199,2017-04-20,Rabat,"Zone Industrielle, N° 211, Route de Étienne, Rabat, Maroc",0537775738,contact@unionmetal1.ma,Actif,3,18
718,862383390000026,Société Maghreb de Digital SNC,SNC,Technologies,PME,59896093.5,42,2021-03-14,Rabat,"Zone Industrielle, N° 60, Route de HubertBourg, Rabat, Maroc",0537342189,contact@societemaghrebdedigital.ma,Actif,3,19
719,926815811000085,Société Maghreb de Entreprise 1 SARL AU,SARL,Transport,TPE,3194061.24,7,2007-01-14,Rabat,"Zone Industrielle, N° 331, Route de Joly, Rabat, Maroc",0537112098,contact@societemaghrebdeentreprise11.ma,Actif,3,18
720,484529877000033,Société Taza de Tech SARL,SA,Technologies,TPE,3128688.25,9,2009-08-21,Rabat,"Zone Industrielle, N° 408, Route de Teixeira, Rabat, Maroc",0537762177,contact@societetazadetech.ma,Actif,3,19
721,124847271000091,Société Bouregreg de Négoce SA,SA,Commerce,TPE,4499755.28,5,2006-05-03,Rabat,"Zone Industrielle, N° 331, Route de Sainte Françoise, Rabat, Maroc",0537250753,contact@societebouregregdenegoce.ma,Actif,3,18
722,488047414000036,Soma Plastique SARL,SARL,Industrie,Grande Entreprise,446775618.5,654,2010-02-03,Rabat,"Zone Industrielle, N° 442, Route de Tessier-sur-Bigot, Rabat, Maroc",0537618253,contact@somaplastique.ma,Actif,3,19
723,272983724000033,Société Maroc de Logistique SNC,SA,Services,TPE,2506081.09,1,2017-06-21,Rabat,"Zone Industrielle, N° 423, Route de DumontBourg, Rabat, Maroc",0537572780,contact@societemarocdelogistique.ma,Actif,3,18
724,230560149000034,Med Market 1 SARL AU,SARL,Commerce,TPE,4527827.04,1,2005-03-17,Rabat,"Zone Industrielle, N° 140, Route de Sainte Anastasiedan, Rabat, Maroc",0537877725,contact@medmarket1.ma,Actif,3,19
725,881409059000098,Inter Industrie SA,SNC,Industrie,PME,55915646.87,142,2005-06-05,Rabat,"Zone Industrielle, N° 52, Route de Bouchetnec, Rabat, Maroc",0537330436,contact@interindustrie.ma,Actif,3,18
726,650460773000061,Zilis Market SARL,SA,Commerce,Grande Entreprise,207036212.9,2172,2019-12-26,Rabat,"Zone Industrielle, N° 233, Route de Legrand-sur-Marchand, Rabat, Maroc",0537619885,contact@zilismarket1.ma,Actif,3,19
727,875306396000072,Maroc Béton SARL AU,SA,BTP,Grande Entreprise,200037259.38,1010,2014-03-26,Rabat,"Zone Industrielle, N° 498, Route de Clerc, Rabat, Maroc",0537315830,contact@marocbeton.ma,Actif,3,18
728,582543215000031,Société Taza de Oléicole SARL,SARL,Agriculture,TPE,2286172.9,5,2016-06-21,Rabat,"Zone Industrielle, N° 42, Route de Sainte Chantalboeuf, Rabat, Maroc",0537959142,contact@societetazadeoleicole1.ma,Actif,3,19
729,561050563000033,Société Koutoubia de Textile SARL AU,SARL,Industrie,PME,96019256.74,74,2005-02-06,Rabat,"Zone Industrielle, N° 175, Route de Valette, Rabat, Maroc",0537948340,contact@societekoutoubiadetextile.ma,Actif,3,18
730,445273745000039,Somaco Conseil SARL AU,SA,Services,TPE,455937.62,6,2015-04-15,Rabat,"Zone Industrielle, N° 417, Route de Riou-les-Bains, Rabat, Maroc",0537695034,contact@somacoconseil.ma,Actif,3,19
731,911964858000065,Compagnie du Import-Export SA,SA,Commerce,PME,41631133.91,164,2007-10-21,Rabat,"Zone Industrielle, N° 359, Route de Lesage, Rabat, Maroc",0537542237,contact@compagnieduimportexport1.ma,Actif,3,18
732,734765132000059,Atlas Import-Export 1 SNC,SARL,Commerce,TPE,1668594.9,4,2008-08-06,Rabat,"Zone Industrielle, N° 177, Route de LefèvreBourg, Rabat, Maroc",0537730645,contact@atlasimportexport1.ma,Actif,3,19
733,462269610000092,Sous Travaux SARL,SA,BTP,TPE,204216.62,1,2017-01-18,Rabat,"Zone Industrielle, N° 30, Route de Brunet-la-Forêt, Rabat, Maroc",0537653138,contact@soustravaux.ma,Actif,3,18
734,420451603000099,Bouregreg Laiterie SARL AU,SARL,Agriculture,TPE,2402477.42,7,2015-08-20,Rabat,"Zone Industrielle, N° 211, Route de Renard, Rabat, Maroc",0537149359,contact@bouregreglaiterie.ma,Actif,3,19
735,838303704000065,Bahia Entreprise 1 SARL,SARL,Santé,Grande Entreprise,297334649.71,2825,2006-01-05,Rabat,"Zone Industrielle, N° 175, Route de Lacombe, Rabat, Maroc",0537210242,contact@bahiaentreprise1.ma,Actif,3,18
736,383174852000052,Société Atlas de Laiterie SARL,SNC,Agriculture,TPE,531281.93,6,2006-02-02,Rabat,"Zone Industrielle, N° 48, Route de Perrot, Rabat, Maroc",0537419071,contact@societeatlasdelaiterie1.ma,Actif,3,19
737,543770966000091,Union Security SA,SARL,Services,PME,80204643.88,107,2015-03-25,Rabat,"Zone Industrielle, N° 464, Route de JacquetBourg, Rabat, Maroc",0537712505,contact@unionsecurity.ma,Actif,3,18
738,418079033000020,Société Med de Import-Export SNC,SARL,Commerce,TPE,699629.21,9,2020-04-03,Rabat,"Zone Industrielle, N° 402, Route de Pierre, Rabat, Maroc",0537376626,contact@societemeddeimportexport.ma,Actif,3,19
739,602672650000059,Société Maroc de Bâtiment SA,EURL,BTP,TPE,4194156.27,4,2006-04-01,Rabat,"Zone Industrielle, N° 120, Route de Paris-les-Bains, Rabat, Maroc",0537803069,contact@societemarocdebatiment.ma,Actif,3,18
740,490459543000059,Zilis Oléicole SARL AU,SA,Agriculture,TPE,612220.12,4,2021-02-05,Rabat,"Zone Industrielle, N° 479, Route de Bonneau, Rabat, Maroc",0537329412,contact@zilisoleicole1.ma,Actif,3,19
741,594945715000023,Somibat Import-Export SNC,SARL,Commerce,Grande Entreprise,447143514.81,2303,2014-10-21,Rabat,"Zone Industrielle, N° 85, Route de Morin-les-Bains, Rabat, Maroc",0537207022,contact@somibatimportexport.ma,Actif,3,18
742,563291294000037,Koutoubia Market SARL,SARL,Commerce,PME,27853433.84,127,2013-02-18,Rabat,"Zone Industrielle, N° 191, Route de Blin-sur-Brunet, Rabat, Maroc",0537188150,contact@koutoubiamarket.ma,Actif,3,19
743,303419997000061,Saiss Services 1 SNC,SARL,Services,TPE,2560732.92,9,2017-12-14,Rabat,"Zone Industrielle, N° 160, Route de Delmas, Rabat, Maroc",0537303352,contact@saissservices1.ma,Actif,3,18
744,138319651000083,Société Atlas de Câblage 1 SARL,SARL,Industrie,TPE,1452035.93,8,2008-04-04,Rabat,"Zone Industrielle, N° 468, Route de Fouquet-sur-Texier, Rabat, Maroc",0537155718,contact@societeatlasdecablage1.ma,Actif,3,19
745,318587507000054,Taza Services SNC,SARL,Services,TPE,422652.19,2,2013-08-07,Rabat,"Zone Industrielle, N° 412, Route de Thibault, Rabat, Maroc",0537279337,contact@tazaservices.ma,Actif,3,18
746,831693296000018,Compagnie du Export Agri SARL,SARL,Agriculture,PME,72056068.01,83,2014-12-08,Rabat,"Zone Industrielle, N° 171, Route de Saint Édouard, Rabat, Maroc",0537278501,contact@compagnieduexportagri.ma,Actif,3,19
747,916323767000011,Société Med de Négoce SARL,SARL,Commerce,TPE,1727561.05,8,2010-05-03,Rabat,"Zone Industrielle, N° 357, Route de Sainte Manon, Rabat, Maroc",0537279018,contact@societemeddenegoce.ma,Actif,3,18
748,910667004000028,Maroc Distribution SA,SA,Commerce,PME,97106445.43,159,2014-04-17,Rabat,"Zone Industrielle, N° 95, Route de Gosselin, Rabat, Maroc",0537627587,contact@marocdistribution.ma,Actif,3,19
749,988789236000055,Société Saiss de Nettoyage SNC,SARL,Services,PME,14499284.06,198,2020-05-12,Rabat,"Zone Industrielle, N° 16, Route de Delattre-sur-Maurice, Rabat, Maroc",0537581035,contact@societesaissdenettoyage.ma,Actif,3,18
750,807989829000028,Euro Export Agri SNC,SARL,Agriculture,TPE,1735320.46,9,2005-03-14,Rabat,"Zone Industrielle, N° 122, Route de Sainte Lorraine, Rabat, Maroc",0537997859,contact@euroexportagri.ma,Actif,3,19
751,582399282000077,Global Holding SARL,SARL,Services,TPE,251432.91,7,2013-11-22,Rabat,"Zone Industrielle, N° 470, Route de Charpentier-la-Forêt, Rabat, Maroc",0537671386,contact@globalholding1.ma,Actif,3,18
752,995684903000088,Société Taza de Entreprise 1 SNC,SARL,Tourisme,TPE,4560603.94,6,2006-10-17,Rabat,"Zone Industrielle, N° 185, Route de Moulinnec, Rabat, Maroc",0537835928,contact@societetazadeentreprise12.ma,Actif,3,19
753,813308517000030,Koutoubia Logistique SARL,SARL,Services,TPE,3997131.23,6,2009-09-10,Rabat,"Zone Industrielle, N° 295, Route de De Sousa, Rabat, Maroc",0537754096,contact@koutoubialogistique1.ma,Actif,3,18
754,808941598000010,Euro Market SARL,SARL,Commerce,TPE,1512473.77,5,2020-05-01,Rabat,"Zone Industrielle, N° 190, Route de Saint Huguesdan, Rabat, Maroc",0537551226,contact@euromarket.ma,Actif,3,19
755,334996742000014,Euro Ferme SA,EURL,Agriculture,TPE,774822.04,5,2011-07-19,Rabat,"Zone Industrielle, N° 158, Route de Guilletdan, Rabat, Maroc",0537184638,contact@euroferme.ma,Actif,3,18
756,249439479000097,Sous Nettoyage SARL,SARL,Services,TPE,1837697.97,7,2018-11-11,Rabat,"Zone Industrielle, N° 306, Route de Leblanc, Rabat, Maroc",0537943453,contact@sousnettoyage.ma,Actif,3,19
757,995342141000065,Maroc Plastique SARL AU,SARL,Industrie,PME,28751942.31,116,2019-09-06,Rabat,"Zone Industrielle, N° 410, Route de Meunier-sur-Bouvier, Rabat, Maroc",0537494228,contact@marocplastique.ma,Actif,3,18
758,923312698000063,Saiss Métal SARL AU,SARL,Industrie,TPE,2680199.84,6,2018-08-01,Rabat,"Zone Industrielle, N° 23, Route de Peron, Rabat, Maroc",0537686058,contact@saissmetal1.ma,Actif,3,19
759,235222578000061,Union Agrumes SARL AU,SNC,Agriculture,TPE,788869.4,5,2014-01-25,Rabat,"Zone Industrielle, N° 211, Route de Alexandre, Rabat, Maroc",0537986159,contact@unionagrumes2.ma,Actif,3,18
760,412004592000082,Somaco Plastique 1 SARL,SA,Industrie,PME,48966742.69,142,2008-06-20,Rabat,"Zone Industrielle, N° 430, Route de Samson, Rabat, Maroc",0537202130,contact@somacoplastique1.ma,Actif,3,19
761,266188924000048,Société Chaouia de Market SARL,SARL,Commerce,TPE,1723407.22,1,2020-03-08,Rabat,"Zone Industrielle, N° 337, Route de Buisson, Rabat, Maroc",0537808502,contact@societechaouiademarket.ma,Actif,3,18
762,211247194000070,Somibat Agro SA,SARL,Agriculture,PME,73318493.99,11,2008-09-04,Rabat,"Zone Industrielle, N° 114, Route de Gautierboeuf, Rabat, Maroc",0537359214,contact@somibatagro.ma,Actif,3,19
763,831562261000066,Taza Négoce SARL,EURL,Commerce,TPE,2578442.07,7,2012-09-09,Rabat,"Zone Industrielle, N° 323, Route de Turpin, Rabat, Maroc",0537961600,contact@tazanegoce1.ma,Actif,3,18
764,315125290000070,Soma Wholesale SARL,SA,Commerce,PME,63630059.23,120,2010-09-24,Rabat,"Zone Industrielle, N° 289, Route de Sainte Catherine-sur-Mer, Rabat, Maroc",0537833613,contact@somawholesale2.ma,Actif,3,19
765,259092607000013,Koutoubia Soft SNC,SARL,Technologies,TPE,1518300.26,2,2008-08-14,Rabat,"Zone Industrielle, N° 227, Route de Pereira, Rabat, Maroc",0537953009,contact@koutoubiasoft.ma,Actif,3,18
766,397323455000011,Union Négoce SARL AU,SARL,Commerce,TPE,688619.84,7,2016-03-15,Rabat,"Zone Industrielle, N° 244, Route de Sainte Alice, Rabat, Maroc",0537858188,contact@unionnegoce.ma,Actif,3,19
767,593364765000027,Société Maroc de Trading SNC,SA,Commerce,Grande Entreprise,243099065.13,2261,2016-11-24,Rabat,"Zone Industrielle, N° 183, Route de Humbert-sur-Menard, Rabat, Maroc",0537690503,contact@societemarocdetrading.ma,Actif,3,18
768,807493966000077,Société Med de Digital SARL,EURL,Technologies,TPE,3836777.18,5,2010-10-23,Rabat,"Zone Industrielle, N° 407, Route de Millet, Rabat, Maroc",0537631607,contact@societemeddedigital.ma,Actif,3,19
769,636263065000096,Somaco Industrie SNC,SNC,Industrie,TPE,3519066.66,6,2010-04-04,Rabat,"Zone Industrielle, N° 64, Route de Mace-sur-Bouvier, Rabat, Maroc",0537797576,contact@somacoindustrie.ma,Actif,3,18
770,905236512000019,Société Taza de Négoce SA,SNC,Commerce,TPE,3823555.48,4,2006-10-09,Rabat,"Zone Industrielle, N° 29, Route de Ledoux, Rabat, Maroc",0537220034,contact@societetazadenegoce2.ma,Actif,3,19
771,828908586000046,Société Marocaine de Digital SARL AU,SARL,Technologies,TPE,1934178.36,1,2011-04-09,Rabat,"Zone Industrielle, N° 234, Route de Didier, Rabat, Maroc",0537614958,contact@societemarocainededigital.ma,Actif,3,18
772,105622421000056,Union Agro SA,SARL,Agriculture,TPE,3736554.14,7,2008-04-02,Rabat,"Zone Industrielle, N° 81, Route de Bigotdan, Rabat, Maroc",0537949355,contact@unionagro1.ma,Actif,3,19
773,699896664000027,Afric Nettoyage SNC,SA,Services,PME,58988027.7,28,2021-06-12,Rabat,"Zone Industrielle, N° 470, Route de Mahe, Rabat, Maroc",0537748522,contact@africnettoyage.ma,Actif,3,18
774,155275164000086,Société Maroc de Logistique SARL,SA,Services,PME,46693415.94,170,2014-02-04,Rabat,"Zone Industrielle, N° 128, Route de Saint Anaïs, Rabat, Maroc",0537622937,contact@societemarocdelogistique1.ma,Actif,3,19
775,359199557000076,Zilis Soft SARL AU,SARL,Technologies,TPE,210458.14,5,2010-05-03,Rabat,"Zone Industrielle, N° 304, Route de Albert-sur-Mer, Rabat, Maroc",0537660383,contact@zilissoft.ma,Actif,3,18
776,459210922000017,Société Med de Construction 1 SARL,SA,BTP,Grande Entreprise,300018803.22,1835,2006-06-14,Rabat,"Zone Industrielle, N° 112, Route de Guillon, Rabat, Maroc",0537373553,contact@societemeddeconstruction1.ma,Actif,3,19
777,893805940000088,Société Marocaine de Tech SARL,SA,Technologies,TPE,2780728.0,6,2006-06-03,Rabat,"Zone Industrielle, N° 316, Route de Rousseau, Rabat, Maroc",0537536459,contact@societemarocainedetech.ma,Actif,3,18
778,612811141000048,Société Atlas de Tech SARL AU,SARL,Technologies,Grande Entreprise,455007453.42,2161,2021-04-21,Rabat,"Zone Industrielle, N° 230, Route de Sainte Clémence, Rabat, Maroc",0537467271,contact@societeatlasdetech.ma,Actif,3,19
779,693238019000071,Afric Market 1 SARL,SARL,Commerce,PME,88262731.08,68,2017-11-22,Rabat,"Zone Industrielle, N° 19, Route de Guibert-sur-Maillet, Rabat, Maroc",0537873768,contact@africmarket11.ma,Actif,3,18
780,162193817000040,Société Maghreb de Services SNC,SARL,Services,TPE,3851839.43,3,2016-06-07,Rabat,"Zone Industrielle, N° 233, Route de RenaultVille, Rabat, Maroc",0537459793,contact@societemaghrebdeservices2.ma,Actif,3,19
781,437290100000054,Afric Services SARL,SARL,Services,TPE,2984225.62,4,2009-08-06,Rabat,"Zone Industrielle, N° 32, Route de Sainte Grégoire-la-Forêt, Rabat, Maroc",0537396323,contact@africservices.ma,Actif,3,18
782,857261987000055,Koutoubia Distribution SNC,SA,Commerce,PME,89590346.54,84,2007-05-18,Rabat,"Zone Industrielle, N° 263, Route de Salmon, Rabat, Maroc",0537315860,contact@koutoubiadistribution.ma,Actif,3,19
783,212075212000016,Société Sous de Aménagement SARL AU,SARL,BTP,PME,86582214.95,123,2013-06-23,Rabat,"Zone Industrielle, N° 267, Route de PoulainVille, Rabat, Maroc",0537667719,contact@societesousdeamenagement2.ma,Actif,3,18
784,946044196000028,Compagnie du Logistique SA,SARL,Services,TPE,2113085.89,8,2011-02-12,Rabat,"Zone Industrielle, N° 427, Route de Roux-sur-Mer, Rabat, Maroc",0537860124,contact@compagniedulogistique.ma,Actif,3,19
785,988176527000020,Somaco Génie Civil SNC,SA,BTP,TPE,1252015.7,8,2013-05-19,Rabat,"Zone Industrielle, N° 163, Route de Lenoir, Rabat, Maroc",0537502838,contact@somacogeniecivil.ma,Actif,3,18
786,156113369000094,Med Industrie SNC,SARL,Industrie,TPE,4287413.77,7,2017-03-22,Rabat,"Zone Industrielle, N° 282, Route de Legrand, Rabat, Maroc",0537552025,contact@medindustrie.ma,Actif,3,19
787,566085564000064,Bouregreg Web SARL AU,SARL,Technologies,TPE,2753590.92,6,2005-06-24,Rabat,"Zone Industrielle, N° 328, Route de Bodindan, Rabat, Maroc",0537969520,contact@bouregregweb.ma,Actif,3,18
788,925720725000076,Société Koutoubia de Laiterie SNC,SNC,Agriculture,PME,93213815.24,24,2019-07-19,Rabat,"Zone Industrielle, N° 300, Route de GuyotBourg, Rabat, Maroc",0537854157,contact@societekoutoubiadelaiterie.ma,Actif,3,19
789,417639590000053,Somaco Laiterie SA,SA,Agriculture,TPE,4805494.54,8,2013-02-08,Rabat,"Zone Industrielle, N° 287, Route de Pereira, Rabat, Maroc",0537908807,contact@somacolaiterie.ma,Actif,3,18
790,384023548000032,Société Bouregreg de Nettoyage SARL AU,SARL,Services,PME,8667589.82,80,2014-10-22,Rabat,"Zone Industrielle, N° 438, Route de Bessonboeuf, Rabat, Maroc",0537436581,contact@societebouregregdenettoyage1.ma,Actif,3,19
791,755335262000080,Koutoubia Textile SARL AU,SARL,Industrie,TPE,184606.76,1,2006-10-03,Rabat,"Zone Industrielle, N° 469, Route de Poulain-les-Bains, Rabat, Maroc",0537389874,contact@koutoubiatextile.ma,Actif,3,18
792,153235771000039,Med Logistique 1 SARL AU,SARL,Services,TPE,413813.09,3,2010-03-28,Rabat,"Zone Industrielle, N° 345, Route de Marion, Rabat, Maroc",0537747966,contact@medlogistique1.ma,Actif,3,19
793,479390612000079,Compagnie du Entreprise 1 SARL AU,SARL,Transport,TPE,288658.71,9,2013-05-01,Rabat,"Zone Industrielle, N° 442, Route de MaréchalVille, Rabat, Maroc",0537811341,contact@compagnieduentreprise11.ma,Actif,3,18
794,831235642000063,Compagnie du Distribution SNC,SARL,Commerce,PME,62054989.69,99,2015-10-12,Rabat,"Zone Industrielle, N° 431, Route de Saint Guillaume, Rabat, Maroc",0537969414,contact@compagniedudistribution.ma,Actif,3,19
795,415747781000089,Société Bouregreg de Import-Export SARL AU,SARL,Commerce,TPE,2189729.12,5,2018-11-12,Rabat,"Zone Industrielle, N° 492, Route de Reynaud, Rabat, Maroc",0537593549,contact@societebouregregdeimportexport.ma,Actif,3,18
796,941241446000084,Union Systems SARL,SA,Technologies,TPE,1904679.38,5,2021-12-25,Rabat,"Zone Industrielle, N° 270, Route de Pineau-les-Bains, Rabat, Maroc",0537878088,contact@unionsystems.ma,Actif,3,19
797,716799441000090,Société Zilis de Entreprise 2 SARL,SARL,Transport,PME,94294284.4,106,2007-02-08,Rabat,"Zone Industrielle, N° 267, Route de Buisson-sur-Joly, Rabat, Maroc",0537692867,contact@societezilisdeentreprise21.ma,Actif,3,18
798,360998015000056,Société Med de Entreprise SARL,SARL,Transport,TPE,2148592.58,2,2011-10-10,Rabat,"Zone Industrielle, N° 178, Route de Raymond, Rabat, Maroc",0537355882,contact@societemeddeentreprise2.ma,Actif,3,19
799,749848507000039,Société Taza de Construction SNC,SARL,BTP,TPE,1642600.24,2,2021-02-12,Rabat,"Zone Industrielle, N° 257, Route de Goncalves, Rabat, Maroc",0537785066,contact@societetazadeconstruction1.ma,Actif,3,18
800,187516357000062,Koutoubia Data SA,SA,Technologies,TPE,2152366.13,3,2013-05-11,Rabat,"Zone Industrielle, N° 70, Route de Chauvet-la-Forêt, Rabat, Maroc",0537429089,contact@koutoubiadata.ma,Actif,3,19
801,604508620000022,Société Marocaine de Bâtiment SA,SARL,BTP,TPE,4917913.98,8,2018-05-25,Rabat,"Zone Industrielle, N° 374, Route de Marques-sur-Guillou, Rabat, Maroc",0537681517,contact@societemarocainedebatiment.ma,Actif,3,18
802,848321488000081,Soma Market SA,SNC,Commerce,TPE,266970.78,7,2017-07-12,Rabat,"Zone Industrielle, N° 215, Route de Rossidan, Rabat, Maroc",0537233644,contact@somamarket.ma,Actif,3,19
803,581997700000062,Société Bahia de Entreprise 1 SARL AU,EURL,Tourisme,TPE,1537620.27,6,2006-02-24,Rabat,"Zone Industrielle, N° 496, Route de Ribeiro-sur-Ollivier, Rabat, Maroc",0537472200,contact@societebahiadeentreprise11.ma,Actif,3,18
804,736780736000057,Société Maghreb de Holding SNC,SARL,Services,PME,75366260.55,121,2021-02-05,Rabat,"Zone Industrielle, N° 313, Route de Sainte Vincent, Rabat, Maroc",0537108161,contact@societemaghrebdeholding.ma,Actif,3,19
805,645705539000064,Afric Conseil 1 SARL AU,SARL,Services,PME,48085079.76,92,2006-10-17,Rabat,"Zone Industrielle, N° 306, Route de Sainte Isabelle-la-Forêt, Rabat, Maroc",0537650705,contact@africconseil1.ma,Actif,3,18
806,472959512000046,Société Zilis de Systems SARL,SARL,Technologies,TPE,1981931.96,3,2013-10-20,Rabat,"Zone Industrielle, N° 60, Route de Sainte Rémy, Rabat, Maroc",0537429638,contact@societezilisdesystems.ma,Actif,3,19
807,322096099000080,Sous Nettoyage SA,SA,Services,TPE,1510431.5,8,2012-11-09,Rabat,"Zone Industrielle, N° 59, Route de Verdier-sur-Dumas, Rabat, Maroc",0537247852,contact@sousnettoyage1.ma,Actif,3,18
808,713283921000064,Société Riad de Manufacture SARL,SARL,Industrie,PME,76712150.17,17,2005-06-07,Rabat,"Zone Industrielle, N° 492, Route de Sainte Jean, Rabat, Maroc",0537395528,contact@societeriaddemanufacture.ma,Actif,3,19
809,246907242000045,Société Zilis de Services SARL,SARL,Services,PME,54484920.03,126,2018-08-09,Rabat,"Zone Industrielle, N° 452, Route de Lombardnec, Rabat, Maroc",0537191083,contact@societezilisdeservices.ma,Actif,3,18
810,650662174000096,Société Maroc de Laiterie SA,SARL,Agriculture,PME,16063950.82,100,2015-05-15,Rabat,"Zone Industrielle, N° 386, Route de Bazin, Rabat, Maroc",0537761257,contact@societemarocdelaiterie.ma,Actif,3,19
811,246968057000085,Maroc Entreprise 1 SARL,SARL,Tourisme,PME,72146931.14,90,2006-11-21,Rabat,"Zone Industrielle, N° 135, Route de David, Rabat, Maroc",0537108357,contact@marocentreprise11.ma,Actif,3,18
812,654379588000037,Maghreb Holding SA,SARL,Services,TPE,4721495.61,4,2009-04-21,Rabat,"Zone Industrielle, N° 496, Route de Bonnin-sur-Masson, Rabat, Maroc",0537193020,contact@maghrebholding1.ma,Actif,3,19
813,474417831000071,Global Aménagement SA,SARL,BTP,TPE,429580.21,9,2017-11-19,Rabat,"Zone Industrielle, N° 336, Route de Moreau, Rabat, Maroc",0537346117,contact@globalamenagement.ma,Actif,3,18
814,417201826000022,Société Med de Entreprise SARL AU,SA,Transport,TPE,4776242.59,5,2017-10-12,Rabat,"Zone Industrielle, N° 256, Route de Bouviernec, Rabat, Maroc",0537669810,contact@societemeddeentreprise3.ma,Actif,3,19
815,473209649000099,Chaouia Holding SNC,SARL,Services,TPE,4818302.86,5,2010-08-11,Rabat,"Zone Industrielle, N° 68, Route de Pasquier, Rabat, Maroc",0537792702,contact@chaouiaholding.ma,Actif,3,18
816,539166656000017,Société Taza de Entreprise 2 SNC,SARL,Transport,TPE,727483.54,8,2013-09-07,Rabat,"Zone Industrielle, N° 410, Route de Bouchet, Rabat, Maroc",0537992325,contact@societetazadeentreprise22.ma,Actif,3,19
817,464902095000091,Taza Security SNC,SARL,Services,PME,35703241.64,182,2006-05-16,Rabat,"Zone Industrielle, N° 122, Route de Beckerdan, Rabat, Maroc",0537863559,contact@tazasecurity.ma,Actif,3,18
818,875487184000012,Société Chaouia de Wholesale 1 SA,SARL,Commerce,PME,34308511.71,114,2015-03-20,Rabat,"Zone Industrielle, N° 20, Route de Saint Diane, Rabat, Maroc",0537665987,contact@societechaouiadewholesale1.ma,Actif,3,19
819,999955690000078,Société Maroc de Holding SARL AU,SARL,Services,PME,13574007.52,190,2011-06-18,Rabat,"Zone Industrielle, N° 90, Route de Guilbert, Rabat, Maroc",0537308079,contact@societemarocdeholding.ma,Actif,3,18
820,910805871000077,Taza Ferme SARL AU,SARL,Agriculture,TPE,3617320.47,5,2012-01-02,Rabat,"Zone Industrielle, N° 20, Route de Dupré, Rabat, Maroc",0537986552,contact@tazaferme.ma,Actif,3,19
821,972947639000058,Atlas Trading SARL AU,SARL,Commerce,TPE,2049893.3,8,2012-01-09,Rabat,"Zone Industrielle, N° 73, Route de Lainenec, Rabat, Maroc",0537886343,contact@atlastrading.ma,Actif,3,18
822,519966090000034,Somibat Entreprise SARL,SARL,Tourisme,PME,17463353.0,199,2009-02-24,Rabat,"Zone Industrielle, N° 415, Route de Giraud, Rabat, Maroc",0537716767,contact@somibatentreprise2.ma,Actif,3,19
823,412715124000064,Sous Security SARL,SARL,Services,PME,86633790.65,92,2013-11-19,Rabat,"Zone Industrielle, N° 202, Route de Rossiboeuf, Rabat, Maroc",0537594299,contact@soussecurity.ma,Actif,3,18
824,500224021000079,Société Riad de Nettoyage SARL AU,SARL,Services,TPE,4837743.02,9,2005-08-24,Rabat,"Zone Industrielle, N° 497, Route de Monnier-la-Forêt, Rabat, Maroc",0537512766,contact@societeriaddenettoyage1.ma,Actif,3,19
825,969388124000090,Société Marocaine de Entreprise SNC,SARL,Santé,PME,47965683.54,157,2008-11-10,Rabat,"Zone Industrielle, N° 83, Route de Guillet-sur-Olivier, Rabat, Maroc",0537448583,contact@societemarocainedeentreprise3.ma,Actif,3,18
826,916668272000039,Société Chaouia de Distribution SNC,SARL,Commerce,Grande Entreprise,138155614.02,893,2020-09-24,Rabat,"Zone Industrielle, N° 300, Route de Lopes, Rabat, Maroc",0537980436,contact@societechaouiadedistribution2.ma,Actif,3,19
827,910715800000081,Somaco Conseil 1 SARL AU,SA,Services,TPE,2517746.93,7,2018-01-09,Rabat,"Zone Industrielle, N° 117, Route de Léger-sur-Mer, Rabat, Maroc",0537823934,contact@somacoconseil1.ma,Actif,3,18
828,503389825000026,Med Telecom SA,SARL,Technologies,PME,56830929.87,90,2007-02-14,Rabat,"Zone Industrielle, N° 49, Route de Pires, Rabat, Maroc",0537833222,contact@medtelecom.ma,Actif,3,19
829,687428098000063,Somaco Négoce SNC,SARL,Commerce,PME,20398845.85,41,2021-08-05,Rabat,"Zone Industrielle, N° 457, Route de Fischer, Rabat, Maroc",0537885376,contact@somaconegoce.ma,Actif,3,18
830,319539231000088,Société Saiss de Entreprise 1 SARL AU,SARL,Éducation,TPE,1554080.01,7,2010-03-10,Rabat,"Zone Industrielle, N° 360, Route de Blot, Rabat, Maroc",0537648668,contact@societesaissdeentreprise11.ma,Actif,3,19
831,608814493000011,Inter Holding SNC,SA,Services,Grande Entreprise,248501323.22,2676,2009-03-17,Rabat,"Zone Industrielle, N° 434, Route de Prévostdan, Rabat, Maroc",0537849817,contact@interholding2.ma,Actif,3,18
832,165613988000089,Zilis Trading SARL,SARL,Commerce,TPE,978206.33,8,2008-09-15,Rabat,"Zone Industrielle, N° 58, Route de Vaillant, Rabat, Maroc",0537447115,contact@zilistrading2.ma,Actif,3,19
833,883104733000049,Koutoubia Bâtiment SA,SNC,BTP,TPE,866619.8,6,2013-05-27,Rabat,"Zone Industrielle, N° 309, Route de Hervé, Rabat, Maroc",0537546867,contact@koutoubiabatiment.ma,Actif,3,18
834,209867551000026,Union Manufacture SA,SARL,Industrie,TPE,3858245.31,5,2011-05-06,Rabat,"Zone Industrielle, N° 298, Route de Sainte Anastasieboeuf, Rabat, Maroc",0537375710,contact@unionmanufacture.ma,Actif,3,19
835,332404394000021,Société Bahia de Holding 1 SARL AU,SNC,Services,PME,60795120.87,108,2011-03-01,Rabat,"Zone Industrielle, N° 128, Route de Charpentier, Rabat, Maroc",0537921417,contact@societebahiadeholding11.ma,Actif,3,18
836,424869522000074,Maroc Distribution SARL,SARL,Commerce,Grande Entreprise,345969477.73,787,2019-07-22,Rabat,"Zone Industrielle, N° 177, Route de Sainte Michèle, Rabat, Maroc",0537594601,contact@marocdistribution1.ma,Actif,3,19
837,750022893000037,Société Med de Conseil SNC,SARL,Services,PME,27873424.76,110,2021-06-17,Rabat,"Zone Industrielle, N° 462, Route de Sainte Capucine-la-Forêt, Rabat, Maroc",0537181998,contact@societemeddeconseil.ma,Actif,3,18
838,567521545000093,Société Med de Génie Civil SNC,SA,BTP,Grande Entreprise,478195973.14,1337,2013-11-04,Rabat,"Zone Industrielle, N° 470, Route de Benoit-sur-Mer, Rabat, Maroc",0537685005,contact@societemeddegeniecivil2.ma,Actif,3,19
839,902759981000011,Société Taza de Entreprise 1 SARL AU,SARL,Transport,TPE,223948.22,6,2011-07-12,Rabat,"Zone Industrielle, N° 487, Route de Dupuy-la-Forêt, Rabat, Maroc",0537287700,contact@societetazadeentreprise13.ma,Actif,3,18
840,794945166000045,Maroc Import-Export SARL AU,SNC,Commerce,TPE,1868857.75,4,2021-01-20,Rabat,"Zone Industrielle, N° 27, Route de Nicolas, Rabat, Maroc",0537386290,contact@marocimportexport2.ma,Actif,3,19
841,286585153000070,Société Atlas de Béton SARL AU,SA,BTP,PME,42837930.2,188,2020-10-21,Rabat,"Zone Industrielle, N° 261, Route de Traore-sur-Coste, Rabat, Maroc",0537576557,contact@societeatlasdebeton.ma,Actif,3,18
842,241356185000020,Atlas Agrumes SARL,SNC,Agriculture,PME,66517107.01,149,2009-12-24,Rabat,"Zone Industrielle, N° 455, Route de Berger, Rabat, Maroc",0537285501,contact@atlasagrumes.ma,Actif,3,19
843,457196310000096,Maroc Nettoyage SARL,SARL,Services,TPE,4244435.36,1,2011-11-20,Rabat,"Zone Industrielle, N° 18, Route de Saint Lucie, Rabat, Maroc",0537873276,contact@marocnettoyage.ma,Actif,3,18
844,638509113000028,Société Atlas de Wholesale 1 SARL AU,SARL,Commerce,PME,35065627.14,191,2006-02-07,Rabat,"Zone Industrielle, N° 399, Route de Roux, Rabat, Maroc",0537965125,contact@societeatlasdewholesale1.ma,Actif,3,19
845,226395063000053,Société Riad de Négoce SA,SARL,Commerce,PME,12977026.53,123,2005-05-09,Rabat,"Zone Industrielle, N° 189, Route de Sainte Vincentdan, Rabat, Maroc",0537687789,contact@societeriaddenegoce.ma,Actif,3,18
846,121590125000031,Somibat Industrie 1 SNC,SARL,Industrie,TPE,4196917.57,2,2007-03-11,Rabat,"Zone Industrielle, N° 330, Route de Saint Aimé-les-Bains, Rabat, Maroc",0537719864,contact@somibatindustrie1.ma,Actif,3,19
847,433382948000016,Koutoubia Câblage SA,SNC,Industrie,PME,25664955.94,105,2011-12-25,Rabat,"Zone Industrielle, N° 77, Route de Guibertdan, Rabat, Maroc",0537873964,contact@koutoubiacablage.ma,Actif,3,18
848,572015104000043,Chaouia Trading SARL AU,SARL,Commerce,TPE,1506675.13,5,2011-03-10,Rabat,"Zone Industrielle, N° 367, Route de Gilles-sur-Mer, Rabat, Maroc",0537371952,contact@chaouiatrading.ma,Actif,3,19
849,853968049000065,Société Koutoubia de Logistique SNC,SARL,Services,TPE,1840250.2,6,2017-03-18,Rabat,"Zone Industrielle, N° 117, Route de Lebrun, Rabat, Maroc",0537696337,contact@societekoutoubiadelogistique.ma,Actif,3,18
850,806878792000090,Compagnie du Trading SARL AU,SARL,Commerce,TPE,4073450.78,5,2019-05-02,Rabat,"Zone Industrielle, N° 274, Route de Imbert, Rabat, Maroc",0537220898,contact@compagniedutrading1.ma,Actif,3,19
851,552483138000070,Société Bahia de Services SNC,SARL,Services,TPE,785094.88,6,2008-11-12,Rabat,"Zone Industrielle, N° 91, Route de Saint Manon, Rabat, Maroc",0537108281,contact@societebahiadeservices2.ma,Actif,3,18
852,737346037000083,Maghreb Négoce 1 SARL AU,SARL,Commerce,TPE,3274618.44,2,2005-08-26,Rabat,"Zone Industrielle, N° 243, Route de Grondin-sur-Joubert, Rabat, Maroc",0537746564,contact@maghrebnegoce1.ma,Actif,3,19
853,644344970000023,Société Saiss de Entreprise 2 SARL AU,SARL,Transport,PME,74440711.57,131,2017-05-02,Rabat,"Zone Industrielle, N° 400, Route de Saint Arnaude, Rabat, Maroc",0537345684,contact@societesaissdeentreprise2.ma,Actif,3,18
854,239469212000094,Société Maghreb de Plastique SA,SNC,Industrie,TPE,3892954.99,7,2021-04-19,Rabat,"Zone Industrielle, N° 81, Route de Da Silva, Rabat, Maroc",0537888371,contact@societemaghrebdeplastique.ma,Actif,3,19
855,284757079000048,Med Security SA,SARL,Services,TPE,4803575.16,2,2005-11-05,Rabat,"Zone Industrielle, N° 462, Route de Costa-les-Bains, Rabat, Maroc",0537310141,contact@medsecurity.ma,Actif,3,18
856,837431324000060,Compagnie du Conseil SA,SARL,Services,TPE,1004508.92,4,2010-06-04,Rabat,"Zone Industrielle, N° 291, Route de Morel, Rabat, Maroc",0537593670,contact@compagnieduconseil1.ma,Actif,3,19
857,404077884000096,Société Chaouia de Services 1 SNC,SARL,Services,PME,91719139.37,181,2015-03-13,Rabat,"Zone Industrielle, N° 177, Route de Sainte Hélène, Rabat, Maroc",0537910822,contact@societechaouiadeservices1.ma,Actif,3,18
858,352498535000057,Koutoubia Câblage SARL AU,EURL,Industrie,PME,45336281.78,110,2005-04-20,Rabat,"Zone Industrielle, N° 403, Route de Gautier-sur-Daniel, Rabat, Maroc",0537286814,contact@koutoubiacablage1.ma,Actif,3,19
859,464628392000059,Afric Travaux SNC,SARL,BTP,TPE,2557134.06,1,2006-04-10,Rabat,"Zone Industrielle, N° 57, Route de De Sousa, Rabat, Maroc",0537556550,contact@africtravaux.ma,Actif,3,18
860,599206945000020,Euro Security 2 SNC,SARL,Services,PME,45442575.4,82,2017-11-17,Rabat,"Zone Industrielle, N° 64, Route de Hardydan, Rabat, Maroc",0537974756,contact@eurosecurity2.ma,Actif,3,19
861,802030905000095,Inter Ferme SARL,SARL,Agriculture,TPE,3690086.22,7,2017-11-15,Rabat,"Zone Industrielle, N° 258, Route de Bodin, Rabat, Maroc",0537112151,contact@interferme1.ma,Actif,3,18
862,491767365000024,Société Bouregreg de Security SARL,SARL,Services,TPE,3879662.33,5,2020-12-11,Rabat,"Zone Industrielle, N° 283, Route de Maillard-sur-Mer, Rabat, Maroc",0537985174,contact@societebouregregdesecurity.ma,Actif,3,19
863,881285439000068,Somaco Laiterie SARL,SNC,Agriculture,PME,98169778.25,146,2013-04-17,Rabat,"Zone Industrielle, N° 324, Route de Sainte Isaacdan, Rabat, Maroc",0537952319,contact@somacolaiterie1.ma,Actif,3,18
864,417982686000013,Saiss Distribution SNC,SNC,Commerce,TPE,2377339.55,1,2016-05-14,Rabat,"Zone Industrielle, N° 355, Route de Wagner, Rabat, Maroc",0537453854,contact@saissdistribution1.ma,Actif,3,19
865,893151937000060,Sous Holding SNC,SARL,Services,TPE,975768.08,6,2008-06-24,Rabat,"Zone Industrielle, N° 282, Route de Garcia, Rabat, Maroc",0537138390,contact@sousholding1.ma,Actif,3,18
866,986450549000077,Société Med de Négoce SA,SNC,Commerce,TPE,511829.61,2,2016-08-23,Rabat,"Zone Industrielle, N° 134, Route de Collet, Rabat, Maroc",0537747224,contact@societemeddenegoce1.ma,Actif,3,19
867,462680716000091,Société Zilis de Holding SA,SA,Services,PME,8860893.15,93,2008-07-17,Rabat,"Zone Industrielle, N° 50, Route de Parent-sur-Boulay, Rabat, Maroc",0537860636,contact@societezilisdeholding1.ma,Actif,3,18
868,380220571000048,Société Koutoubia de Wholesale SARL AU,SNC,Commerce,PME,45140341.36,15,2018-02-26,Rabat,"Zone Industrielle, N° 302, Route de Roger, Rabat, Maroc",0537300952,contact@societekoutoubiadewholesale.ma,Actif,3,19
869,299408320000045,Bahia Génie Civil SARL,SARL,BTP,PME,56219974.65,72,2018-05-24,Rabat,"Zone Industrielle, N° 408, Route de Riou-sur-Lebon, Rabat, Maroc",0537822325,contact@bahiageniecivil.ma,Actif,3,18
870,596542483000086,Atlas Entreprise SARL AU,SARL,Tourisme,TPE,324136.69,7,2018-11-05,Rabat,"Zone Industrielle, N° 146, Route de Buissonboeuf, Rabat, Maroc",0537388115,contact@atlasentreprise.ma,Actif,3,19
871,594612888000085,Société Saiss de Trading SARL,SARL,Commerce,PME,65311383.27,34,2014-12-23,Rabat,"Zone Industrielle, N° 433, Route de Sainte MargueriteBourg, Rabat, Maroc",0537738914,contact@societesaissdetrading.ma,Actif,3,18
872,635769949000036,Saiss Conseil SARL,SARL,Services,TPE,3016630.73,9,2019-03-15,Rabat,"Zone Industrielle, N° 390, Route de Joly, Rabat, Maroc",0537995857,contact@saissconseil.ma,Actif,3,19
873,496416310000048,Société Bahia de Services 1 SARL,SARL,Services,TPE,933065.71,7,2016-02-07,Rabat,"Zone Industrielle, N° 281, Route de Breton-sur-Mer, Rabat, Maroc",0537884346,contact@societebahiadeservices11.ma,Actif,3,18
874,352027142000058,Société Saiss de Market 1 SA,SARL,Commerce,TPE,1645156.62,8,2005-05-18,Rabat,"Zone Industrielle, N° 261, Route de Sainte Alice, Rabat, Maroc",0537880195,contact@societesaissdemarket12.ma,Actif,3,19
875,270851134000061,Global Systems SARL,SARL,Technologies,Grande Entreprise,152678955.73,2686,2008-10-10,Rabat,"Zone Industrielle, N° 452, Route de Cohen, Rabat, Maroc",0537287299,contact@globalsystems.ma,Actif,3,18
876,341698434000061,Bouregreg Conseil SARL AU,SARL,Services,PME,38442338.94,65,2015-09-18,Rabat,"Zone Industrielle, N° 210, Route de Boulanger, Rabat, Maroc",0537658375,contact@bouregregconseil.ma,Actif,3,19
877,205573615000059,Sous Distribution SA,SARL,Commerce,TPE,2373178.32,8,2015-08-21,Rabat,"Zone Industrielle, N° 359, Route de Guillon, Rabat, Maroc",0537280638,contact@sousdistribution.ma,Actif,3,18
878,538919097000012,Société Chaouia de Logistique SARL,SARL,Services,PME,44719490.73,117,2021-02-20,Rabat,"Zone Industrielle, N° 384, Route de Dubois-sur-Bertin, Rabat, Maroc",0537698301,contact@societechaouiadelogistique.ma,Actif,3,19
879,496279795000040,Union Aménagement SARL AU,SARL,BTP,TPE,1324709.7,8,2021-04-28,Rabat,"Zone Industrielle, N° 244, Route de Jacquot, Rabat, Maroc",0537269218,contact@unionamenagement1.ma,Actif,3,18
880,359720591000032,Somaco Logistique SARL AU,SARL,Services,TPE,4691990.35,4,2019-04-22,Rabat,"Zone Industrielle, N° 237, Route de Bonnet, Rabat, Maroc",0537732552,contact@somacologistique.ma,Actif,3,19
881,826786176000062,Afric Oléicole SARL AU,SA,Agriculture,Grande Entreprise,300085975.65,655,2007-01-24,Rabat,"Zone Industrielle, N° 359, Route de Sainte Thibault-les-Bains, Rabat, Maroc",0537133892,contact@africoleicole.ma,Actif,3,18
882,164195017000047,Zilis Market SNC,SARL,Commerce,PME,99575782.27,108,2005-08-16,Rabat,"Zone Industrielle, N° 381, Route de Torres-la-Forêt, Rabat, Maroc",0537967962,contact@zilismarket2.ma,Actif,3,19
883,256748846000043,Zilis Agrumes SARL AU,SARL,Agriculture,PME,83689235.21,195,2019-07-26,Rabat,"Zone Industrielle, N° 63, Route de Sainte Alexandrie-sur-Mer, Rabat, Maroc",0537230083,contact@zilisagrumes.ma,Actif,3,18
884,454362380000092,Koutoubia Laiterie SARL AU,SARL,Agriculture,PME,60082138.19,38,2012-08-07,Rabat,"Zone Industrielle, N° 59, Route de Lucas, Rabat, Maroc",0537377356,contact@koutoubialaiterie.ma,Actif,3,19
885,395600027000086,Saiss Plastique SA,SA,Industrie,PME,48532991.97,191,2015-08-23,Rabat,"Zone Industrielle, N° 300, Route de Brunetdan, Rabat, Maroc",0537370450,contact@saissplastique.ma,Actif,3,18
886,427213547000070,Bahia Conseil 1 SA,SA,Services,TPE,786102.81,9,2014-12-06,Rabat,"Zone Industrielle, N° 334, Route de Besson-sur-Legros, Rabat, Maroc",0537695213,contact@bahiaconseil1.ma,Actif,3,19
887,327270384000084,Union Laiterie SA,SNC,Agriculture,PME,68961477.82,49,2013-11-08,Rabat,"Zone Industrielle, N° 445, Route de Georges-sur-Mer, Rabat, Maroc",0537129365,contact@unionlaiterie.ma,Actif,3,18
888,661929277000057,Bahia Logistique 3 SNC,EURL,Services,TPE,2962750.39,5,2009-10-28,Rabat,"Zone Industrielle, N° 170, Route de Bazin, Rabat, Maroc",0537625436,contact@bahialogistique3.ma,Actif,3,19
889,340851021000029,Société Marocaine de Entreprise 1 SNC,SARL,Tourisme,TPE,4637803.28,3,2007-06-08,Rabat,"Zone Industrielle, N° 115, Route de Faure-sur-Laine, Rabat, Maroc",0537424333,contact@societemarocainedeentreprise12.ma,Actif,3,18
890,945770768000077,Med Béton 1 SARL AU,SNC,BTP,TPE,3912270.36,2,2005-12-28,Rabat,"Zone Industrielle, N° 410, Route de Evrardboeuf, Rabat, Maroc",0537958675,contact@medbeton1.ma,Actif,3,19
891,677382209000020,Société Maroc de Construction SNC,SARL,BTP,PME,75430896.87,103,2013-09-18,Rabat,"Zone Industrielle, N° 389, Route de Saint Charles-sur-Mer, Rabat, Maroc",0537987730,contact@societemarocdeconstruction.ma,Actif,3,18
892,290514740000015,Bouregreg Câblage SA,SARL,Industrie,Grande Entreprise,122389919.9,2521,2012-04-23,Rabat,"Zone Industrielle, N° 243, Route de Regnier-sur-Gérard, Rabat, Maroc",0537852227,contact@bouregregcablage.ma,Actif,3,19
893,917848203000084,Société Maroc de Trading SA,SARL,Commerce,Grande Entreprise,206305335.62,1336,2006-04-08,Rabat,"Zone Industrielle, N° 309, Route de Millet, Rabat, Maroc",0537355790,contact@societemarocdetrading1.ma,Actif,3,18
894,330847988000086,Société Marocaine de Services SARL,SARL,Services,TPE,581524.15,1,2020-04-04,Rabat,"Zone Industrielle, N° 311, Route de PichonBourg, Rabat, Maroc",0537668714,contact@societemarocainedeservices1.ma,Actif,3,19
895,745699103000044,Société Med de Entreprise 1 SARL,SARL,Transport,TPE,2889713.42,7,2019-01-09,Rabat,"Zone Industrielle, N° 218, Route de Wagner, Rabat, Maroc",0537891213,contact@societemeddeentreprise11.ma,Actif,3,18
896,640159008000049,Société Sous de Plastique SARL AU,SNC,Industrie,TPE,965006.19,9,2012-06-09,Rabat,"Zone Industrielle, N° 297, Route de Camus-sur-Robin, Rabat, Maroc",0537810769,contact@societesousdeplastique.ma,Actif,3,19
897,575880586000053,Société Med de Métal SARL AU,SARL,Industrie,PME,15589655.55,56,2007-07-22,Rabat,"Zone Industrielle, N° 58, Route de CohenVille, Rabat, Maroc",0537419439,contact@societemeddemetal1.ma,Actif,3,18
898,422188491000088,Afric Import-Export SARL,SARL,Commerce,PME,56166058.99,56,2015-09-16,Rabat,"Zone Industrielle, N° 360, Route de Payetnec, Rabat, Maroc",0537207916,contact@africimportexport1.ma,Actif,3,19
899,946912399000063,Soma Market SNC,SA,Commerce,TPE,3392247.45,6,2015-09-16,Rabat,"Zone Industrielle, N° 314, Route de ThibaultVille, Rabat, Maroc",0537785234,contact@somamarket1.ma,Actif,3,18
900,556660155000082,Maghreb Plastique SARL AU,SARL,Industrie,PME,30591402.7,77,2016-12-11,Rabat,"Zone Industrielle, N° 167, Route de Pinto-la-Forêt, Rabat, Maroc",0537571552,contact@maghrebplastique1.ma,Actif,3,19
901,323992251000094,Koutoubia Trading SNC,EURL,Commerce,TPE,2143905.83,7,2013-01-27,Kénitra,"Zone Industrielle, N° 113, Route de Sainte Pierre, Kénitra, Maroc",0537838552,contact@koutoubiatrading1.ma,Actif,4,22
902,394165554000023,Saiss Market SNC,SARL,Commerce,PME,33005704.57,105,2011-04-20,Kénitra,"Zone Industrielle, N° 235, Route de Saint Inès, Kénitra, Maroc",0537627374,contact@saissmarket2.ma,Actif,4,23
903,502673550000017,Global Telecom SNC,EURL,Technologies,TPE,886047.94,8,2020-04-09,Kénitra,"Zone Industrielle, N° 310, Route de Saint Audreyboeuf, Kénitra, Maroc",0537736176,contact@globaltelecom.ma,Actif,4,22
904,985096875000029,Maroc Métal SNC,SARL,Industrie,TPE,3234180.46,5,2007-06-25,Kénitra,"Zone Industrielle, N° 221, Route de Saint Danieldan, Kénitra, Maroc",0537868028,contact@marocmetal1.ma,Actif,4,23
905,840420291000012,Chaouia Import-Export SARL,SARL,Commerce,PME,61031790.14,156,2013-09-17,Kénitra,"Zone Industrielle, N° 159, Route de Sainte Anouk, Kénitra, Maroc",0537957011,contact@chaouiaimportexport.ma,Actif,4,22
906,313658711000096,Zilis Systems SARL AU,SARL,Technologies,TPE,3872538.81,6,2019-04-15,Kénitra,"Zone Industrielle, N° 180, Route de Lecoq, Kénitra, Maroc",0537479798,contact@zilissystems1.ma,Actif,4,23
907,667362369000017,Somibat Export Agri 1 SARL,SARL,Agriculture,Grande Entreprise,203610328.6,2672,2017-08-26,Kénitra,"Zone Industrielle, N° 435, Route de Gosselin, Kénitra, Maroc",0537150364,contact@somibatexportagri1.ma,Actif,4,22
908,172058248000019,Société Bouregreg de Plastique 1 SARL,SA,Industrie,Grande Entreprise,304904667.66,266,2020-05-19,Kénitra,"Zone Industrielle, N° 334, Route de Bessonnec, Kénitra, Maroc",0537449964,contact@societebouregregdeplastique1.ma,Actif,4,23
909,978058573000045,Société Med de Textile 1 SARL,SA,Industrie,PME,97551616.01,38,2011-02-25,Kénitra,"Zone Industrielle, N° 230, Route de Hoareaunec, Kénitra, Maroc",0537817176,contact@societemeddetextile1.ma,Actif,4,22
910,106822504000089,Union Construction SARL,SARL,BTP,TPE,4457843.35,3,2018-01-13,Kénitra,"Zone Industrielle, N° 160, Route de Saint Marcelleboeuf, Kénitra, Maroc",0537702656,contact@unionconstruction.ma,Actif,4,23
911,315104360000083,Chaouia Nettoyage SA,SA,Services,PME,6792806.77,67,2015-09-15,Kénitra,"Zone Industrielle, N° 350, Route de Saint Élisenec, Kénitra, Maroc",0537785362,contact@chaouianettoyage.ma,Actif,4,22
912,174374750000051,Euro Trading 1 SA,SARL,Commerce,Grande Entreprise,457297414.18,2562,2006-03-18,Kénitra,"Zone Industrielle, N° 498, Route de Rodriguez-sur-Mer, Kénitra, Maroc",0537465449,contact@eurotrading11.ma,Actif,4,23
913,572060870000025,Global Import-Export SARL AU,SARL,Commerce,PME,93204222.71,178,2011-06-01,Kénitra,"Zone Industrielle, N° 459, Route de Saint Théophile, Kénitra, Maroc",0537243982,contact@globalimportexport.ma,Actif,4,22
914,974562092000025,Atlas Entreprise SA,SARL,Transport,PME,40635824.48,123,2011-04-25,Kénitra,"Zone Industrielle, N° 312, Route de Mailletnec, Kénitra, Maroc",0537498988,contact@atlasentreprise1.ma,Actif,4,23
915,958769279000074,Société Marocaine de Wholesale SA,SARL,Commerce,TPE,957974.24,9,2015-07-07,Kénitra,"Zone Industrielle, N° 56, Route de Gillet-sur-Mer, Kénitra, Maroc",0537320544,contact@societemarocainedewholesale1.ma,Actif,4,22
916,170121356000065,Global Web SARL,SARL,Technologies,TPE,1350894.23,2,2008-06-12,Kénitra,"Zone Industrielle, N° 438, Route de Jacques, Kénitra, Maroc",0537425039,contact@globalweb.ma,Actif,4,23
917,447109525000015,Société Koutoubia de Entreprise 1 SARL,SNC,Éducation,Grande Entreprise,360800735.06,1139,2005-05-24,Kénitra,"Zone Industrielle, N° 469, Route de Meyer, Kénitra, Maroc",0537778805,contact@societekoutoubiadeentreprise1.ma,Actif,4,22
918,763094664000063,Société Marocaine de Distribution SA,SARL,Commerce,TPE,1320090.8,1,2011-12-22,Kénitra,"Zone Industrielle, N° 200, Route de Roche, Kénitra, Maroc",0537407321,contact@societemarocainededistribution2.ma,Actif,4,23
919,634246035000036,Société Bouregreg de Web SA,SA,Technologies,PME,44827719.23,54,2016-02-26,Kénitra,"Zone Industrielle, N° 25, Route de Saint Suzannenec, Kénitra, Maroc",0537270261,contact@societebouregregdeweb.ma,Actif,4,22
920,537715480000015,Inter Bâtiment 1 SARL,SNC,BTP,TPE,3164031.19,5,2006-12-28,Kénitra,"Zone Industrielle, N° 477, Route de Gosselin-sur-Durand, Kénitra, Maroc",0537251352,contact@interbatiment1.ma,Actif,4,23
921,676306442000066,Inter Trading 2 SARL,SARL,Commerce,TPE,3836261.24,9,2007-02-16,Kénitra,"Zone Industrielle, N° 222, Route de Leclerc, Kénitra, Maroc",0537586993,contact@intertrading2.ma,Actif,4,22
922,613022936000073,Maghreb Conseil SNC,SA,Services,TPE,3056028.37,1,2016-10-22,Kénitra,"Zone Industrielle, N° 59, Route de Saint JeannineVille, Kénitra, Maroc",0537851111,contact@maghrebconseil1.ma,Actif,4,23
923,760366848000023,Afric Wholesale SA,SARL,Commerce,PME,85937004.79,60,2008-12-13,Kénitra,"Zone Industrielle, N° 464, Route de JosephVille, Kénitra, Maroc",0537396012,contact@africwholesale.ma,Actif,4,22
924,809960056000028,Société Bahia de Nettoyage SNC,SARL,Services,TPE,1328286.44,5,2013-03-11,Kénitra,"Zone Industrielle, N° 201, Route de Traore, Kénitra, Maroc",0537542521,contact@societebahiadenettoyage1.ma,Actif,4,23
925,953380169000040,Société Atlas de Ferme SNC,EURL,Agriculture,PME,93789318.96,18,2005-03-21,Kénitra,"Zone Industrielle, N° 437, Route de Sainte Brigitte, Kénitra, Maroc",0537135771,contact@societeatlasdeferme.ma,Actif,4,22
926,572299301000025,Union Métal 2 SARL AU,SARL,Industrie,TPE,1680408.65,8,2011-08-20,Kénitra,"Zone Industrielle, N° 289, Route de Gimenez, Kénitra, Maroc",0537375570,contact@unionmetal2.ma,Actif,4,23
927,817273153000053,Euro Soft SARL AU,SA,Technologies,PME,67268747.97,141,2020-09-15,Kénitra,"Zone Industrielle, N° 59, Route de Faivre, Kénitra, Maroc",0537795466,contact@eurosoft.ma,Actif,4,22
928,417519885000026,Société Maghreb de Services 1 SARL,SARL,Services,PME,29972017.86,103,2019-02-04,Kénitra,"Zone Industrielle, N° 374, Route de Saint Constance, Kénitra, Maroc",0537677204,contact@societemaghrebdeservices11.ma,Actif,4,23
929,338217239000012,Société Maghreb de Métal 1 SARL,SA,Industrie,PME,34167888.52,121,2021-04-05,Kénitra,"Zone Industrielle, N° 358, Route de Rey, Kénitra, Maroc",0537980817,contact@societemaghrebdemetal1.ma,Actif,4,22
930,670017400000031,Société Riad de Béton SA,SARL,BTP,TPE,3748519.41,9,2016-09-08,Kénitra,"Zone Industrielle, N° 494, Route de Julien-sur-Verdier, Kénitra, Maroc",0537827391,contact@societeriaddebeton.ma,Actif,4,23
931,530433938000047,Société Maghreb de Béton SA,SNC,BTP,TPE,590676.56,3,2018-04-09,Kénitra,"Zone Industrielle, N° 495, Route de Leleu-sur-Maillet, Kénitra, Maroc",0537151288,contact@societemaghrebdebeton.ma,Actif,4,22
932,324148755000088,Maghreb Entreprise SNC,SARL,Tourisme,TPE,2656567.97,7,2013-12-18,Kénitra,"Zone Industrielle, N° 169, Route de Gomez, Kénitra, Maroc",0537800574,contact@maghrebentreprise2.ma,Actif,4,23
933,995853974000054,Afric Négoce SNC,SA,Commerce,PME,11347406.29,115,2018-07-19,Kénitra,"Zone Industrielle, N° 137, Route de Meunier, Kénitra, Maroc",0537302764,contact@africnegoce1.ma,Actif,4,22
934,451617643000011,Union Wholesale SNC,SARL,Commerce,TPE,4820450.99,5,2019-03-22,Kénitra,"Zone Industrielle, N° 399, Route de Louisnec, Kénitra, Maroc",0537388851,contact@unionwholesale1.ma,Actif,4,23
935,873101432000053,Société Marocaine de Import-Export SNC,SA,Commerce,PME,54458926.73,144,2019-03-03,Kénitra,"Zone Industrielle, N° 476, Route de Paris, Kénitra, Maroc",0537890888,contact@societemarocainedeimportexport.ma,Actif,4,22
936,195104483000087,Société Marocaine de Security SARL AU,SARL,Services,PME,95201351.41,20,2020-05-08,Kénitra,"Zone Industrielle, N° 62, Route de Saint Lorraine, Kénitra, Maroc",0537648236,contact@societemarocainedesecurity2.ma,Actif,4,23
937,396208468000042,Société Taza de Entreprise 3 SNC,SARL,Transport,Grande Entreprise,446034027.23,1188,2008-05-27,Kénitra,"Zone Industrielle, N° 385, Route de Berthelotdan, Kénitra, Maroc",0537859223,contact@societetazadeentreprise31.ma,Actif,4,22
938,734672082000065,Somaco Entreprise 1 SARL AU,SA,Transport,PME,36238818.8,180,2020-04-19,Kénitra,"Zone Industrielle, N° 123, Route de Sainte Lucy, Kénitra, Maroc",0537619020,contact@somacoentreprise11.ma,Actif,4,23
939,205845958000083,Société Riad de Câblage 1 SNC,SARL,Industrie,PME,14876718.11,191,2008-10-27,Kénitra,"Zone Industrielle, N° 339, Route de Hardyboeuf, Kénitra, Maroc",0537932149,contact@societeriaddecablage1.ma,Actif,4,22
940,528093064000090,Zilis Holding SNC,SARL,Services,TPE,4836975.05,4,2019-08-19,Kénitra,"Zone Industrielle, N° 29, Route de Lejeune-les-Bains, Kénitra, Maroc",0537648159,contact@zilisholding.ma,Actif,4,23
941,372208827000055,Inter Distribution SA,SARL,Commerce,PME,46020748.53,16,2018-01-24,Kénitra,"Zone Industrielle, N° 444, Route de Mallet, Kénitra, Maroc",0537578804,contact@interdistribution2.ma,Actif,4,22
942,687634973000092,Med Holding SARL,EURL,Services,PME,37684723.84,73,2013-03-07,Kénitra,"Zone Industrielle, N° 404, Route de Faivre, Kénitra, Maroc",0537685606,contact@medholding.ma,Actif,4,23
943,875177891000021,Maroc Laiterie 1 SA,SARL,Agriculture,TPE,2066472.28,6,2012-06-27,Kénitra,"Zone Industrielle, N° 61, Route de Reynaud-sur-Mer, Kénitra, Maroc",0537420691,contact@maroclaiterie1.ma,Actif,4,22
944,280971874000051,Euro Aménagement SNC,SARL,BTP,PME,34727812.78,137,2015-08-12,Kénitra,"Zone Industrielle, N° 91, Route de Ribeiro, Kénitra, Maroc",0537891434,contact@euroamenagement1.ma,Actif,4,23
945,742064735000094,Société Riad de Entreprise 1 SARL AU,SARL,Tourisme,TPE,1029969.79,5,2007-04-03,Kénitra,"Zone Industrielle, N° 374, Route de Barthelemy, Kénitra, Maroc",0537194940,contact@societeriaddeentreprise12.ma,Actif,4,22
946,341403853000066,Global Industrie SNC,SA,Industrie,TPE,1390513.22,6,2014-10-19,Kénitra,"Zone Industrielle, N° 175, Route de Sainte Arnaude, Kénitra, Maroc",0537186205,contact@globalindustrie.ma,Actif,4,23
947,971368687000037,Société Marocaine de Travaux SARL AU,SA,BTP,PME,28360841.33,49,2012-04-08,Kénitra,"Zone Industrielle, N° 341, Route de Laporte-les-Bains, Kénitra, Maroc",0537561746,contact@societemarocainedetravaux.ma,Actif,4,22
948,515649533000043,Taza Entreprise SNC,SARL,Transport,TPE,1554286.36,1,2021-10-13,Kénitra,"Zone Industrielle, N° 304, Route de Berger-la-Forêt, Kénitra, Maroc",0537757724,contact@tazaentreprise.ma,Actif,4,23
949,365101864000078,Inter Nettoyage SARL AU,SARL,Services,PME,98282038.23,77,2009-06-28,Kénitra,"Zone Industrielle, N° 369, Route de Rémy, Kénitra, Maroc",0537967641,contact@internettoyage.ma,Actif,4,22
950,157124626000068,Union Travaux SARL AU,SA,BTP,PME,14179033.85,139,2012-08-09,Kénitra,"Zone Industrielle, N° 438, Route de Sainte Camilleboeuf, Kénitra, Maroc",0537702154,contact@uniontravaux2.ma,Actif,4,23
951,168479854000097,Compagnie du Négoce SA,SARL,Commerce,PME,52227629.92,121,2006-06-16,Kénitra,"Zone Industrielle, N° 85, Route de Saint Bernard-la-Forêt, Kénitra, Maroc",0537840618,contact@compagniedunegoce.ma,Actif,4,22
952,432672358000078,Société Bahia de Métal SARL,SARL,Industrie,TPE,4778197.82,5,2009-07-07,Kénitra,"Zone Industrielle, N° 241, Route de MailletVille, Kénitra, Maroc",0537793948,contact@societebahiademetal.ma,Actif,4,23
953,484774860000085,Compagnie du Câblage SNC,SARL,Industrie,PME,33942801.44,69,2005-10-02,Kénitra,"Zone Industrielle, N° 396, Route de Saint Suzanne-sur-Mer, Kénitra, Maroc",0537846705,contact@compagnieducablage.ma,Actif,4,22
954,631475412000025,Société Chaouia de Manufacture SA,EURL,Industrie,TPE,4889033.86,2,2010-03-01,Kénitra,"Zone Industrielle, N° 485, Route de Guillaumeboeuf, Kénitra, Maroc",0537780952,contact@societechaouiademanufacture.ma,Actif,4,23
955,290493557000065,Taza Câblage SNC,SARL,Industrie,TPE,561391.0,7,2015-03-04,Kénitra,"Zone Industrielle, N° 191, Route de Garcia, Kénitra, Maroc",0537426312,contact@tazacablage.ma,Actif,4,22
956,376776096000012,Inter Holding SA,SARL,Services,PME,52469773.25,57,2015-08-25,Kénitra,"Zone Industrielle, N° 278, Route de Aubert, Kénitra, Maroc",0537198595,contact@interholding3.ma,Actif,4,23
957,428848348000013,Soma Distribution 1 SARL AU,EURL,Commerce,PME,10785584.47,152,2021-01-01,Kénitra,"Zone Industrielle, N° 206, Route de Sainte Patrick-sur-Mer, Kénitra, Maroc",0537442737,contact@somadistribution1.ma,Actif,4,22
958,266076902000086,Union Entreprise SA,SARL,Transport,PME,58967472.34,105,2011-06-04,Kénitra,"Zone Industrielle, N° 477, Route de Dupuisboeuf, Kénitra, Maroc",0537816367,contact@unionentreprise2.ma,Actif,4,23
959,434648116000047,Société Maghreb de Génie Civil 1 SA,SARL,BTP,TPE,966948.61,8,2006-09-26,Kénitra,"Zone Industrielle, N° 423, Route de Gillet, Kénitra, Maroc",0537226125,contact@societemaghrebdegeniecivil11.ma,Actif,4,22
960,517520043000067,Chaouia Market SARL,SARL,Commerce,TPE,3446857.06,9,2015-08-22,Kénitra,"Zone Industrielle, N° 435, Route de Joubertboeuf, Kénitra, Maroc",0537674599,contact@chaouiamarket.ma,Actif,4,23
961,615850694000094,Afric Security SARL AU,SARL,Services,Grande Entreprise,367482032.04,468,2017-01-12,Kénitra,"Zone Industrielle, N° 479, Route de Bertin, Kénitra, Maroc",0537161471,contact@africsecurity.ma,Actif,4,22
962,315749184000046,Société Koutoubia de Entreprise 2 SARL,SNC,Transport,PME,84710909.32,35,2021-07-25,Kénitra,"Zone Industrielle, N° 339, Route de Blanchet, Kénitra, Maroc",0537672922,contact@societekoutoubiadeentreprise2.ma,Actif,4,23
963,619803232000088,Taza Security 1 SNC,SARL,Services,TPE,2294732.39,4,2005-08-04,Kénitra,"Zone Industrielle, N° 297, Route de TurpinBourg, Kénitra, Maroc",0537437132,contact@tazasecurity1.ma,Actif,4,22
964,286142551000092,Société Atlas de Ferme SARL,SNC,Agriculture,TPE,2538311.58,5,2014-10-24,Kénitra,"Zone Industrielle, N° 287, Route de Samsonboeuf, Kénitra, Maroc",0537699025,contact@societeatlasdeferme1.ma,Actif,4,23
965,645863316000077,Chaouia Import-Export SARL AU,EURL,Commerce,TPE,334984.55,1,2006-11-28,Kénitra,"Zone Industrielle, N° 388, Route de Lemaître, Kénitra, Maroc",0537554876,contact@chaouiaimportexport1.ma,Actif,4,22
966,321982099000083,Société Marocaine de Travaux SA,SNC,BTP,PME,53330830.45,184,2015-02-23,Kénitra,"Zone Industrielle, N° 263, Route de Pasquier, Kénitra, Maroc",0537313498,contact@societemarocainedetravaux1.ma,Actif,4,23
967,499199790000061,Atlas Trading SARL,SA,Commerce,PME,6481307.4,107,2015-03-13,Kénitra,"Zone Industrielle, N° 126, Route de Saint Nicole, Kénitra, Maroc",0537966723,contact@atlastrading1.ma,Actif,4,22
968,392718059000062,Koutoubia Béton 1 SARL AU,SA,BTP,TPE,794180.16,4,2014-04-21,Kénitra,"Zone Industrielle, N° 477, Route de Durand, Kénitra, Maroc",0537872416,contact@koutoubiabeton1.ma,Actif,4,23
969,238392700000094,Sous Nettoyage 1 SA,SARL,Services,PME,44509300.09,115,2017-01-23,Kénitra,"Zone Industrielle, N° 239, Route de Lenoir, Kénitra, Maroc",0537904390,contact@sousnettoyage11.ma,Actif,4,22
970,405808958000078,Soma Market 1 SNC,SARL,Commerce,PME,11699813.68,39,2013-11-23,Kénitra,"Zone Industrielle, N° 213, Route de Delorme-sur-Fouquet, Kénitra, Maroc",0537828780,contact@somamarket11.ma,Actif,4,23
971,603538733000071,Chaouia Distribution SARL,SARL,Commerce,TPE,4291989.66,5,2020-04-05,Kénitra,"Zone Industrielle, N° 28, Route de Collet-les-Bains, Kénitra, Maroc",0537643398,contact@chaouiadistribution.ma,Actif,4,22
972,811758502000074,Global Market SARL,SARL,Commerce,TPE,1220360.89,7,2009-08-20,Kénitra,"Zone Industrielle, N° 31, Route de Boulanger, Kénitra, Maroc",0537906487,contact@globalmarket1.ma,Actif,4,23
973,791634879000017,Société Atlas de Ferme 1 SARL,SARL,Agriculture,PME,22952095.29,63,2013-03-12,Kénitra,"Zone Industrielle, N° 112, Route de Gillet, Kénitra, Maroc",0537584479,contact@societeatlasdeferme11.ma,Actif,4,22
974,363900096000087,Afric Plastique SA,SA,Industrie,TPE,850177.84,5,2019-01-28,Kénitra,"Zone Industrielle, N° 45, Route de Moulin-sur-Didier, Kénitra, Maroc",0537561929,contact@africplastique1.ma,Actif,4,23
975,282445097000051,Somibat Câblage SARL AU,SARL,Industrie,TPE,2828580.35,3,2021-09-01,Kénitra,"Zone Industrielle, N° 378, Route de Bègueboeuf, Kénitra, Maroc",0537748634,contact@somibatcablage.ma,Actif,4,22
976,918380516000090,Atlas Béton SARL,SARL,BTP,TPE,803083.74,2,2017-10-04,Kénitra,"Zone Industrielle, N° 124, Route de Ledoux, Kénitra, Maroc",0537998632,contact@atlasbeton2.ma,Actif,4,23
977,626737297000088,Société Koutoubia de Génie Civil SNC,SARL,BTP,TPE,2773354.41,1,2017-08-24,Kénitra,"Zone Industrielle, N° 359, Route de Ramosdan, Kénitra, Maroc",0537349214,contact@societekoutoubiadegeniecivil.ma,Actif,4,22
978,376178153000030,Riad Plastique 1 SA,SARL,Industrie,TPE,4902642.41,8,2014-11-24,Kénitra,"Zone Industrielle, N° 208, Route de Royboeuf, Kénitra, Maroc",0537282822,contact@riadplastique1.ma,Actif,4,23
979,323446663000061,Zilis Market 1 SNC,SNC,Commerce,TPE,202591.92,5,2017-03-27,Kénitra,"Zone Industrielle, N° 190, Route de Joly, Kénitra, Maroc",0537756932,contact@zilismarket11.ma,Actif,4,22
980,364148131000037,Saiss Conseil SNC,SARL,Services,TPE,2146855.57,8,2017-03-24,Kénitra,"Zone Industrielle, N° 115, Route de Camus-les-Bains, Kénitra, Maroc",0537655678,contact@saissconseil1.ma,Actif,4,23
981,216662246000079,Riad Génie Civil SARL AU,SARL,BTP,PME,58996726.37,196,2014-04-13,Kénitra,"Zone Industrielle, N° 250, Route de ClercVille, Kénitra, Maroc",0537248196,contact@riadgeniecivil.ma,Actif,4,22
982,575646523000013,Inter Nettoyage SA,SNC,Services,PME,33530426.07,169,2017-09-14,Kénitra,"Zone Industrielle, N° 492, Route de FontaineBourg, Kénitra, Maroc",0537289074,contact@internettoyage1.ma,Actif,4,23
983,363816732000026,Société Taza de Market SA,SA,Commerce,PME,41667213.77,180,2011-03-14,Kénitra,"Zone Industrielle, N° 249, Route de Saint Antoinette, Kénitra, Maroc",0537431864,contact@societetazademarket.ma,Actif,4,22
984,196579827000050,Société Maroc de Web SARL,SARL,Technologies,PME,51235073.84,166,2005-01-28,Kénitra,"Zone Industrielle, N° 179, Route de Lombard, Kénitra, Maroc",0537155315,contact@societemarocdeweb.ma,Actif,4,23
985,411107084000048,Inter Data SARL AU,SNC,Technologies,Grande Entreprise,242678541.55,816,2019-08-11,Kénitra,"Zone Industrielle, N° 99, Route de Mercier, Kénitra, Maroc",0537837781,contact@interdata.ma,Actif,4,22
986,367780255000024,Société Bahia de Négoce 1 SARL,SARL,Commerce,TPE,2853249.02,3,2020-12-09,Kénitra,"Zone Industrielle, N° 444, Route de Petit, Kénitra, Maroc",0537823479,contact@societebahiadenegoce1.ma,Actif,4,23
987,489107100000066,Global Négoce SARL,SARL,Commerce,PME,18931397.58,123,2010-01-19,Kénitra,"Zone Industrielle, N° 428, Route de Bodin, Kénitra, Maroc",0537821547,contact@globalnegoce.ma,Actif,4,22
988,260509374000024,Maroc Entreprise SARL AU,SARL,Santé,PME,22274198.22,15,2009-10-10,Kénitra,"Zone Industrielle, N° 211, Route de BessonVille, Kénitra, Maroc",0537810277,contact@marocentreprise3.ma,Actif,4,23
989,281526961000056,Zilis Distribution SARL AU,SARL,Commerce,Grande Entreprise,416387015.46,2939,2020-01-20,Kénitra,"Zone Industrielle, N° 223, Route de Diaz-sur-Martineau, Kénitra, Maroc",0537718998,contact@zilisdistribution.ma,Actif,4,22
990,564876172000053,Saiss Entreprise SARL,SARL,Éducation,PME,23242198.96,81,2012-12-10,Kénitra,"Zone Industrielle, N° 239, Route de Guillet-sur-Delmas, Kénitra, Maroc",0537375894,contact@saissentreprise2.ma,Actif,4,23
991,508742503000035,Société Atlas de Travaux SARL AU,SNC,BTP,TPE,3774988.35,8,2005-12-19,Kénitra,"Zone Industrielle, N° 164, Route de DurandVille, Kénitra, Maroc",0537120145,contact@societeatlasdetravaux.ma,Actif,4,22
992,242099130000054,Société Taza de Construction SARL AU,SARL,BTP,Grande Entreprise,252006773.32,347,2021-07-14,Kénitra,"Zone Industrielle, N° 185, Route de Courtoisnec, Kénitra, Maroc",0537841637,contact@societetazadeconstruction2.ma,Actif,4,23
993,238003554000023,Koutoubia Services SARL,SA,Services,PME,57476351.7,135,2015-09-04,Kénitra,"Zone Industrielle, N° 425, Route de Saint Éléonore, Kénitra, Maroc",0537124125,contact@koutoubiaservices.ma,Actif,4,22
994,772298073000068,Somibat Distribution SA,SA,Commerce,TPE,967825.37,2,2015-10-03,Kénitra,"Zone Industrielle, N° 308, Route de Regnier, Kénitra, Maroc",0537263833,contact@somibatdistribution1.ma,Actif,4,23
995,198339644000010,Soma Trading 1 SARL,SNC,Commerce,PME,36435560.58,180,2007-03-03,Kénitra,"Zone Industrielle, N° 497, Route de Durand, Kénitra, Maroc",0537853144,contact@somatrading11.ma,Actif,4,22
996,858355916000033,Saiss Wholesale SARL,SARL,Commerce,TPE,3459444.89,4,2020-04-23,Kénitra,"Zone Industrielle, N° 319, Route de Rochernec, Kénitra, Maroc",0537619360,contact@saisswholesale.ma,Actif,4,23
997,181367901000034,Soma Logistique SARL,SARL,Services,TPE,3684667.24,1,2011-12-04,Kénitra,"Zone Industrielle, N° 399, Route de Gautier, Kénitra, Maroc",0537837010,contact@somalogistique1.ma,Actif,4,22
998,889676079000040,Société Taza de Market SARL AU,SARL,Commerce,TPE,1674886.69,4,2011-07-09,Kénitra,"Zone Industrielle, N° 186, Route de Saint Olivier-sur-Mer, Kénitra, Maroc",0537964517,contact@societetazademarket1.ma,Actif,4,23
999,185847386000096,Somaco Services SA,SARL,Services,TPE,3308726.62,5,2006-10-25,Kénitra,"Zone Industrielle, N° 230, Route de Laine-sur-Fleury, Kénitra, Maroc",0537957424,contact@somacoservices1.ma,Actif,4,22
1000,442592338000067,Bahia Entreprise 2 SARL,SA,Santé,PME,73030422.57,13,2007-10-09,Kénitra,"Zone Industrielle, N° 439, Route de Da Costa, Kénitra, Maroc",0537862470,contact@bahiaentreprise2.ma,Actif,4,23
1001,599230693000069,Riad Câblage SNC,SARL,Industrie,TPE,4073730.31,6,2010-01-23,Kénitra,"Zone Industrielle, N° 219, Route de Chevalierboeuf, Kénitra, Maroc",0537470037,contact@riadcablage1.ma,Actif,4,22
1002,440079269000058,Maghreb Manufacture SNC,SA,Industrie,TPE,4001633.1,7,2017-07-01,Kénitra,"Zone Industrielle, N° 413, Route de Jacques-sur-Mer, Kénitra, Maroc",0537246205,contact@maghrebmanufacture1.ma,Actif,4,23
1003,607115620000029,Société Maghreb de Logistique 1 SNC,SARL,Services,Grande Entreprise,352877215.0,1836,2010-04-04,Kénitra,"Zone Industrielle, N° 210, Route de Ribeiro, Kénitra, Maroc",0537117185,contact@societemaghrebdelogistique11.ma,Actif,4,22
1004,623279634000095,Société Sous de Logistique SARL AU,SARL,Services,TPE,1069006.77,8,2020-07-14,Kénitra,"Zone Industrielle, N° 91, Route de Saint Éricnec, Kénitra, Maroc",0537992964,contact@societesousdelogistique.ma,Actif,4,23
1005,430720723000090,Société Sous de Systems SNC,SARL,Technologies,TPE,4811053.14,2,2020-04-14,Kénitra,"Zone Industrielle, N° 16, Route de Hoareaudan, Kénitra, Maroc",0537614333,contact@societesousdesystems.ma,Actif,4,22
1006,119015738000067,Société Sous de Construction SA,SA,BTP,TPE,3189249.27,7,2009-06-19,Kénitra,"Zone Industrielle, N° 42, Route de Saint Martine, Kénitra, Maroc",0537596524,contact@societesousdeconstruction.ma,Actif,4,23
1007,939231372000090,Société Med de Construction SARL AU,SARL,BTP,TPE,1305938.28,6,2015-12-07,Kénitra,"Zone Industrielle, N° 174, Route de Perez, Kénitra, Maroc",0537233308,contact@societemeddeconstruction2.ma,Actif,4,22
1008,905512878000028,Société Marocaine de Textile SA,SARL,Industrie,PME,91581181.6,191,2005-06-17,Kénitra,"Zone Industrielle, N° 206, Route de Gayboeuf, Kénitra, Maroc",0537200225,contact@societemarocainedetextile.ma,Actif,4,23
1009,935112665000017,Société Marocaine de Métal SARL AU,SA,Industrie,PME,12724228.5,135,2013-12-05,Kénitra,"Zone Industrielle, N° 444, Route de Gauthier-sur-Evrard, Kénitra, Maroc",0537481453,contact@societemarocainedemetal.ma,Actif,4,22
1010,984909762000092,Société Maghreb de Conseil SNC,EURL,Services,TPE,1194333.26,1,2020-06-20,Kénitra,"Zone Industrielle, N° 112, Route de Saint Marcel, Kénitra, Maroc",0537662361,contact@societemaghrebdeconseil.ma,Actif,4,23
1011,852313014000011,Société Chaouia de Nettoyage SARL,SA,Services,TPE,4626174.91,2,2014-04-26,Kénitra,"Zone Industrielle, N° 226, Route de Ollivier-sur-Dupuy, Kénitra, Maroc",0537494273,contact@societechaouiadenettoyage.ma,Actif,4,22
1012,268554291000086,Inter Négoce 2 SNC,SA,Commerce,TPE,1100776.12,5,2009-08-21,Kénitra,"Zone Industrielle, N° 294, Route de Saint Marianne, Kénitra, Maroc",0537500576,contact@internegoce2.ma,Actif,4,23
1013,450617550000080,Société Bahia de Métal SA,SARL,Industrie,TPE,1639026.36,5,2009-06-01,Kénitra,"Zone Industrielle, N° 36, Route de Devaux, Kénitra, Maroc",0537229934,contact@societebahiademetal1.ma,Actif,4,22
1014,912276430000082,Société Saiss de Métal SNC,SARL,Industrie,TPE,794588.92,7,2006-11-10,Kénitra,"Zone Industrielle, N° 299, Route de Descamps-sur-David, Kénitra, Maroc",0537439753,contact@societesaissdemetal.ma,Actif,4,23
1015,463094446000020,Soma Industrie SARL,SARL,Industrie,TPE,2607371.02,3,2012-02-25,Kénitra,"Zone Industrielle, N° 192, Route de Gomes, Kénitra, Maroc",0537477819,contact@somaindustrie.ma,Actif,4,22
1016,322537900000067,Société Taza de Holding SARL,SA,Services,TPE,3779168.4,8,2009-09-27,Kénitra,"Zone Industrielle, N° 426, Route de Saint Jacqueline, Kénitra, Maroc",0537193819,contact@societetazadeholding.ma,Actif,4,23
1017,914462961000039,Société Koutoubia de Market SARL,SARL,Commerce,TPE,3837543.96,5,2012-08-02,Kénitra,"Zone Industrielle, N° 122, Route de Chrétien, Kénitra, Maroc",0537144224,contact@societekoutoubiademarket1.ma,Actif,4,22
1018,125247033000095,Bouregreg Câblage SARL AU,SA,Industrie,Grande Entreprise,481768408.03,763,2005-09-25,Kénitra,"Zone Industrielle, N° 262, Route de Garnier-la-Forêt, Kénitra, Maroc",0537403708,contact@bouregregcablage1.ma,Actif,4,23
1019,495263942000075,Afric Market 2 SARL,SARL,Commerce,PME,44419177.9,27,2016-12-03,Kénitra,"Zone Industrielle, N° 461, Route de Thibault, Kénitra, Maroc",0537709834,contact@africmarket2.ma,Actif,4,22
1020,316451229000087,Société Zilis de Market SARL,SARL,Commerce,PME,20597022.01,64,2016-09-13,Kénitra,"Zone Industrielle, N° 437, Route de Duhamel, Kénitra, Maroc",0537267628,contact@societezilisdemarket2.ma,Actif,4,23
1021,144732180000059,Atlas Security SARL AU,SARL,Services,TPE,1059284.93,5,2021-07-07,Kénitra,"Zone Industrielle, N° 67, Route de Labbéboeuf, Kénitra, Maroc",0537293810,contact@atlassecurity.ma,Actif,4,22
1022,772288694000039,Société Koutoubia de Trading SARL AU,SNC,Commerce,PME,75567273.75,62,2014-06-15,Kénitra,"Zone Industrielle, N° 341, Route de Faivre-les-Bains, Kénitra, Maroc",0537157008,contact@societekoutoubiadetrading2.ma,Actif,4,23
1023,873061127000051,Atlas Trading 1 SARL,SA,Commerce,PME,89016140.74,74,2015-04-16,Kénitra,"Zone Industrielle, N° 208, Route de Sainte BernardBourg, Kénitra, Maroc",0537854914,contact@atlastrading11.ma,Actif,4,22
1024,100290700000013,Société Bahia de Soft SNC,SA,Technologies,TPE,2014696.52,3,2012-02-20,Kénitra,"Zone Industrielle, N° 462, Route de GrondinBourg, Kénitra, Maroc",0537212471,contact@societebahiadesoft.ma,Actif,4,23
1025,793392531000034,Taza Telecom SARL AU,SARL,Technologies,PME,86430767.86,80,2010-02-02,Kénitra,"Zone Industrielle, N° 120, Route de Texier, Kénitra, Maroc",0537485928,contact@tazatelecom.ma,Actif,4,22
1026,959591246000036,Société Atlas de Import-Export SNC,SA,Commerce,Grande Entreprise,396738594.4,1727,2008-05-05,Kénitra,"Zone Industrielle, N° 243, Route de Valentin-sur-Chauvin, Kénitra, Maroc",0537375487,contact@societeatlasdeimportexport1.ma,Actif,4,23
1027,698551811000044,Somaco Entreprise SNC,SARL,Tourisme,TPE,3219877.95,1,2012-08-28,Kénitra,"Zone Industrielle, N° 365, Route de Martinez, Kénitra, Maroc",0537707940,contact@somacoentreprise2.ma,Actif,4,22
1028,600043271000062,Somibat Négoce SA,SA,Commerce,TPE,3544095.97,8,2005-01-16,Kénitra,"Zone Industrielle, N° 435, Route de Lebreton, Kénitra, Maroc",0537553496,contact@somibatnegoce.ma,Actif,4,23
1029,301938429000040,Société Sous de Aménagement 1 SARL AU,SARL,BTP,TPE,165018.41,1,2013-01-22,Kénitra,"Zone Industrielle, N° 456, Route de Dumasboeuf, Kénitra, Maroc",0537385173,contact@societesousdeamenagement11.ma,Actif,4,22
1030,494382316000068,Société Zilis de Négoce SNC,SA,Commerce,PME,81983623.1,176,2006-05-12,Kénitra,"Zone Industrielle, N° 316, Route de Malletnec, Kénitra, Maroc",0537192710,contact@societezilisdenegoce2.ma,Actif,4,23
1031,499549977000069,Société Riad de Béton SARL AU,SARL,BTP,PME,56736120.55,105,2016-07-06,Kénitra,"Zone Industrielle, N° 215, Route de Bazin, Kénitra, Maroc",0537708396,contact@societeriaddebeton1.ma,Actif,4,22
1032,247791426000052,Société Riad de Oléicole SNC,SARL,Agriculture,Grande Entreprise,406925315.54,804,2018-02-20,Kénitra,"Zone Industrielle, N° 463, Route de Peltier-sur-Gillet, Kénitra, Maroc",0537365499,contact@societeriaddeoleicole.ma,Actif,4,23
1033,993367254000030,Inter Agrumes SA,SNC,Agriculture,Grande Entreprise,358185656.27,2046,2009-10-11,Kénitra,"Zone Industrielle, N° 333, Route de Sainte Susanne-sur-Mer, Kénitra, Maroc",0537666452,contact@interagrumes1.ma,Actif,4,22
1034,373500468000080,Global Entreprise SNC,EURL,Transport,PME,59500796.15,62,2006-09-04,Kénitra,"Zone Industrielle, N° 12, Route de Saint René-les-Bains, Kénitra, Maroc",0537703418,contact@globalentreprise1.ma,Actif,4,23
1035,979782070000060,Maroc Construction SARL AU,SA,BTP,PME,20646680.45,68,2016-09-13,Kénitra,"Zone Industrielle, N° 346, Route de Mendès-les-Bains, Kénitra, Maroc",0537648532,contact@marocconstruction1.ma,Actif,4,22
1036,958923889000023,Société Marocaine de Travaux SARL,SA,BTP,TPE,1820558.35,7,2011-12-01,Kénitra,"Zone Industrielle, N° 268, Route de Prévostboeuf, Kénitra, Maroc",0537932143,contact@societemarocainedetravaux2.ma,Actif,4,23
1037,230003868000036,Chaouia Market SNC,SARL,Commerce,TPE,4587634.11,5,2011-01-01,Kénitra,"Zone Industrielle, N° 161, Route de Saint Aimé-la-Forêt, Kénitra, Maroc",0537132608,contact@chaouiamarket1.ma,Actif,4,22
1038,516340508000057,Global Import-Export SNC,SA,Commerce,TPE,3902732.47,2,2005-12-20,Kénitra,"Zone Industrielle, N° 185, Route de Alves-la-Forêt, Kénitra, Maroc",0537414798,contact@globalimportexport1.ma,Actif,4,23
1039,956665307000059,Société Med de Bâtiment SARL,SARL,BTP,TPE,2199767.01,8,2016-01-09,Kénitra,"Zone Industrielle, N° 252, Route de Saint Emmanuel-les-Bains, Kénitra, Maroc",0537834665,contact@societemeddebatiment1.ma,Actif,4,22
1040,198836690000020,Société Med de Bâtiment SARL AU,SARL,BTP,PME,78129802.45,118,2020-02-16,Kénitra,"Zone Industrielle, N° 288, Route de Ponsnec, Kénitra, Maroc",0537364405,contact@societemeddebatiment2.ma,Actif,4,23
1041,584471226000037,Union Métal 3 SARL AU,SARL,Industrie,TPE,4170087.3,2,2014-09-25,Kénitra,"Zone Industrielle, N° 447, Route de Saint Emmanuelboeuf, Kénitra, Maroc",0537838239,contact@unionmetal3.ma,Actif,4,22
1042,960397564000078,Société Med de Distribution SARL,SARL,Commerce,PME,14020607.26,185,2019-05-23,Kénitra,"Zone Industrielle, N° 208, Route de Morinboeuf, Kénitra, Maroc",0537692497,contact@societemeddedistribution2.ma,Actif,4,23
1043,217762169000097,Société Marocaine de Import-Export 1 SNC,SNC,Commerce,PME,9627913.42,159,2006-05-20,Kénitra,"Zone Industrielle, N° 228, Route de Richard-la-Forêt, Kénitra, Maroc",0537447514,contact@societemarocainedeimportexport1.ma,Actif,4,22
1044,339898241000053,Global Câblage SA,SA,Industrie,TPE,4203134.73,4,2010-07-02,Kénitra,"Zone Industrielle, N° 103, Route de ChevallierBourg, Kénitra, Maroc",0537416960,contact@globalcablage.ma,Actif,4,23
1045,570403386000073,Société Maroc de Distribution SNC,SARL,Commerce,PME,60439132.53,136,2009-12-20,Kénitra,"Zone Industrielle, N° 22, Route de Berger-les-Bains, Kénitra, Maroc",0537690107,contact@societemarocdedistribution.ma,Actif,4,22
1046,553393108000018,Société Riad de Bâtiment SARL AU,SARL,BTP,TPE,3524713.88,1,2006-05-14,Kénitra,"Zone Industrielle, N° 369, Route de Roy-les-Bains, Kénitra, Maroc",0537684352,contact@societeriaddebatiment.ma,Actif,4,23
1047,686175950000057,Somibat Industrie SA,SARL,Industrie,TPE,1387600.33,6,2010-11-07,Kénitra,"Zone Industrielle, N° 347, Route de Hernandez, Kénitra, Maroc",0537567771,contact@somibatindustrie2.ma,Actif,4,22
1048,519521409000011,Compagnie du Distribution 1 SNC,SARL,Commerce,PME,50398575.38,178,2009-05-05,Kénitra,"Zone Industrielle, N° 369, Route de Teixeira, Kénitra, Maroc",0537882911,contact@compagniedudistribution1.ma,Actif,4,23
1049,329309436000034,Société Riad de Distribution 1 SARL AU,SARL,Commerce,TPE,2599960.54,1,2009-06-08,Kénitra,"Zone Industrielle, N° 420, Route de Andre, Kénitra, Maroc",0537603724,contact@societeriaddedistribution11.ma,Actif,4,22
1050,647466482000028,Société Koutoubia de Wholesale SNC,SARL,Commerce,PME,50436166.49,64,2007-03-22,Kénitra,"Zone Industrielle, N° 449, Route de Gay, Kénitra, Maroc",0537233122,contact@societekoutoubiadewholesale1.ma,Actif,4,23
1051,381823359000062,Société Maghreb de Entreprise 1 SARL,SARL,Éducation,PME,11459431.61,141,2018-11-12,Kénitra,"Zone Industrielle, N° 433, Route de De Oliveira, Kénitra, Maroc",0537336288,contact@societemaghrebdeentreprise12.ma,Actif,4,22
1052,948758119000075,Inter Oléicole 1 SARL,SARL,Agriculture,TPE,2216168.07,6,2012-12-05,Kénitra,"Zone Industrielle, N° 324, Route de Guillet, Kénitra, Maroc",0537602651,contact@interoleicole1.ma,Actif,4,23
1053,856423593000028,Bouregreg Distribution SARL AU,SARL,Commerce,PME,66373891.22,172,2005-07-03,Kénitra,"Zone Industrielle, N° 53, Route de Sainte Philippe-sur-Mer, Kénitra, Maroc",0537688971,contact@bouregregdistribution.ma,Actif,4,22
1054,623757850000059,Société Bouregreg de Conseil SNC,SARL,Services,PME,8795112.07,81,2015-05-28,Kénitra,"Zone Industrielle, N° 271, Route de Valentin-sur-Mer, Kénitra, Maroc",0537592738,contact@societebouregregdeconseil.ma,Actif,4,23
1055,167575267000042,Saiss Bâtiment SA,SA,BTP,PME,84753231.89,160,2015-09-17,Kénitra,"Zone Industrielle, N° 333, Route de Gautier-les-Bains, Kénitra, Maroc",0537746307,contact@saissbatiment.ma,Actif,4,22
1056,655845816000096,Saiss Manufacture SA,SARL,Industrie,PME,93745282.45,83,2016-05-07,Kénitra,"Zone Industrielle, N° 181, Route de Robert, Kénitra, Maroc",0537965846,contact@saissmanufacture.ma,Actif,4,23
1057,865171010000079,Société Bouregreg de Travaux SA,SA,BTP,TPE,1393159.73,7,2014-04-22,Kénitra,"Zone Industrielle, N° 195, Route de Le Rouxnec, Kénitra, Maroc",0537819301,contact@societebouregregdetravaux1.ma,Actif,4,22
1058,502651705000041,Euro Câblage SA,SARL,Industrie,PME,24424126.19,128,2015-03-21,Kénitra,"Zone Industrielle, N° 264, Route de Besnard, Kénitra, Maroc",0537948903,contact@eurocablage.ma,Actif,4,23
1059,302859986000042,Bahia Industrie SA,SARL,Industrie,TPE,3613503.1,8,2017-09-13,Kénitra,"Zone Industrielle, N° 44, Route de Perret, Kénitra, Maroc",0537103425,contact@bahiaindustrie1.ma,Actif,4,22
1060,216049131000070,Société Bahia de Métal SARL AU,SARL,Industrie,Grande Entreprise,281904226.35,2455,2006-07-21,Kénitra,"Zone Industrielle, N° 314, Route de Dufour-sur-Ribeiro, Kénitra, Maroc",0537613340,contact@societebahiademetal2.ma,Actif,4,23
1061,897815003000097,Somaco Distribution SARL AU,SARL,Commerce,TPE,1634395.7,3,2013-03-26,Kénitra,"Zone Industrielle, N° 483, Route de Marion, Kénitra, Maroc",0537200548,contact@somacodistribution1.ma,Actif,4,22
1062,712695440000044,Société Zilis de Import-Export SARL AU,SARL,Commerce,TPE,295693.18,1,2012-04-08,Kénitra,"Zone Industrielle, N° 319, Route de Voisin, Kénitra, Maroc",0537748347,contact@societezilisdeimportexport.ma,Actif,4,23
1063,759419497000044,Soma Négoce 1 SARL AU,SARL,Commerce,Grande Entreprise,241420575.5,1168,2005-03-03,Kénitra,"Zone Industrielle, N° 389, Route de Schmitt, Kénitra, Maroc",0537698988,contact@somanegoce11.ma,Actif,4,22
1064,820654278000049,Société Marocaine de Entreprise 3 SA,SNC,Transport,PME,16833511.36,73,2012-05-04,Kénitra,"Zone Industrielle, N° 132, Route de Julien-la-Forêt, Kénitra, Maroc",0537103322,contact@societemarocainedeentreprise31.ma,Actif,4,23
1065,760408044000058,Somibat Security SA,SA,Services,TPE,4318386.73,7,2019-03-24,Kénitra,"Zone Industrielle, N° 445, Route de Bruneau-sur-Mer, Kénitra, Maroc",0537503151,contact@somibatsecurity.ma,Actif,4,22
1066,574797329000087,Bouregreg Entreprise 1 SNC,SARL,Tourisme,TPE,3848773.6,4,2020-09-20,Kénitra,"Zone Industrielle, N° 439, Route de Mallet, Kénitra, Maroc",0537506743,contact@bouregregentreprise11.ma,Actif,4,23
1067,412113998000039,Global Travaux SNC,SARL,BTP,TPE,808127.1,2,2016-07-09,Kénitra,"Zone Industrielle, N° 376, Route de Carlier, Kénitra, Maroc",0537360849,contact@globaltravaux.ma,Actif,4,22
1068,509064426000012,Société Zilis de Bâtiment SA,SARL,BTP,TPE,4400879.78,1,2005-07-19,Kénitra,"Zone Industrielle, N° 194, Route de Noël, Kénitra, Maroc",0537461951,contact@societezilisdebatiment.ma,Actif,4,23
1069,728670022000092,Chaouia Import-Export 1 SARL AU,SARL,Commerce,TPE,3648474.6,7,2013-08-06,Kénitra,"Zone Industrielle, N° 122, Route de Bourgeois-sur-Allain, Kénitra, Maroc",0537276728,contact@chaouiaimportexport11.ma,Actif,4,22
1070,153756960000042,Atlas Entreprise SNC,SARL,Transport,TPE,2701589.14,4,2010-02-20,Kénitra,"Zone Industrielle, N° 293, Route de ArnaudVille, Kénitra, Maroc",0537829088,contact@atlasentreprise2.ma,Actif,4,23
1071,199075213000089,Sous Trading SA,SARL,Commerce,TPE,4666849.46,8,2014-03-17,Kénitra,"Zone Industrielle, N° 128, Route de Neveu-sur-Mer, Kénitra, Maroc",0537170022,contact@soustrading.ma,Actif,4,22
1072,929826679000022,Maghreb Logistique SNC,SARL,Services,TPE,3307647.37,3,2011-10-23,Kénitra,"Zone Industrielle, N° 44, Route de KleinBourg, Kénitra, Maroc",0537180790,contact@maghreblogistique1.ma,Actif,4,23
1073,109391475000051,Société Bouregreg de Import-Export SNC,SA,Commerce,TPE,3937403.58,9,2009-09-06,Kénitra,"Zone Industrielle, N° 412, Route de Mailletdan, Kénitra, Maroc",0537357579,contact@societebouregregdeimportexport1.ma,Actif,4,22
1074,494268170000083,Maghreb Ferme SARL,SARL,Agriculture,PME,77803214.91,141,2009-03-08,Kénitra,"Zone Industrielle, N° 437, Route de Couturier, Kénitra, Maroc",0537738550,contact@maghrebferme.ma,Actif,4,23
1075,408381330000068,Société Chaouia de Trading SARL,SARL,Commerce,PME,48928495.34,126,2006-02-13,Kénitra,"Zone Industrielle, N° 10, Route de Guillot, Kénitra, Maroc",0537242505,contact@societechaouiadetrading1.ma,Actif,4,22
1076,904601247000061,Société Med de Câblage SNC,SNC,Industrie,TPE,2500786.94,7,2016-10-19,Kénitra,"Zone Industrielle, N° 438, Route de Delmas, Kénitra, Maroc",0537853250,contact@societemeddecablage.ma,Actif,4,23
1077,542825092000058,Somaco Trading SNC,SARL,Commerce,PME,54729689.54,114,2016-05-04,Kénitra,"Zone Industrielle, N° 472, Route de Auger, Kénitra, Maroc",0537733754,contact@somacotrading1.ma,Actif,4,22
1078,250157550000093,Global Câblage SARL,SA,Industrie,TPE,1930754.74,6,2019-10-26,Kénitra,"Zone Industrielle, N° 393, Route de HoareauBourg, Kénitra, Maroc",0537895613,contact@globalcablage1.ma,Actif,4,23
1079,546461873000016,Sous Négoce SA,SARL,Commerce,PME,42654273.31,46,2019-06-07,Kénitra,"Zone Industrielle, N° 76, Route de Josephdan, Kénitra, Maroc",0537585804,contact@sousnegoce.ma,Actif,4,22
1080,981643204000075,Med Security SARL,SNC,Services,TPE,813133.62,2,2018-02-20,Kénitra,"Zone Industrielle, N° 191, Route de Maréchal-sur-Joubert, Kénitra, Maroc",0537408230,contact@medsecurity1.ma,Actif,4,23
1081,389490040000017,Euro Market SARL AU,SARL,Commerce,PME,8849819.44,132,2008-03-24,Kénitra,"Zone Industrielle, N° 297, Route de Jacquotnec, Kénitra, Maroc",0537845647,contact@euromarket1.ma,Actif,4,22
1082,655121856000084,Saiss Nettoyage 1 SNC,SARL,Services,TPE,1171599.61,9,2015-05-12,Kénitra,"Zone Industrielle, N° 420, Route de Da Silvaboeuf, Kénitra, Maroc",0537153389,contact@saissnettoyage1.ma,Actif,4,23
1083,454498073000094,Société Bouregreg de Nettoyage 1 SARL,SA,Services,TPE,2248149.44,8,2021-02-05,Kénitra,"Zone Industrielle, N° 203, Route de ValentinBourg, Kénitra, Maroc",0537964774,contact@societebouregregdenettoyage11.ma,Actif,4,22
1084,113008090000027,Somibat Nettoyage SA,SARL,Services,PME,74487734.13,172,2017-04-02,Kénitra,"Zone Industrielle, N° 165, Route de Saint Margauxboeuf, Kénitra, Maroc",0537146151,contact@somibatnettoyage1.ma,Actif,4,23
1085,140223433000043,Riad Agrumes SA,SARL,Agriculture,TPE,2889544.91,7,2011-01-03,Kénitra,"Zone Industrielle, N° 449, Route de Jourdan, Kénitra, Maroc",0537271328,contact@riadagrumes.ma,Actif,4,22
1086,603505776000043,Société Med de Industrie SA,SARL,Industrie,PME,79766154.52,66,2019-06-20,Kénitra,"Zone Industrielle, N° 200, Route de Bertrand-sur-Thibault, Kénitra, Maroc",0537863281,contact@societemeddeindustrie.ma,Actif,4,23
1087,935689082000041,Société Maghreb de Holding SARL AU,SA,Services,PME,57052909.17,199,2021-11-09,Kénitra,"Zone Industrielle, N° 314, Route de Chrétienboeuf, Kénitra, Maroc",0537945350,contact@societemaghrebdeholding1.ma,Actif,4,22
1088,695941837000038,Zilis Security SARL AU,SARL,Services,TPE,208903.46,8,2014-05-04,Kénitra,"Zone Industrielle, N° 85, Route de GautierVille, Kénitra, Maroc",0537964098,contact@zilissecurity.ma,Actif,4,23
1089,187111819000041,Compagnie du Textile SA,SARL,Industrie,PME,25800493.01,73,2017-07-19,Kénitra,"Zone Industrielle, N° 163, Route de Sainte Matthieu-sur-Mer, Kénitra, Maroc",0537447302,contact@compagniedutextile1.ma,Actif,4,22
1090,430720440000040,Taza Oléicole 1 SARL,SARL,Agriculture,TPE,2457750.99,2,2020-01-11,Kénitra,"Zone Industrielle, N° 70, Route de Bessonnec, Kénitra, Maroc",0537488371,contact@tazaoleicole1.ma,Actif,4,23
1091,737207839000058,Chaouia Plastique SNC,SARL,Industrie,TPE,4989212.75,7,2010-06-06,Kénitra,"Zone Industrielle, N° 177, Route de Leleu-les-Bains, Kénitra, Maroc",0537727029,contact@chaouiaplastique.ma,Actif,4,22
1092,102241181000070,Compagnie du Oléicole SARL,SARL,Agriculture,PME,14562684.13,31,2007-12-21,Kénitra,"Zone Industrielle, N° 36, Route de Laurent, Kénitra, Maroc",0537259265,contact@compagnieduoleicole1.ma,Actif,4,23
1093,188418118000015,Société Bahia de Bâtiment SARL AU,SARL,BTP,TPE,754068.17,6,2014-06-04,Kénitra,"Zone Industrielle, N° 308, Route de Duval-la-Forêt, Kénitra, Maroc",0537140833,contact@societebahiadebatiment.ma,Actif,4,22
1094,248837806000018,Maroc Laiterie SNC,SARL,Agriculture,PME,83035829.2,59,2021-02-27,Kénitra,"Zone Industrielle, N° 155, Route de ClémentBourg, Kénitra, Maroc",0537742501,contact@maroclaiterie2.ma,Actif,4,23
1095,274812167000098,Bahia Travaux SARL,SA,BTP,TPE,4276737.65,3,2006-07-28,Kénitra,"Zone Industrielle, N° 350, Route de Lévêque, Kénitra, Maroc",0537455108,contact@bahiatravaux.ma,Actif,4,22
1096,595302888000029,Bouregreg Logistique SNC,SA,Services,TPE,2317291.42,9,2014-11-11,Kénitra,"Zone Industrielle, N° 133, Route de Le Goff, Kénitra, Maroc",0537320774,contact@bouregreglogistique1.ma,Actif,4,23
1097,443544114000084,Somibat Métal SARL,SARL,Industrie,PME,8495776.82,25,2007-05-25,Kénitra,"Zone Industrielle, N° 362, Route de Leclercdan, Kénitra, Maroc",0537448890,contact@somibatmetal.ma,Actif,4,22
1098,170926399000016,Société Chaouia de Négoce SARL AU,SA,Commerce,TPE,2459824.14,7,2016-03-13,Kénitra,"Zone Industrielle, N° 186, Route de Ollivier, Kénitra, Maroc",0537300790,contact@societechaouiadenegoce1.ma,Actif,4,23
1099,900239651000064,Koutoubia Security SNC,SA,Services,TPE,4280031.16,5,2015-08-05,Kénitra,"Zone Industrielle, N° 177, Route de Sainte Michelledan, Kénitra, Maroc",0537955408,contact@koutoubiasecurity.ma,Actif,4,22
1100,250689986000040,Soma Entreprise 1 SA,SARL,Transport,PME,96016185.86,155,2020-06-05,Kénitra,"Zone Industrielle, N° 462, Route de Mercier, Kénitra, Maroc",0537144066,contact@somaentreprise11.ma,Actif,4,23
1101,212310447000071,Atlas Entreprise 1 SA,SARL,Tourisme,TPE,2527252.47,5,2015-10-12,Fès,"Zone Industrielle, N° 11, Route de Bertrand, Fès, Maroc",0524453558,contact@atlasentreprise11.ma,Actif,5,26
1102,757627978000088,Société Koutoubia de Wholesale 1 SARL AU,SA,Commerce,PME,97081038.08,61,2013-09-13,Fès,"Zone Industrielle, N° 312, Route de Saint Claudeboeuf, Fès, Maroc",0524654418,contact@societekoutoubiadewholesale11.ma,Actif,5,27
1103,950229884000018,Société Bouregreg de Métal SARL AU,SARL,Industrie,TPE,3871588.0,1,2015-01-14,Fès,"Zone Industrielle, N° 331, Route de Saint Nicole-sur-Mer, Fès, Maroc",0524717947,contact@societebouregregdemetal.ma,Actif,5,26
1104,346394672000095,Bahia Entreprise SA,SARL,Tourisme,TPE,4403348.44,8,2014-11-28,Fès,"Zone Industrielle, N° 428, Route de Roger-les-Bains, Fès, Maroc",0524140590,contact@bahiaentreprise3.ma,Actif,5,27
1105,962519426000045,Afric Négoce 1 SA,SARL,Commerce,Grande Entreprise,201656765.92,1286,2005-07-02,Fès,"Zone Industrielle, N° 420, Route de Vaillant, Fès, Maroc",0524179802,contact@africnegoce11.ma,Actif,5,26
1106,937169446000024,Société Koutoubia de Distribution 1 SARL AU,SARL,Commerce,TPE,4507520.07,7,2011-09-22,Fès,"Zone Industrielle, N° 157, Route de Pinto-sur-Mer, Fès, Maroc",0524679190,contact@societekoutoubiadedistribution1.ma,Actif,5,27
1107,615250606000012,Compagnie du Câblage SARL AU,SARL,Industrie,PME,92934769.61,109,2018-02-11,Fès,"Zone Industrielle, N° 135, Route de Lombard-les-Bains, Fès, Maroc",0524778264,contact@compagnieducablage1.ma,Actif,5,26
1108,204801830000046,Société Sous de Négoce SARL AU,SARL,Commerce,TPE,4662301.7,5,2018-04-24,Fès,"Zone Industrielle, N° 195, Route de Riou, Fès, Maroc",0524271869,contact@societesousdenegoce.ma,Actif,5,27
1109,584570661000053,Somibat Bâtiment SARL,EURL,BTP,TPE,2757365.75,9,2007-05-06,Fès,"Zone Industrielle, N° 401, Route de DelaunayVille, Fès, Maroc",0524218877,contact@somibatbatiment1.ma,Actif,5,26
1110,289406490000059,Koutoubia Textile SARL,SARL,Industrie,TPE,3853398.98,9,2007-06-26,Fès,"Zone Industrielle, N° 190, Route de Philippe-sur-Lebreton, Fès, Maroc",0524196500,contact@koutoubiatextile1.ma,Actif,5,27
1111,913160098000090,Soma Ferme SARL,SARL,Agriculture,PME,56803923.17,74,2021-12-18,Fès,"Zone Industrielle, N° 255, Route de Gilbert-sur-Perrier, Fès, Maroc",0524303602,contact@somaferme.ma,Actif,5,26
1112,729593323000099,Compagnie du Oléicole SNC,SARL,Agriculture,TPE,1766885.8,7,2011-10-21,Fès,"Zone Industrielle, N° 406, Route de Saint Lucas, Fès, Maroc",0524606905,contact@compagnieduoleicole2.ma,Actif,5,27
1113,301949932000010,Société Bouregreg de Entreprise 1 SNC,SARL,Transport,TPE,4965809.01,4,2016-04-02,Fès,"Zone Industrielle, N° 241, Route de Chrétien, Fès, Maroc",0524138146,contact@societebouregregdeentreprise11.ma,Actif,5,26
1114,203054899000086,Zilis Web SARL AU,SARL,Technologies,PME,6626526.33,180,2015-08-03,Fès,"Zone Industrielle, N° 441, Route de Saint Susanne-les-Bains, Fès, Maroc",0524240592,contact@zilisweb.ma,Actif,5,27
1115,557028126000047,Union Industrie SARL AU,SA,Industrie,TPE,3854013.24,3,2015-04-10,Fès,"Zone Industrielle, N° 430, Route de Germain, Fès, Maroc",0524663170,contact@unionindustrie1.ma,Actif,5,26
1116,670116459000056,Société Sous de Génie Civil SA,EURL,BTP,TPE,622213.8,5,2013-06-28,Fès,"Zone Industrielle, N° 48, Route de Albert, Fès, Maroc",0524532044,contact@societesousdegeniecivil.ma,Actif,5,27
1117,207505844000056,Saiss Logistique SARL,SA,Services,TPE,1611087.15,5,2009-09-20,Fès,"Zone Industrielle, N° 446, Route de Sainte Margueritedan, Fès, Maroc",0524728669,contact@saisslogistique2.ma,Actif,5,26
1118,916724976000080,Union Logistique SARL,SARL,Services,TPE,4875731.54,6,2007-04-02,Fès,"Zone Industrielle, N° 169, Route de Riouboeuf, Fès, Maroc",0524389946,contact@unionlogistique2.ma,Actif,5,27
1119,806412077000052,Société Koutoubia de Laiterie SARL AU,SARL,Agriculture,PME,91732454.87,30,2017-01-10,Fès,"Zone Industrielle, N° 57, Route de Chevallier-sur-Bourdon, Fès, Maroc",0524540581,contact@societekoutoubiadelaiterie1.ma,Actif,5,26
1120,270517656000085,Société Marocaine de Distribution 1 SARL,SARL,Commerce,TPE,355061.99,2,2016-07-18,Fès,"Zone Industrielle, N° 145, Route de CosteBourg, Fès, Maroc",0524212083,contact@societemarocainededistribution11.ma,Actif,5,27
1121,236001669000031,Union Wholesale SA,SNC,Commerce,Grande Entreprise,458009808.64,1214,2005-08-07,Fès,"Zone Industrielle, N° 372, Route de Benard, Fès, Maroc",0524864148,contact@unionwholesale2.ma,Actif,5,26
1122,561411684000037,Compagnie du Plastique 1 SNC,SARL,Industrie,PME,83106685.41,184,2011-08-18,Fès,"Zone Industrielle, N° 40, Route de Maurice-les-Bains, Fès, Maroc",0524349468,contact@compagnieduplastique1.ma,Actif,5,27
1123,233840633000063,Bahia Security SA,SNC,Services,PME,41901908.24,145,2014-05-08,Fès,"Zone Industrielle, N° 448, Route de Bonneau, Fès, Maroc",0524746326,contact@bahiasecurity.ma,Actif,5,26
1124,367125638000026,Société Chaouia de Entreprise 1 SNC,SA,Santé,TPE,3065754.01,1,2010-11-19,Fès,"Zone Industrielle, N° 353, Route de Clément-sur-Maillet, Fès, Maroc",0524225805,contact@societechaouiadeentreprise11.ma,Actif,5,27
1125,325705861000024,Société Taza de Ferme SARL,EURL,Agriculture,PME,26931286.86,73,2013-02-19,Fès,"Zone Industrielle, N° 343, Route de Bouvier, Fès, Maroc",0524102954,contact@societetazadeferme.ma,Actif,5,26
1126,808154449000076,Soma Holding SNC,SARL,Services,PME,6307192.55,37,2008-06-11,Fès,"Zone Industrielle, N° 203, Route de Saint ThibaultBourg, Fès, Maroc",0524531097,contact@somaholding.ma,Actif,5,27
1127,152541869000042,Global Entreprise SA,SARL,Transport,PME,47124118.38,61,2012-08-16,Fès,"Zone Industrielle, N° 233, Route de Besson, Fès, Maroc",0524387202,contact@globalentreprise2.ma,Actif,5,26
1128,399926247000032,Société Med de Agrumes SARL,SARL,Agriculture,TPE,2371554.3,1,2018-02-10,Fès,"Zone Industrielle, N° 155, Route de Gros, Fès, Maroc",0524247532,contact@societemeddeagrumes.ma,Actif,5,27
1129,611997917000059,Sous Wholesale SNC,SARL,Commerce,TPE,167461.33,9,2011-12-28,Fès,"Zone Industrielle, N° 439, Route de Humbert-les-Bains, Fès, Maroc",0524389003,contact@souswholesale1.ma,Actif,5,26
1130,874428419000057,Société Marocaine de Entreprise 1 SARL,SARL,Tourisme,TPE,2453716.41,8,2021-11-05,Fès,"Zone Industrielle, N° 147, Route de Jacob-sur-Briand, Fès, Maroc",0524215159,contact@societemarocainedeentreprise13.ma,Actif,5,27
1131,362308892000095,Société Taza de Entreprise 2 SARL AU,SARL,Transport,TPE,3480548.46,5,2008-04-10,Fès,"Zone Industrielle, N° 424, Route de Coulon, Fès, Maroc",0524364344,contact@societetazadeentreprise23.ma,Actif,5,26
1132,694715951000063,Société Med de Agrumes SA,SARL,Agriculture,Grande Entreprise,442340062.9,2552,2005-06-25,Fès,"Zone Industrielle, N° 404, Route de Lemonnier-les-Bains, Fès, Maroc",0524823137,contact@societemeddeagrumes1.ma,Actif,5,27
1133,819231224000087,Société Bouregreg de Négoce SARL AU,SARL,Commerce,PME,5138749.26,59,2013-10-07,Fès,"Zone Industrielle, N° 215, Route de Brundan, Fès, Maroc",0524759393,contact@societebouregregdenegoce1.ma,Actif,5,26
1134,458016856000073,Inter Industrie 1 SA,SNC,Industrie,PME,38904312.99,107,2016-08-25,Fès,"Zone Industrielle, N° 282, Route de Joly, Fès, Maroc",0524352882,contact@interindustrie1.ma,Actif,5,27
1135,893082214000019,Société Maghreb de Travaux SARL,SARL,BTP,TPE,4791758.8,1,2006-04-15,Fès,"Zone Industrielle, N° 283, Route de Gomes, Fès, Maroc",0524532390,contact@societemaghrebdetravaux.ma,Actif,5,26
1136,229146938000045,Afric Logistique SA,SARL,Services,TPE,4949895.5,9,2006-05-01,Fès,"Zone Industrielle, N° 219, Route de LegendreVille, Fès, Maroc",0524716038,contact@africlogistique.ma,Actif,5,27
1137,680975011000031,Société Maroc de Distribution SA,SA,Commerce,PME,89531148.69,63,2012-01-16,Fès,"Zone Industrielle, N° 151, Route de Petit, Fès, Maroc",0524822465,contact@societemarocdedistribution1.ma,Actif,5,26
1138,100099764000064,Global Soft SNC,SARL,Technologies,PME,71107541.95,11,2021-10-08,Fès,"Zone Industrielle, N° 152, Route de Dufour-sur-Mer, Fès, Maroc",0524703638,contact@globalsoft.ma,Actif,5,27
1139,351491330000015,Somibat Câblage SA,SARL,Industrie,PME,93792208.57,125,2013-04-06,Fès,"Zone Industrielle, N° 90, Route de Guilbertdan, Fès, Maroc",0524962258,contact@somibatcablage1.ma,Actif,5,26
1140,877455542000036,Atlas Wholesale SARL AU,SARL,Commerce,PME,23606325.3,63,2009-01-04,Fès,"Zone Industrielle, N° 477, Route de Pottierdan, Fès, Maroc",0524860997,contact@atlaswholesale.ma,Actif,5,27
1141,288007621000097,Somibat Entreprise SNC,SARL,Transport,TPE,3807288.01,5,2005-03-12,Fès,"Zone Industrielle, N° 282, Route de Lacombedan, Fès, Maroc",0524136835,contact@somibatentreprise3.ma,Actif,5,26
1142,866326329000076,Soma Oléicole SA,SARL,Agriculture,PME,44933882.17,31,2012-12-27,Fès,"Zone Industrielle, N° 146, Route de BrunBourg, Fès, Maroc",0524274261,contact@somaoleicole1.ma,Actif,5,27
1143,998389076000066,Maghreb Web SARL AU,EURL,Technologies,PME,88963720.57,145,2011-08-14,Fès,"Zone Industrielle, N° 322, Route de Martinez-sur-Samson, Fès, Maroc",0524280496,contact@maghrebweb.ma,Actif,5,26
1144,955344669000098,Global Soft SARL,SARL,Technologies,TPE,1375120.47,4,2019-02-28,Fès,"Zone Industrielle, N° 69, Route de Klein, Fès, Maroc",0524709644,contact@globalsoft1.ma,Actif,5,27
1145,348893815000026,Société Med de Digital 1 SARL,SNC,Technologies,TPE,363581.76,9,2009-01-17,Fès,"Zone Industrielle, N° 285, Route de Sainte Maurice, Fès, Maroc",0524288526,contact@societemeddedigital1.ma,Actif,5,26
1146,246222107000032,Société Riad de Entreprise 2 SA,SARL,Tourisme,TPE,348715.04,9,2007-05-09,Fès,"Zone Industrielle, N° 291, Route de Hervé-les-Bains, Fès, Maroc",0524448206,contact@societeriaddeentreprise21.ma,Actif,5,27
1147,687042874000020,Société Koutoubia de Distribution SA,SARL,Commerce,TPE,2503490.94,4,2019-02-14,Fès,"Zone Industrielle, N° 334, Route de Morenodan, Fès, Maroc",0524855939,contact@societekoutoubiadedistribution2.ma,Actif,5,26
1148,277085723000091,Somaco Bâtiment SARL AU,SA,BTP,PME,35575029.24,52,2005-12-01,Fès,"Zone Industrielle, N° 175, Route de GrosBourg, Fès, Maroc",0524187696,contact@somacobatiment.ma,Actif,5,27
1149,872262401000029,Bouregreg Textile SARL,SARL,Industrie,PME,12850097.61,58,2006-11-24,Fès,"Zone Industrielle, N° 23, Route de Noël-sur-Royer, Fès, Maroc",0524734252,contact@bouregregtextile.ma,Actif,5,26
1150,611936846000046,Sous Trading SARL AU,SARL,Commerce,Grande Entreprise,225137610.37,2953,2009-10-22,Fès,"Zone Industrielle, N° 286, Route de PoulainVille, Fès, Maroc",0524704383,contact@soustrading1.ma,Actif,5,27
1151,128187183000015,Société Bahia de Distribution SARL AU,SARL,Commerce,TPE,4560242.63,2,2020-01-17,Fès,"Zone Industrielle, N° 249, Route de Morvan-sur-Mer, Fès, Maroc",0524555805,contact@societebahiadedistribution1.ma,Actif,5,26
1152,505575023000082,Koutoubia Entreprise SNC,SARL,Tourisme,PME,5265581.0,76,2021-05-17,Fès,"Zone Industrielle, N° 217, Route de Henry-sur-Mer, Fès, Maroc",0524257242,contact@koutoubiaentreprise3.ma,Actif,5,27
1153,693288872000015,Koutoubia Industrie SARL AU,SARL,Industrie,TPE,2123564.76,5,2010-10-13,Fès,"Zone Industrielle, N° 31, Route de David, Fès, Maroc",0524865040,contact@koutoubiaindustrie1.ma,Actif,5,26
1154,387559535000016,Société Saiss de Distribution 1 SNC,SA,Commerce,PME,10038488.65,63,2021-03-05,Fès,"Zone Industrielle, N° 41, Route de Charlesboeuf, Fès, Maroc",0524167648,contact@societesaissdedistribution1.ma,Actif,5,27
1155,608568979000073,Société Riad de Entreprise 1 SARL,SARL,Transport,Grande Entreprise,446100531.2,1235,2013-11-06,Fès,"Zone Industrielle, N° 495, Route de Sainte Georges-sur-Mer, Fès, Maroc",0524674071,contact@societeriaddeentreprise13.ma,Actif,5,26
1156,848016381000061,Société Koutoubia de Services SA,SARL,Services,PME,28656456.84,59,2012-03-22,Fès,"Zone Industrielle, N° 82, Route de Gallet, Fès, Maroc",0524168713,contact@societekoutoubiadeservices.ma,Actif,5,27
1157,878708220000077,Sous Manufacture SARL AU,SARL,Industrie,PME,33039355.68,53,2018-12-05,Fès,"Zone Industrielle, N° 379, Route de Lagarde-sur-Marty, Fès, Maroc",0524486144,contact@sousmanufacture.ma,Actif,5,26
1158,145439893000033,Sous Wholesale SARL,SARL,Commerce,TPE,610055.17,5,2016-06-25,Fès,"Zone Industrielle, N° 453, Route de Lefort-sur-Gilbert, Fès, Maroc",0524404728,contact@souswholesale2.ma,Actif,5,27
1159,950504212000045,Chaouia Holding SA,SARL,Services,TPE,1222487.39,6,2007-08-13,Fès,"Zone Industrielle, N° 220, Route de Chauvet, Fès, Maroc",0524422677,contact@chaouiaholding1.ma,Actif,5,26
1160,456000421000027,Somibat Plastique 1 SARL,SARL,Industrie,PME,53733113.78,145,2021-09-06,Fès,"Zone Industrielle, N° 151, Route de Leclerc, Fès, Maroc",0524970753,contact@somibatplastique1.ma,Actif,5,27
1161,921462344000055,Euro Aménagement 1 SARL AU,SARL,BTP,TPE,4175591.48,1,2014-04-07,Fès,"Zone Industrielle, N° 116, Route de Lopez, Fès, Maroc",0524326632,contact@euroamenagement11.ma,Actif,5,26
1162,588277559000077,Zilis Entreprise 1 SARL,SA,Tourisme,TPE,2678441.4,6,2008-02-04,Fès,"Zone Industrielle, N° 317, Route de Marty-sur-Rossi, Fès, Maroc",0524845857,contact@zilisentreprise11.ma,Actif,5,27
1163,791520049000051,Union Industrie SA,SARL,Industrie,TPE,4405123.02,2,2011-08-07,Fès,"Zone Industrielle, N° 217, Route de Godard, Fès, Maroc",0524241250,contact@unionindustrie2.ma,Actif,5,26
1164,537224982000080,Union Entreprise SARL,SA,Transport,Grande Entreprise,115684458.26,1865,2015-07-04,Fès,"Zone Industrielle, N° 266, Route de Royboeuf, Fès, Maroc",0524584141,contact@unionentreprise3.ma,Actif,5,27
1165,999362664000086,Somaco Distribution SA,SARL,Commerce,PME,54825037.23,12,2015-07-04,Fès,"Zone Industrielle, N° 75, Route de Charpentier, Fès, Maroc",0524676444,contact@somacodistribution2.ma,Actif,5,26
1166,766856058000097,Zilis Conseil SNC,SA,Services,TPE,164288.97,7,2008-12-14,Fès,"Zone Industrielle, N° 461, Route de Da Costa-sur-Buisson, Fès, Maroc",0524103223,contact@zilisconseil2.ma,Actif,5,27
1167,407987994000023,Euro Market 1 SARL,SARL,Commerce,TPE,1902733.75,6,2008-09-21,Fès,"Zone Industrielle, N° 304, Route de Saint Odettenec, Fès, Maroc",0524909361,contact@euromarket11.ma,Actif,5,26
1168,269305573000037,Union Manufacture SARL AU,SA,Industrie,TPE,1206636.03,7,2018-04-06,Fès,"Zone Industrielle, N° 380, Route de Sainte Marcelle, Fès, Maroc",0524954533,contact@unionmanufacture1.ma,Actif,5,27
1169,884612399000047,Saiss Négoce SARL AU,SARL,Commerce,PME,53055995.92,28,2013-01-23,Fès,"Zone Industrielle, N° 448, Route de Boutin, Fès, Maroc",0524882254,contact@saissnegoce.ma,Actif,5,26
1170,657636273000098,Chaouia Entreprise SARL,SNC,Transport,TPE,2726914.66,1,2018-07-26,Fès,"Zone Industrielle, N° 33, Route de Menard, Fès, Maroc",0524879885,contact@chaouiaentreprise1.ma,Actif,5,27
1171,752220209000021,Afric Agro SARL,SARL,Agriculture,TPE,3757080.28,7,2011-06-13,Fès,"Zone Industrielle, N° 462, Route de Mendès, Fès, Maroc",0524517155,contact@africagro.ma,Actif,5,26
1172,155890484000065,Inter Wholesale 2 SNC,SARL,Commerce,PME,77459937.73,108,2010-04-09,Fès,"Zone Industrielle, N° 192, Route de Hoarau, Fès, Maroc",0524457075,contact@interwholesale2.ma,Actif,5,27
1173,383234901000047,Bouregreg Textile SNC,SARL,Industrie,TPE,998679.1,2,2009-10-07,Fès,"Zone Industrielle, N° 435, Route de Camus-les-Bains, Fès, Maroc",0524649969,contact@bouregregtextile1.ma,Actif,5,26
1174,690867469000077,Société Med de Logistique SARL,SARL,Services,PME,8832474.81,71,2012-08-28,Fès,"Zone Industrielle, N° 477, Route de Lefort-sur-Royer, Fès, Maroc",0524799512,contact@societemeddelogistique.ma,Actif,5,27
1175,495397717000082,Somibat Aménagement 1 SARL,SARL,BTP,TPE,325990.83,4,2005-10-27,Fès,"Zone Industrielle, N° 269, Route de Malletdan, Fès, Maroc",0524149798,contact@somibatamenagement1.ma,Actif,5,26
1176,715025767000089,Société Marocaine de Conseil SA,SARL,Services,PME,11159793.15,84,2010-07-25,Fès,"Zone Industrielle, N° 371, Route de Saint Anne-la-Forêt, Fès, Maroc",0524726891,contact@societemarocainedeconseil3.ma,Actif,5,27
1177,674735990000056,Société Sous de Textile SNC,SARL,Industrie,Grande Entreprise,268295168.18,2757,2019-02-17,Fès,"Zone Industrielle, N° 84, Route de De Sousa, Fès, Maroc",0524409904,contact@societesousdetextile1.ma,Actif,5,26
1178,308790156000032,Société Maroc de Import-Export SARL AU,SARL,Commerce,PME,65493815.54,155,2021-05-19,Fès,"Zone Industrielle, N° 415, Route de MilletVille, Fès, Maroc",0524748841,contact@societemarocdeimportexport.ma,Actif,5,27
1179,699049741000070,Taza Nettoyage SA,SARL,Services,PME,15293712.45,67,2006-07-20,Fès,"Zone Industrielle, N° 21, Route de Sainte Luceboeuf, Fès, Maroc",0524833665,contact@tazanettoyage2.ma,Actif,5,26
1180,751472531000038,Société Med de Ferme SARL,SA,Agriculture,TPE,3237173.41,8,2014-09-24,Fès,"Zone Industrielle, N° 276, Route de Sainte Martinnec, Fès, Maroc",0524339191,contact@societemeddeferme.ma,Actif,5,27
1181,812516703000025,Société Riad de Bâtiment SA,SA,BTP,TPE,3346462.29,6,2014-01-12,Fès,"Zone Industrielle, N° 464, Route de Costa, Fès, Maroc",0524527265,contact@societeriaddebatiment1.ma,Actif,5,26
1182,809655953000044,Compagnie du Travaux SARL AU,SARL,BTP,Grande Entreprise,460899402.78,2519,2016-09-22,Fès,"Zone Industrielle, N° 232, Route de Breton, Fès, Maroc",0524253734,contact@compagniedutravaux.ma,Actif,5,27
1183,256463039000034,Somaco Nettoyage SARL,SARL,Services,TPE,2798008.36,7,2018-02-22,Fès,"Zone Industrielle, N° 361, Route de Marques, Fès, Maroc",0524970962,contact@somaconettoyage1.ma,Actif,5,26
1184,433657439000075,Chaouia Entreprise 1 SARL,SARL,Éducation,PME,34800994.84,96,2009-04-19,Fès,"Zone Industrielle, N° 405, Route de Verdier-les-Bains, Fès, Maroc",0524934963,contact@chaouiaentreprise11.ma,Actif,5,27
1185,517992968000018,Bouregreg Entreprise SA,SARL,Transport,TPE,4505070.12,1,2021-07-20,Fès,"Zone Industrielle, N° 474, Route de Vallée-sur-Le Goff, Fès, Maroc",0524509650,contact@bouregregentreprise2.ma,Actif,5,26
1186,160114780000088,Afric Textile SARL,SARL,Industrie,Grande Entreprise,146713578.21,1785,2005-01-03,Fès,"Zone Industrielle, N° 280, Route de Saint Eugène, Fès, Maroc",0524493416,contact@africtextile.ma,Actif,5,27
1187,576004368000092,Société Marocaine de Génie Civil SARL AU,SA,BTP,PME,12609921.34,171,2021-04-28,Fès,"Zone Industrielle, N° 496, Route de DurandBourg, Fès, Maroc",0524710756,contact@societemarocainedegeniecivil.ma,Actif,5,26
1188,582137012000027,Atlas Négoce SARL AU,SARL,Commerce,TPE,803875.78,6,2014-07-06,Fès,"Zone Industrielle, N° 375, Route de Besnard, Fès, Maroc",0524161008,contact@atlasnegoce.ma,Actif,5,27
1189,512824934000016,Atlas Béton 1 SA,SA,BTP,PME,77481803.83,115,2020-12-21,Fès,"Zone Industrielle, N° 252, Route de Martinnec, Fès, Maroc",0524966130,contact@atlasbeton11.ma,Actif,5,26
1190,587335376000039,Global Market SARL AU,SA,Commerce,Grande Entreprise,326168548.16,2664,2013-02-07,Fès,"Zone Industrielle, N° 113, Route de Lagarde, Fès, Maroc",0524308078,contact@globalmarket2.ma,Actif,5,27
1191,276386655000096,Inter Security 1 SA,SARL,Services,TPE,750061.79,6,2007-08-01,Fès,"Zone Industrielle, N° 444, Route de Delahaye, Fès, Maroc",0524314871,contact@intersecurity11.ma,Actif,5,26
1192,715721836000054,Chaouia Nettoyage 1 SA,EURL,Services,TPE,3054343.14,1,2015-03-15,Fès,"Zone Industrielle, N° 289, Route de Leroux, Fès, Maroc",0524619829,contact@chaouianettoyage1.ma,Actif,5,27
1193,524759964000047,Sous Market SARL AU,SARL,Commerce,TPE,1032897.27,8,2010-10-11,Fès,"Zone Industrielle, N° 82, Route de Morin, Fès, Maroc",0524150106,contact@sousmarket.ma,Actif,5,26
1194,216267573000028,Afric Security 1 SARL AU,SARL,Services,TPE,4868084.99,2,2013-02-13,Fès,"Zone Industrielle, N° 283, Route de Deschamps, Fès, Maroc",0524593248,contact@africsecurity1.ma,Actif,5,27
1195,988331077000033,Somibat Bâtiment SA,SA,BTP,Grande Entreprise,396366583.68,2246,2007-08-27,Fès,"Zone Industrielle, N° 284, Route de Sainte Margot-les-Bains, Fès, Maroc",0524717604,contact@somibatbatiment2.ma,Actif,5,26
1196,351110105000064,Union Data SNC,SARL,Technologies,TPE,1047588.43,9,2020-12-22,Fès,"Zone Industrielle, N° 234, Route de Sainte Lorraine, Fès, Maroc",0524735955,contact@uniondata.ma,Actif,5,27
1197,714637049000067,Société Maghreb de Market SARL,SA,Commerce,PME,27004735.72,148,2015-07-01,Fès,"Zone Industrielle, N° 127, Route de Pages, Fès, Maroc",0524454912,contact@societemaghrebdemarket.ma,Actif,5,26
1198,534956373000076,Koutoubia Industrie SNC,SARL,Industrie,Grande Entreprise,109167473.0,2610,2006-07-28,Fès,"Zone Industrielle, N° 130, Route de Gilbert, Fès, Maroc",0524620580,contact@koutoubiaindustrie2.ma,Actif,5,27
1199,452069854000096,Riad Logistique SARL,SARL,Services,PME,18921696.37,13,2010-03-08,Fès,"Zone Industrielle, N° 188, Route de Saint Adrien-sur-Mer, Fès, Maroc",0524759737,contact@riadlogistique.ma,Actif,5,26
1200,661392444000093,Société Med de Distribution SARL AU,SA,Commerce,TPE,4961538.93,6,2017-10-05,Fès,"Zone Industrielle, N° 47, Route de Garnier-les-Bains, Fès, Maroc",0524868071,contact@societemeddedistribution3.ma,Actif,5,27
1201,681815214000046,Bouregreg Market 1 SNC,EURL,Commerce,PME,21550399.23,156,2013-04-14,Fès,"Zone Industrielle, N° 321, Route de Jean-sur-Paul, Fès, Maroc",0524753721,contact@bouregregmarket1.ma,Actif,5,26
1202,872223246000086,Bouregreg Distribution SARL,EURL,Commerce,PME,87467376.82,50,2012-11-27,Fès,"Zone Industrielle, N° 231, Route de PetitVille, Fès, Maroc",0524668624,contact@bouregregdistribution1.ma,Actif,5,27
1203,585184907000090,Société Saiss de Aménagement SARL AU,SARL,BTP,PME,28823273.76,84,2007-11-03,Fès,"Zone Industrielle, N° 187, Route de Mathieu, Fès, Maroc",0524397340,contact@societesaissdeamenagement1.ma,Actif,5,26
1204,679036862000094,Inter Travaux SNC,SARL,BTP,TPE,2343638.71,1,2017-08-13,Fès,"Zone Industrielle, N° 110, Route de Lemonnier-les-Bains, Fès, Maroc",0524600801,contact@intertravaux.ma,Actif,5,27
1205,512826244000079,Société Maroc de Holding SARL,SARL,Services,TPE,4676131.37,8,2019-08-20,Fès,"Zone Industrielle, N° 262, Route de Guérin-sur-Mer, Fès, Maroc",0524658049,contact@societemarocdeholding1.ma,Actif,5,26
1206,671381693000050,Inter Textile SA,SARL,Industrie,TPE,3155842.12,7,2020-12-02,Fès,"Zone Industrielle, N° 339, Route de BlancBourg, Fès, Maroc",0524928928,contact@intertextile.ma,Actif,5,27
1207,518925129000058,Atlas Wholesale SA,SARL,Commerce,PME,5062189.46,174,2005-11-28,Fès,"Zone Industrielle, N° 396, Route de Sainte Alexandrie-la-Forêt, Fès, Maroc",0524477861,contact@atlaswholesale1.ma,Actif,5,26
1208,388109029000042,Société Maroc de Manufacture SARL,SARL,Industrie,PME,36528308.47,126,2010-12-11,Fès,"Zone Industrielle, N° 201, Route de Weber, Fès, Maroc",0524993891,contact@societemarocdemanufacture.ma,Actif,5,27
1209,893882317000083,Inter Textile 1 SA,SARL,Industrie,TPE,2665565.89,8,2012-11-05,Fès,"Zone Industrielle, N° 282, Route de Clerc, Fès, Maroc",0524816728,contact@intertextile1.ma,Actif,5,26
1210,452059191000033,Société Bahia de Entreprise 1 SA,SARL,Transport,PME,80005833.86,66,2010-05-03,Fès,"Zone Industrielle, N° 358, Route de Muller, Fès, Maroc",0524817718,contact@societebahiadeentreprise12.ma,Actif,5,27
1211,752767992000097,Maghreb Market 1 SARL AU,SARL,Commerce,TPE,1755650.91,8,2012-12-08,Fès,"Zone Industrielle, N° 281, Route de ThibaultVille, Fès, Maroc",0524460002,contact@maghrebmarket1.ma,Actif,5,26
1212,699883347000051,Saiss Distribution 1 SNC,EURL,Commerce,TPE,1195412.92,9,2020-09-09,Fès,"Zone Industrielle, N° 496, Route de Delahaye-sur-Gaillard, Fès, Maroc",0524505042,contact@saissdistribution11.ma,Actif,5,27
1213,180004114000024,Chaouia Agro 1 SARL AU,SARL,Agriculture,TPE,1670162.94,8,2008-11-17,Fès,"Zone Industrielle, N° 305, Route de Marty-sur-Mer, Fès, Maroc",0524964371,contact@chaouiaagro1.ma,Actif,5,26
1214,194711819000051,Société Chaouia de Import-Export 1 SARL AU,SA,Commerce,Grande Entreprise,339600418.46,875,2007-06-07,Fès,"Zone Industrielle, N° 167, Route de Bouchet, Fès, Maroc",0524513695,contact@societechaouiadeimportexport1.ma,Actif,5,27
1215,663204192000022,Société Maghreb de Import-Export 1 SA,SARL,Commerce,TPE,626860.9,6,2011-07-16,Fès,"Zone Industrielle, N° 443, Route de Torres-sur-Pichon, Fès, Maroc",0524863197,contact@societemaghrebdeimportexport1.ma,Actif,5,26
1216,590305924000059,Somibat Import-Export SARL AU,EURL,Commerce,TPE,2188625.4,6,2007-01-25,Fès,"Zone Industrielle, N° 100, Route de Fernandez, Fès, Maroc",0524471048,contact@somibatimportexport1.ma,Actif,5,27
1217,239345807000040,Société Atlas de Béton SNC,SA,BTP,PME,95057639.37,41,2009-08-01,Fès,"Zone Industrielle, N° 194, Route de Saint OdetteBourg, Fès, Maroc",0524384879,contact@societeatlasdebeton1.ma,Actif,5,26
1218,909912717000067,Riad Security SA,SARL,Services,PME,55044393.6,99,2015-10-17,Fès,"Zone Industrielle, N° 415, Route de Chauveau-sur-Jacob, Fès, Maroc",0524535696,contact@riadsecurity1.ma,Actif,5,27
1219,731705098000064,Société Saiss de Wholesale SARL AU,SNC,Commerce,TPE,1469736.6,3,2013-09-21,Fès,"Zone Industrielle, N° 385, Route de Gilbert, Fès, Maroc",0524456029,contact@societesaissdewholesale.ma,Actif,5,26
1220,456798806000013,Compagnie du Ferme 1 SARL AU,SARL,Agriculture,Grande Entreprise,418640979.73,1499,2008-02-26,Fès,"Zone Industrielle, N° 229, Route de Joly, Fès, Maroc",0524826852,contact@compagnieduferme1.ma,Actif,5,27
1221,986714725000024,Koutoubia Trading SARL AU,SARL,Commerce,TPE,4269964.38,1,2012-02-08,Fès,"Zone Industrielle, N° 339, Route de Baron, Fès, Maroc",0524237497,contact@koutoubiatrading2.ma,Actif,5,26
1222,207770802000046,Med Distribution SARL AU,SARL,Commerce,PME,87506084.07,27,2018-09-24,Fès,"Zone Industrielle, N° 359, Route de Saint Françoise-la-Forêt, Fès, Maroc",0524290997,contact@meddistribution1.ma,Actif,5,27
1223,784319101000066,Société Bahia de Aménagement SNC,SARL,BTP,TPE,4270498.4,9,2020-12-08,Fès,"Zone Industrielle, N° 239, Route de Sainte Lucas, Fès, Maroc",0524543623,contact@societebahiadeamenagement1.ma,Actif,5,26
1224,174725150000077,Inter Market SARL,EURL,Commerce,PME,32803478.14,115,2010-06-10,Fès,"Zone Industrielle, N° 496, Route de Seguin-sur-Mer, Fès, Maroc",0524319310,contact@intermarket.ma,Actif,5,27
1225,792722274000010,Société Maghreb de Ferme SARL,SA,Agriculture,TPE,4086479.5,9,2009-04-20,Fès,"Zone Industrielle, N° 459, Route de ColletVille, Fès, Maroc",0524250169,contact@societemaghrebdeferme.ma,Actif,5,26
1226,597342279000054,Compagnie du Logistique SARL,SARL,Services,PME,64286446.56,25,2020-03-07,Fès,"Zone Industrielle, N° 293, Route de Costa, Fès, Maroc",0524852400,contact@compagniedulogistique1.ma,Actif,5,27
1227,901898947000056,Société Med de Logistique 1 SARL,SA,Services,TPE,908789.79,8,2016-08-15,Fès,"Zone Industrielle, N° 143, Route de Marie-sur-Mer, Fès, Maroc",0524436434,contact@societemeddelogistique1.ma,Actif,5,26
1228,883355070000023,Maghreb Nettoyage SARL,SARL,Services,PME,30234880.01,44,2019-07-22,Fès,"Zone Industrielle, N° 133, Route de DiazBourg, Fès, Maroc",0524680701,contact@maghrebnettoyage.ma,Actif,5,27
1229,882009883000037,Société Med de Travaux 1 SARL,SARL,BTP,TPE,2791932.99,3,2011-04-15,Fès,"Zone Industrielle, N° 377, Route de Richardboeuf, Fès, Maroc",0524925451,contact@societemeddetravaux1.ma,Actif,5,26
1230,208243963000064,Maghreb Systems SARL,SARL,Technologies,Grande Entreprise,362158434.34,962,2011-12-14,Fès,"Zone Industrielle, N° 499, Route de Payet, Fès, Maroc",0524279508,contact@maghrebsystems.ma,Actif,5,27
1231,362552615000083,Compagnie du Market SARL AU,SARL,Commerce,PME,67438474.75,159,2010-06-21,Fès,"Zone Industrielle, N° 369, Route de Colasnec, Fès, Maroc",0524481359,contact@compagniedumarket2.ma,Actif,5,26
1232,273475542000060,Taza Industrie 1 SARL AU,SARL,Industrie,PME,56315537.8,91,2019-12-24,Fès,"Zone Industrielle, N° 122, Route de Morvan, Fès, Maroc",0524617054,contact@tazaindustrie1.ma,Actif,5,27
1233,725203135000066,Société Bouregreg de Security SARL AU,SARL,Services,TPE,4715301.9,6,2008-03-15,Fès,"Zone Industrielle, N° 432, Route de Ledoux, Fès, Maroc",0524732928,contact@societebouregregdesecurity1.ma,Actif,5,26
1234,330035435000072,Chaouia Wholesale 1 SARL,SNC,Commerce,TPE,2898111.73,8,2019-09-16,Fès,"Zone Industrielle, N° 67, Route de PiresBourg, Fès, Maroc",0524853679,contact@chaouiawholesale11.ma,Actif,5,27
1235,882975849000016,Soma Industrie SA,SA,Industrie,PME,82662523.14,45,2008-03-26,Fès,"Zone Industrielle, N° 213, Route de Saint Alexandre, Fès, Maroc",0524482003,contact@somaindustrie1.ma,Actif,5,26
1236,475071892000097,Société Bouregreg de Holding 1 SNC,SNC,Services,TPE,949005.01,1,2021-09-17,Fès,"Zone Industrielle, N° 234, Route de Fabre, Fès, Maroc",0524696557,contact@societebouregregdeholding1.ma,Actif,5,27
1237,424381197000040,Afric Aménagement 2 SARL AU,SARL,BTP,TPE,3725907.49,6,2006-01-07,Fès,"Zone Industrielle, N° 152, Route de Saint Sophie, Fès, Maroc",0524118179,contact@africamenagement2.ma,Actif,5,26
1238,200469209000012,Société Marocaine de Entreprise SARL AU,SARL,Transport,Grande Entreprise,358162737.14,2545,2010-04-28,Fès,"Zone Industrielle, N° 302, Route de Guillou-la-Forêt, Fès, Maroc",0524863319,contact@societemarocainedeentreprise4.ma,Actif,5,27
1239,307072487000017,Société Atlas de Agro SARL AU,SARL,Agriculture,PME,66076608.6,52,2020-05-21,Fès,"Zone Industrielle, N° 271, Route de Gosselinnec, Fès, Maroc",0524870621,contact@societeatlasdeagro.ma,Actif,5,26
1240,151986781000091,Afric Câblage SNC,SARL,Industrie,PME,23651598.7,11,2007-10-04,Fès,"Zone Industrielle, N° 213, Route de Boutinnec, Fès, Maroc",0524252236,contact@africcablage2.ma,Actif,5,27
1241,195817062000024,Med Wholesale SNC,SARL,Commerce,TPE,843758.19,4,2008-10-25,Fès,"Zone Industrielle, N° 354, Route de Saint RogerBourg, Fès, Maroc",0524882259,contact@medwholesale.ma,Actif,5,26
1242,569909112000041,Union Entreprise 1 SARL,SARL,Tourisme,TPE,2073211.82,3,2015-11-24,Fès,"Zone Industrielle, N° 399, Route de Chevalier, Fès, Maroc",0524654859,contact@unionentreprise11.ma,Actif,5,27
1243,814192713000048,Taza Import-Export 1 SA,SARL,Commerce,TPE,3152572.67,4,2005-11-06,Fès,"Zone Industrielle, N° 343, Route de Martins-les-Bains, Fès, Maroc",0524577462,contact@tazaimportexport1.ma,Actif,5,26
1244,813956153000051,Atlas Market SARL,SA,Commerce,PME,14844808.95,82,2021-03-11,Fès,"Zone Industrielle, N° 305, Route de Milletnec, Fès, Maroc",0524109166,contact@atlasmarket.ma,Actif,5,27
1245,170885830000093,Société Chaouia de Holding 1 SARL,SA,Services,Grande Entreprise,160051231.37,1374,2016-12-13,Fès,"Zone Industrielle, N° 414, Route de Couturier-sur-Ledoux, Fès, Maroc",0524980432,contact@societechaouiadeholding1.ma,Actif,5,26
1246,485490570000080,Somibat Trading 1 SNC,EURL,Commerce,TPE,4660433.68,6,2008-03-09,Fès,"Zone Industrielle, N° 227, Route de Sainte Marthenec, Fès, Maroc",0524300022,contact@somibattrading1.ma,Actif,5,27
1247,157783846000064,Somaco Laiterie 1 SA,SNC,Agriculture,TPE,1896783.98,5,2009-01-05,Fès,"Zone Industrielle, N° 486, Route de Boyer, Fès, Maroc",0524605258,contact@somacolaiterie11.ma,Actif,5,26
1248,563020978000064,Atlas Trading SNC,SARL,Commerce,TPE,3109830.65,8,2006-08-24,Fès,"Zone Industrielle, N° 53, Route de Fernandez, Fès, Maroc",0524856597,contact@atlastrading2.ma,Actif,5,27
1249,789386261000010,Société Koutoubia de Distribution 2 SARL AU,SARL,Commerce,PME,7126137.27,68,2013-03-27,Fès,"Zone Industrielle, N° 333, Route de Ferreiradan, Fès, Maroc",0524817696,contact@societekoutoubiadedistribution21.ma,Actif,5,26
1250,584766109000057,Somaco Market SARL,SARL,Commerce,TPE,3580625.44,5,2017-08-19,Fès,"Zone Industrielle, N° 337, Route de Raynaud-sur-Lefèvre, Fès, Maroc",0524905738,contact@somacomarket2.ma,Actif,5,27
1251,246951403000042,Sous Security SARL AU,SA,Services,TPE,3955513.89,2,2012-05-16,Fès,"Zone Industrielle, N° 64, Route de Martineau, Fès, Maroc",0524982459,contact@soussecurity1.ma,Actif,5,26
1252,528034660000045,Société Maroc de Industrie SARL,SARL,Industrie,TPE,113386.92,1,2018-09-08,Fès,"Zone Industrielle, N° 240, Route de Mathieu, Fès, Maroc",0524205253,contact@societemarocdeindustrie.ma,Actif,5,27
1253,132729850000023,Société Atlas de Nettoyage SARL,SARL,Services,PME,13548165.35,51,2016-08-04,Fès,"Zone Industrielle, N° 313, Route de Saint Martine, Fès, Maroc",0524255327,contact@societeatlasdenettoyage1.ma,Actif,5,26
1254,151323124000046,Med Distribution 1 SARL,SARL,Commerce,Grande Entreprise,381721508.68,2098,2019-12-08,Fès,"Zone Industrielle, N° 50, Route de Saint Colette, Fès, Maroc",0524448273,contact@meddistribution11.ma,Actif,5,27
1255,474664565000078,Maghreb Industrie 1 SA,SA,Industrie,TPE,2700401.26,5,2005-01-19,Fès,"Zone Industrielle, N° 103, Route de Barbe, Fès, Maroc",0524556231,contact@maghrebindustrie1.ma,Actif,5,26
1256,820535276000035,Société Sous de Security SNC,SARL,Services,PME,69254782.41,124,2008-09-01,Fès,"Zone Industrielle, N° 111, Route de Mace-la-Forêt, Fès, Maroc",0524449975,contact@societesousdesecurity.ma,Actif,5,27
1257,991949861000027,Taza Web SNC,SARL,Technologies,PME,19875524.66,122,2016-10-03,Fès,"Zone Industrielle, N° 133, Route de Guichard, Fès, Maroc",0524650099,contact@tazaweb.ma,Actif,5,26
1258,172811767000024,Taza Négoce SARL AU,SARL,Commerce,PME,50125322.21,18,2015-11-19,Fès,"Zone Industrielle, N° 396, Route de Bouvet, Fès, Maroc",0524126144,contact@tazanegoce2.ma,Actif,5,27
1259,981056108000082,Somaco Wholesale SARL AU,SA,Commerce,TPE,2983720.01,8,2012-09-25,Fès,"Zone Industrielle, N° 44, Route de Peron, Fès, Maroc",0524678850,contact@somacowholesale.ma,Actif,5,26
1260,374364321000088,Chaouia Aménagement SARL,EURL,BTP,PME,86502430.08,171,2007-06-26,Fès,"Zone Industrielle, N° 31, Route de Saint Xaviernec, Fès, Maroc",0524280481,contact@chaouiaamenagement1.ma,Actif,5,27
1261,313313615000069,Bouregreg Nettoyage SNC,SARL,Services,PME,8600291.85,160,2020-11-08,Fès,"Zone Industrielle, N° 43, Route de Hardy, Fès, Maroc",0524779505,contact@bouregregnettoyage.ma,Actif,5,26
1262,152725202000072,Global Security SARL AU,EURL,Services,PME,70089792.73,116,2009-04-16,Fès,"Zone Industrielle, N° 497, Route de Sainte MichèleBourg, Fès, Maroc",0524400579,contact@globalsecurity.ma,Actif,5,27
1263,725845387000082,Maghreb Entreprise SARL AU,SA,Transport,TPE,1404253.21,4,2021-11-19,Fès,"Zone Industrielle, N° 158, Route de Pineauboeuf, Fès, Maroc",0524724029,contact@maghrebentreprise3.ma,Actif,5,26
1264,653590410000068,Société Sous de Ferme SARL,SNC,Agriculture,Grande Entreprise,498268227.61,2027,2009-01-07,Fès,"Zone Industrielle, N° 36, Route de Sainte Hélène, Fès, Maroc",0524589966,contact@societesousdeferme.ma,Actif,5,27
1265,378626861000022,Soma Wholesale SNC,SA,Commerce,PME,56352281.83,53,2005-11-26,Fès,"Zone Industrielle, N° 331, Route de Tessier, Fès, Maroc",0524792521,contact@somawholesale3.ma,Actif,5,26
1266,581659386000028,Inter Telecom SARL,SA,Technologies,PME,90683956.25,149,2021-10-17,Fès,"Zone Industrielle, N° 309, Route de Adam, Fès, Maroc",0524917930,contact@intertelecom.ma,Actif,5,27
1267,674563494000027,Société Riad de Entreprise 2 SARL AU,SA,Santé,PME,12932575.51,123,2007-09-13,Fès,"Zone Industrielle, N° 165, Route de Saint MichelVille, Fès, Maroc",0524372667,contact@societeriaddeentreprise22.ma,Actif,5,26
1268,127587590000043,Société Med de Textile SA,SARL,Industrie,TPE,689190.16,6,2005-09-06,Fès,"Zone Industrielle, N° 425, Route de Saint Patrick, Fès, Maroc",0524164712,contact@societemeddetextile2.ma,Actif,5,27
1269,795733153000095,Afric Métal SARL,SARL,Industrie,TPE,2152059.14,6,2014-10-13,Fès,"Zone Industrielle, N° 401, Route de Sainte Aimée, Fès, Maroc",0524195948,contact@africmetal.ma,Actif,5,26
1270,521019032000084,Union Aménagement 1 SARL AU,SARL,BTP,TPE,873371.8,8,2021-03-15,Fès,"Zone Industrielle, N° 395, Route de Gérard-les-Bains, Fès, Maroc",0524861481,contact@unionamenagement11.ma,Actif,5,27
1271,723816877000064,Atlas Béton 1 SARL,SARL,BTP,Grande Entreprise,368110465.8,2154,2008-05-26,Fès,"Zone Industrielle, N° 414, Route de Sainte Maurice, Fès, Maroc",0524192732,contact@atlasbeton12.ma,Actif,5,26
1272,214899916000068,Société Marocaine de Entreprise 4 SA,SA,Tourisme,TPE,2193033.3,8,2012-06-24,Fès,"Zone Industrielle, N° 191, Route de Menard, Fès, Maroc",0524495718,contact@societemarocainedeentreprise41.ma,Actif,5,27
1273,754794393000058,Euro Aménagement 1 SNC,SARL,BTP,PME,86604365.42,178,2018-12-21,Fès,"Zone Industrielle, N° 437, Route de Fouquetboeuf, Fès, Maroc",0524396788,contact@euroamenagement12.ma,Actif,5,26
1274,702190000000053,Euro Digital SNC,SARL,Technologies,TPE,1318409.12,5,2009-02-15,Fès,"Zone Industrielle, N° 88, Route de Garnier, Fès, Maroc",0524112179,contact@eurodigital.ma,Actif,5,27
1275,936085478000038,Société Taza de Plastique SA,SARL,Industrie,TPE,797464.49,6,2009-01-17,Fès,"Zone Industrielle, N° 414, Route de Guichard-sur-Mathieu, Fès, Maroc",0524701746,contact@societetazadeplastique.ma,Actif,5,26
1276,173175357000064,Maghreb Import-Export SARL,SARL,Commerce,TPE,2060639.67,9,2009-09-15,Fès,"Zone Industrielle, N° 304, Route de MailletVille, Fès, Maroc",0524731182,contact@maghrebimportexport1.ma,Actif,5,27
1277,349804856000037,Union Holding 1 SA,SARL,Services,TPE,4181801.04,2,2010-04-23,Fès,"Zone Industrielle, N° 65, Route de Hubert, Fès, Maroc",0524527168,contact@unionholding1.ma,Actif,5,26
1278,851975487000012,Euro Conseil 1 SA,SARL,Services,TPE,2097399.25,1,2008-07-11,Fès,"Zone Industrielle, N° 434, Route de Lambertnec, Fès, Maroc",0524917636,contact@euroconseil1.ma,Actif,5,27
1279,307499118000099,Euro Agro SNC,SARL,Agriculture,Grande Entreprise,244126474.58,1340,2018-06-21,Fès,"Zone Industrielle, N° 456, Route de Sainte Roland-la-Forêt, Fès, Maroc",0524133099,contact@euroagro1.ma,Actif,5,26
1280,738390187000078,Bouregreg Holding SARL,SARL,Services,TPE,238449.31,7,2007-09-05,Fès,"Zone Industrielle, N° 142, Route de Fernandez, Fès, Maroc",0524834207,contact@bouregregholding.ma,Actif,5,27
1281,655094022000023,Med Textile SARL,SARL,Industrie,PME,56929010.52,20,2013-02-15,Marrakech,"Zone Industrielle, N° 221, Route de PineauVille, Marrakech, Maroc",0524384027,contact@medtextile.ma,Actif,6,30
1282,764157741000080,Société Taza de Import-Export SNC,SARL,Commerce,PME,84774789.97,169,2012-12-19,Marrakech,"Zone Industrielle, N° 366, Route de Bourgeois, Marrakech, Maroc",0524515055,contact@societetazadeimportexport.ma,Actif,6,31
1283,758952253000027,Saiss Textile SARL,SARL,Industrie,TPE,4658517.98,7,2015-11-02,Marrakech,"Zone Industrielle, N° 73, Route de Thibault, Marrakech, Maroc",0524216020,contact@saisstextile.ma,Actif,6,30
1284,184402899000064,Chaouia Entreprise SNC,SNC,Transport,PME,69554689.24,24,2006-06-04,Marrakech,"Zone Industrielle, N° 252, Route de Rousset, Marrakech, Maroc",0524173802,contact@chaouiaentreprise2.ma,Actif,6,31
1285,451815637000057,Global Plastique SNC,SARL,Industrie,PME,10877376.36,162,2009-02-17,Marrakech,"Zone Industrielle, N° 143, Route de Berger-sur-Barthelemy, Marrakech, Maroc",0524707407,contact@globalplastique.ma,Actif,6,30
1286,504087177000058,Euro Market 1 SARL AU,EURL,Commerce,PME,41003378.12,11,2013-03-02,Marrakech,"Zone Industrielle, N° 481, Route de Maury, Marrakech, Maroc",0524407565,contact@euromarket12.ma,Actif,6,31
1287,948796097000049,Med Entreprise 1 SNC,SARL,Transport,PME,31027311.27,199,2018-05-06,Marrakech,"Zone Industrielle, N° 429, Route de Leleu-sur-Mer, Marrakech, Maroc",0524115052,contact@medentreprise12.ma,Actif,6,30
1288,643766328000087,Société Atlas de Agrumes SARL AU,SARL,Agriculture,TPE,4339374.06,8,2014-06-08,Marrakech,"Zone Industrielle, N° 410, Route de Samson-sur-Mer, Marrakech, Maroc",0524301628,contact@societeatlasdeagrumes.ma,Actif,6,31
1289,158188648000023,Bouregreg Logistique 1 SNC,SNC,Services,TPE,741193.57,6,2010-07-11,Marrakech,"Zone Industrielle, N° 158, Route de Robert, Marrakech, Maroc",0524834630,contact@bouregreglogistique11.ma,Actif,6,30
1290,918230535000067,Global Trading SARL,SNC,Commerce,TPE,1736610.2,6,2008-03-05,Marrakech,"Zone Industrielle, N° 102, Route de Laurent-sur-Mer, Marrakech, Maroc",0524408399,contact@globaltrading1.ma,Actif,6,31
1291,207282596000021,Bahia Services SA,SARL,Services,TPE,4418635.62,8,2008-02-06,Marrakech,"Zone Industrielle, N° 373, Route de PerrotVille, Marrakech, Maroc",0524394577,contact@bahiaservices.ma,Actif,6,30
1292,216337617000070,Société Bouregreg de Agrumes SARL AU,SARL,Agriculture,TPE,4864819.84,9,2006-01-25,Marrakech,"Zone Industrielle, N° 17, Route de Martin, Marrakech, Maroc",0524662928,contact@societebouregregdeagrumes.ma,Actif,6,31
1293,961048611000044,Somibat Travaux SA,SARL,BTP,PME,98287959.75,133,2016-08-26,Marrakech,"Zone Industrielle, N° 486, Route de Gallet-la-Forêt, Marrakech, Maroc",0524114281,contact@somibattravaux.ma,Actif,6,30
1294,369754569000039,Société Bouregreg de Oléicole 1 SA,SARL,Agriculture,TPE,4971658.51,7,2008-03-02,Marrakech,"Zone Industrielle, N° 280, Route de Saint Éléonore-sur-Mer, Marrakech, Maroc",0524313795,contact@societebouregregdeoleicole1.ma,Actif,6,31
1295,782425222000031,Société Bahia de Wholesale 1 SARL AU,SARL,Commerce,PME,89027304.69,97,2006-08-18,Marrakech,"Zone Industrielle, N° 429, Route de MarinVille, Marrakech, Maroc",0524467373,contact@societebahiadewholesale1.ma,Actif,6,30
1296,907906383000044,Compagnie du Wholesale 1 SA,SA,Commerce,TPE,1397162.79,9,2021-06-09,Marrakech,"Zone Industrielle, N° 418, Route de Mendès, Marrakech, Maroc",0524479615,contact@compagnieduwholesale1.ma,Actif,6,31
1297,250263406000034,Koutoubia Security SARL AU,SARL,Services,TPE,3411521.1,7,2009-04-28,Marrakech,"Zone Industrielle, N° 67, Route de Morin, Marrakech, Maroc",0524180429,contact@koutoubiasecurity1.ma,Actif,6,30
1298,920507628000036,Société Bahia de Holding 1 SNC,SA,Services,TPE,3593333.64,8,2007-08-15,Marrakech,"Zone Industrielle, N° 213, Route de Saint Camille, Marrakech, Maroc",0524911129,contact@societebahiadeholding12.ma,Actif,6,31
1299,113545885000093,Compagnie du Textile 1 SARL,SARL,Industrie,TPE,1538002.16,3,2010-02-16,Marrakech,"Zone Industrielle, N° 375, Route de Pasquierboeuf, Marrakech, Maroc",0524470808,contact@compagniedutextile11.ma,Actif,6,30
1300,346471425000051,Somaco Construction SNC,SARL,BTP,TPE,4025860.99,2,2011-01-13,Marrakech,"Zone Industrielle, N° 415, Route de LetellierBourg, Marrakech, Maroc",0524738457,contact@somacoconstruction.ma,Actif,6,31
1301,525565787000066,Chaouia Conseil SA,SARL,Services,PME,52788925.24,47,2008-09-03,Marrakech,"Zone Industrielle, N° 456, Route de Gauthier-sur-Bodin, Marrakech, Maroc",0524849894,contact@chaouiaconseil.ma,Actif,6,30
1302,986751667000078,Euro Entreprise 2 SARL AU,SARL,Transport,TPE,1504368.1,2,2016-05-09,Marrakech,"Zone Industrielle, N° 37, Route de Diaz, Marrakech, Maroc",0524548263,contact@euroentreprise21.ma,Actif,6,31
1303,911374902000095,Société Bahia de Travaux SNC,SARL,BTP,TPE,2721893.06,6,2008-01-21,Marrakech,"Zone Industrielle, N° 343, Route de SanchezVille, Marrakech, Maroc",0524819575,contact@societebahiadetravaux1.ma,Actif,6,30
1304,729562581000077,Société Riad de Wholesale SNC,SARL,Commerce,TPE,3253882.01,2,2017-10-19,Marrakech,"Zone Industrielle, N° 227, Route de Dupré-les-Bains, Marrakech, Maroc",0524707418,contact@societeriaddewholesale3.ma,Actif,6,31
1305,831243679000027,Bahia Holding SARL AU,SARL,Services,TPE,859517.42,1,2020-02-09,Marrakech,"Zone Industrielle, N° 240, Route de Klein, Marrakech, Maroc",0524980537,contact@bahiaholding2.ma,Actif,6,30
1306,582679659000030,Société Sous de Entreprise 1 SNC,SARL,Transport,TPE,1239500.86,2,2011-09-21,Marrakech,"Zone Industrielle, N° 313, Route de Gomes, Marrakech, Maroc",0524337380,contact@societesousdeentreprise11.ma,Actif,6,31
1307,655211607000075,Société Koutoubia de Market 1 SARL,SARL,Commerce,TPE,1267509.11,2,2017-03-19,Marrakech,"Zone Industrielle, N° 98, Route de Bonninboeuf, Marrakech, Maroc",0524320295,contact@societekoutoubiademarket11.ma,Actif,6,30
1308,102268385000012,Somibat Tech SA,SA,Technologies,Grande Entreprise,384676273.4,2481,2005-03-08,Marrakech,"Zone Industrielle, N° 465, Route de Sauvage, Marrakech, Maroc",0524284265,contact@somibattech.ma,Actif,6,31
1309,688132450000020,Somaco Nettoyage 1 SARL,SA,Services,TPE,2657905.63,8,2020-12-13,Marrakech,"Zone Industrielle, N° 15, Route de Rey, Marrakech, Maroc",0524227614,contact@somaconettoyage11.ma,Actif,6,30
1310,191324301000085,Afric Agrumes SARL AU,SARL,Agriculture,PME,22988328.97,108,2015-11-08,Marrakech,"Zone Industrielle, N° 493, Route de Saint GrégoireBourg, Marrakech, Maroc",0524772297,contact@africagrumes.ma,Actif,6,31
1311,103919069000035,Inter Conseil SA,SARL,Services,TPE,332086.93,8,2015-11-26,Marrakech,"Zone Industrielle, N° 27, Route de Gautier, Marrakech, Maroc",0524202401,contact@interconseil.ma,Actif,6,30
1312,569799493000019,Somaco Entreprise 1 SNC,SA,Transport,PME,99485588.46,127,2013-06-24,Marrakech,"Zone Industrielle, N° 204, Route de Lebreton, Marrakech, Maroc",0524716904,contact@somacoentreprise12.ma,Actif,6,31
1313,196954887000038,Sous Services SNC,SARL,Services,TPE,4524402.98,1,2017-06-10,Marrakech,"Zone Industrielle, N° 372, Route de Bouviernec, Marrakech, Maroc",0524190745,contact@sousservices.ma,Actif,6,30
1314,494368460000081,Bahia Textile SARL,SARL,Industrie,Grande Entreprise,100634258.41,2030,2020-01-17,Marrakech,"Zone Industrielle, N° 17, Route de Sainte Pénélope-sur-Mer, Marrakech, Maroc",0524745058,contact@bahiatextile.ma,Actif,6,31
1315,942792459000011,Riad Wholesale SA,SARL,Commerce,PME,45840168.15,150,2017-03-13,Marrakech,"Zone Industrielle, N° 245, Route de Le Galldan, Marrakech, Maroc",0524736415,contact@riadwholesale1.ma,Actif,6,30
1316,498353648000085,Riad Câblage SARL,SA,Industrie,TPE,2745684.51,9,2020-10-03,Marrakech,"Zone Industrielle, N° 25, Route de Mathieu, Marrakech, Maroc",0524481770,contact@riadcablage2.ma,Actif,6,31
1317,484943624000068,Union Manufacture SNC,SARL,Industrie,TPE,1878804.6,2,2007-03-14,Marrakech,"Zone Industrielle, N° 401, Route de Saint Susan-la-Forêt, Marrakech, Maroc",0524835620,contact@unionmanufacture2.ma,Actif,6,30
1318,178210987000069,Atlas Plastique SA,EURL,Industrie,PME,64950675.29,157,2005-10-12,Marrakech,"Zone Industrielle, N° 491, Route de Fournier-sur-Fabre, Marrakech, Maroc",0524245961,contact@atlasplastique2.ma,Actif,6,31
1319,298511473000019,Zilis Industrie SNC,SA,Industrie,TPE,2601434.13,2,2009-08-10,Marrakech,"Zone Industrielle, N° 318, Route de Caron, Marrakech, Maroc",0524503803,contact@zilisindustrie.ma,Actif,6,30
1320,251304479000087,Société Zilis de Market 1 SARL,SARL,Commerce,TPE,3397573.93,9,2009-07-09,Marrakech,"Zone Industrielle, N° 93, Route de Saint Agathenec, Marrakech, Maroc",0524285625,contact@societezilisdemarket11.ma,Actif,6,31
1321,472171204000097,Société Sous de Wholesale SARL,SA,Commerce,Grande Entreprise,233706970.55,2606,2013-03-04,Marrakech,"Zone Industrielle, N° 293, Route de Girard-la-Forêt, Marrakech, Maroc",0524963300,contact@societesousdewholesale.ma,Actif,6,30
1322,716888963000012,Union Logistique SA,SARL,Services,TPE,2481922.17,1,2016-08-27,Marrakech,"Zone Industrielle, N° 373, Route de Roger, Marrakech, Maroc",0524100063,contact@unionlogistique3.ma,Actif,6,31
1323,604661559000032,Sous Services SARL AU,SARL,Services,Grande Entreprise,119912415.93,2789,2011-03-09,Marrakech,"Zone Industrielle, N° 452, Route de Sainte Dominique, Marrakech, Maroc",0524988792,contact@sousservices1.ma,Actif,6,30
1324,869955304000067,Somaco Entreprise 2 SARL AU,SARL,Tourisme,TPE,4605757.68,6,2021-03-06,Marrakech,"Zone Industrielle, N° 144, Route de Berthelot-sur-Mer, Marrakech, Maroc",0524822308,contact@somacoentreprise21.ma,Actif,6,31
1325,163352767000021,Société Marocaine de Distribution 1 SARL AU,SARL,Commerce,TPE,767623.63,7,2016-09-21,Marrakech,"Zone Industrielle, N° 395, Route de Sainte François-les-Bains, Marrakech, Maroc",0524831921,contact@societemarocainededistribution12.ma,Actif,6,30
1326,344182593000066,Somibat Construction SNC,SARL,BTP,TPE,1921827.36,1,2007-12-02,Marrakech,"Zone Industrielle, N° 195, Route de Saint Charles-sur-Mer, Marrakech, Maroc",0524880002,contact@somibatconstruction.ma,Actif,6,31
1327,852329085000093,Global Market SNC,SARL,Commerce,TPE,2890608.19,4,2005-01-16,Marrakech,"Zone Industrielle, N° 473, Route de Philippe, Marrakech, Maroc",0524368881,contact@globalmarket3.ma,Actif,6,30
1328,736834208000081,Société Sous de Manufacture SARL AU,SA,Industrie,TPE,2570482.05,5,2009-10-17,Marrakech,"Zone Industrielle, N° 221, Route de GuichardBourg, Marrakech, Maroc",0524591074,contact@societesousdemanufacture.ma,Actif,6,31
1329,251666756000070,Med Services SARL AU,SARL,Services,PME,87194428.64,115,2007-10-26,Marrakech,"Zone Industrielle, N° 273, Route de Coste-sur-Poirier, Marrakech, Maroc",0524855971,contact@medservices.ma,Actif,6,30
1330,338133430000097,Euro Import-Export SARL,SARL,Commerce,TPE,1623187.67,9,2016-09-22,Marrakech,"Zone Industrielle, N° 216, Route de Saint Christophe-sur-Mer, Marrakech, Maroc",0524740442,contact@euroimportexport.ma,Actif,6,31
1331,669018400000017,Sous Market 1 SARL AU,SA,Commerce,TPE,2394533.13,5,2012-06-28,Marrakech,"Zone Industrielle, N° 225, Route de RodriguezBourg, Marrakech, Maroc",0524258737,contact@sousmarket1.ma,Actif,6,30
1332,687511227000048,Chaouia Nettoyage SNC,SARL,Services,TPE,1437741.63,9,2013-05-18,Marrakech,"Zone Industrielle, N° 109, Route de Rivière, Marrakech, Maroc",0524627832,contact@chaouianettoyage2.ma,Actif,6,31
1333,397104592000016,Maghreb Nettoyage SARL AU,SARL,Services,Grande Entreprise,227167796.49,1133,2015-01-15,Marrakech,"Zone Industrielle, N° 237, Route de Sainte Benoît, Marrakech, Maroc",0524955957,contact@maghrebnettoyage1.ma,Actif,6,30
1334,457885126000051,Maghreb Logistique 1 SARL AU,SARL,Services,TPE,2300029.64,6,2005-10-02,Marrakech,"Zone Industrielle, N° 489, Route de Baudry, Marrakech, Maroc",0524667114,contact@maghreblogistique11.ma,Actif,6,31
1335,837314966000012,Somibat Agro SARL,EURL,Agriculture,TPE,2517584.09,5,2019-09-13,Marrakech,"Zone Industrielle, N° 317, Route de Ramosnec, Marrakech, Maroc",0524199357,contact@somibatagro1.ma,Actif,6,30
1336,351049259000050,Société Zilis de Travaux SARL,SARL,BTP,TPE,4046662.41,8,2005-07-23,Marrakech,"Zone Industrielle, N° 199, Route de Martineznec, Marrakech, Maroc",0524751147,contact@societezilisdetravaux.ma,Actif,6,31
1337,707620091000055,Somibat Telecom SA,SARL,Technologies,PME,93555915.55,188,2019-06-26,Marrakech,"Zone Industrielle, N° 470, Route de Giraudboeuf, Marrakech, Maroc",0524932450,contact@somibattelecom.ma,Actif,6,30
1338,837009523000085,Inter Entreprise 1 SARL,SARL,Transport,PME,10654498.27,50,2010-06-26,Marrakech,"Zone Industrielle, N° 361, Route de Lemoine, Marrakech, Maroc",0524786477,contact@interentreprise12.ma,Actif,6,31
1339,153168984000055,Société Marocaine de Distribution 2 SARL AU,SA,Commerce,TPE,3205210.93,6,2011-03-15,Marrakech,"Zone Industrielle, N° 291, Route de Guyot, Marrakech, Maroc",0524723861,contact@societemarocainededistribution21.ma,Actif,6,30
1340,426484573000011,Société Bouregreg de Bâtiment SA,SARL,BTP,PME,61039283.23,103,2017-05-22,Marrakech,"Zone Industrielle, N° 120, Route de GérardVille, Marrakech, Maroc",0524752256,contact@societebouregregdebatiment1.ma,Actif,6,31
1341,169159137000019,Somaco Trading SARL AU,SARL,Commerce,TPE,4496585.83,2,2021-10-23,Marrakech,"Zone Industrielle, N° 155, Route de Legendre-sur-Chauvet, Marrakech, Maroc",0524897250,contact@somacotrading2.ma,Actif,6,30
1342,501364498000097,Société Bahia de Systems SARL AU,EURL,Technologies,TPE,3171618.88,2,2016-06-25,Marrakech,"Zone Industrielle, N° 134, Route de Jourdan, Marrakech, Maroc",0524886476,contact@societebahiadesystems.ma,Actif,6,31
1343,560069558000080,Global Security SARL,SARL,Services,PME,18918253.03,102,2005-11-01,Marrakech,"Zone Industrielle, N° 302, Route de Didier, Marrakech, Maroc",0524517106,contact@globalsecurity1.ma,Actif,6,30
1344,712329191000046,Société Chaouia de Métal SARL,SARL,Industrie,TPE,2779003.07,8,2009-12-07,Marrakech,"Zone Industrielle, N° 109, Route de Diasdan, Marrakech, Maroc",0524794379,contact@societechaouiademetal.ma,Actif,6,31
1345,272528958000091,Global Entreprise 1 SARL,SARL,Transport,TPE,3524557.46,6,2010-06-11,Marrakech,"Zone Industrielle, N° 121, Route de Saint Roger, Marrakech, Maroc",0524108440,contact@globalentreprise11.ma,Actif,6,30
1346,373558458000033,Sous Trading SNC,SNC,Commerce,TPE,154165.52,8,2010-05-04,Marrakech,"Zone Industrielle, N° 285, Route de Dos Santosnec, Marrakech, Maroc",0524581693,contact@soustrading2.ma,Actif,6,31
1347,134304220000083,Afric Soft SA,SARL,Technologies,PME,64634952.19,179,2008-02-01,Marrakech,"Zone Industrielle, N° 413, Route de Weiss, Marrakech, Maroc",0524873040,contact@africsoft.ma,Actif,6,30
1348,262636241000024,Chaouia Entreprise 2 SARL,SARL,Transport,TPE,4485648.05,7,2018-09-09,Marrakech,"Zone Industrielle, N° 17, Route de MenardVille, Marrakech, Maroc",0524354778,contact@chaouiaentreprise21.ma,Actif,6,31
1349,948207070000079,Koutoubia Laiterie SARL,EURL,Agriculture,TPE,2023652.18,4,2019-06-25,Marrakech,"Zone Industrielle, N° 294, Route de Delannoyboeuf, Marrakech, Maroc",0524689900,contact@koutoubialaiterie1.ma,Actif,6,30
1350,292394064000011,Maghreb Négoce SNC,SARL,Commerce,TPE,4300328.34,3,2012-07-22,Marrakech,"Zone Industrielle, N° 461, Route de Devauxdan, Marrakech, Maroc",0524943167,contact@maghrebnegoce2.ma,Actif,6,31
1351,577726708000024,Euro Security SA,EURL,Services,PME,18439203.71,104,2005-12-20,Marrakech,"Zone Industrielle, N° 10, Route de Moreno, Marrakech, Maroc",0524232206,contact@eurosecurity3.ma,Actif,6,30
1352,879061056000094,Afric Négoce SARL,SA,Commerce,TPE,1786836.02,3,2010-02-21,Marrakech,"Zone Industrielle, N° 321, Route de Lebrunnec, Marrakech, Maroc",0524933892,contact@africnegoce2.ma,Actif,6,31
1353,640234831000065,Société Atlas de Export Agri SNC,SARL,Agriculture,TPE,1827601.05,9,2008-07-04,Marrakech,"Zone Industrielle, N° 67, Route de Arnaud, Marrakech, Maroc",0524910342,contact@societeatlasdeexportagri.ma,Actif,6,30
1354,509868460000081,Société Zilis de Métal SARL AU,SA,Industrie,TPE,1919999.06,9,2020-03-23,Marrakech,"Zone Industrielle, N° 58, Route de Sainte Jeannine, Marrakech, Maroc",0524824284,contact@societezilisdemetal1.ma,Actif,6,31
1355,724793683000071,Société Bouregreg de Entreprise 2 SNC,SARL,Tourisme,TPE,3573265.65,6,2017-10-05,Marrakech,"Zone Industrielle, N° 475, Route de Martinez, Marrakech, Maroc",0524633222,contact@societebouregregdeentreprise2.ma,Actif,6,30
1356,691846322000037,Somibat Nettoyage SARL AU,SARL,Services,PME,81352053.16,80,2020-03-01,Marrakech,"Zone Industrielle, N° 100, Route de Boyer, Marrakech, Maroc",0524156596,contact@somibatnettoyage2.ma,Actif,6,31
1357,327013193000026,Soma Tech SA,SARL,Technologies,PME,55982184.87,170,2013-05-16,Marrakech,"Zone Industrielle, N° 345, Route de Laporteboeuf, Marrakech, Maroc",0524392302,contact@somatech.ma,Actif,6,30
1358,888970904000011,Société Bahia de Wholesale 2 SARL AU,SARL,Commerce,Grande Entreprise,444101713.67,649,2005-11-05,Marrakech,"Zone Industrielle, N° 331, Route de Rey-sur-Leroux, Marrakech, Maroc",0524871457,contact@societebahiadewholesale2.ma,Actif,6,31
1359,210848185000041,Soma Logistique 1 SA,SA,Services,TPE,3206814.95,1,2020-06-28,Marrakech,"Zone Industrielle, N° 366, Route de Saint Margaux-sur-Mer, Marrakech, Maroc",0524233370,contact@somalogistique11.ma,Actif,6,30
1360,469833567000086,Atlas Métal SNC,SARL,Industrie,TPE,1050420.16,3,2011-01-22,Marrakech,"Zone Industrielle, N° 39, Route de Joubert, Marrakech, Maroc",0524964947,contact@atlasmetal.ma,Actif,6,31
1361,273837856000086,Société Maroc de Textile SNC,SARL,Industrie,TPE,4158066.36,8,2009-02-22,Marrakech,"Zone Industrielle, N° 343, Route de Saint Hortense, Marrakech, Maroc",0524124031,contact@societemarocdetextile2.ma,Actif,6,30
1362,383114202000041,Société Atlas de Manufacture SNC,SARL,Industrie,TPE,3444917.53,2,2021-04-04,Marrakech,"Zone Industrielle, N° 24, Route de Monnier-les-Bains, Marrakech, Maroc",0524923298,contact@societeatlasdemanufacture.ma,Actif,6,31
1363,638038301000017,Maghreb Trading SNC,SARL,Commerce,PME,75478034.81,80,2011-02-14,Marrakech,"Zone Industrielle, N° 17, Route de Gomez, Marrakech, Maroc",0524610497,contact@maghrebtrading.ma,Actif,6,30
1364,963483699000060,Med Entreprise 2 SNC,SARL,Santé,TPE,2830182.23,6,2017-03-03,Marrakech,"Zone Industrielle, N° 272, Route de Prévost-sur-Gallet, Marrakech, Maroc",0524698032,contact@medentreprise2.ma,Actif,6,31
1365,749247830000034,Koutoubia Agro SARL AU,SARL,Agriculture,TPE,396178.34,5,2018-07-07,Marrakech,"Zone Industrielle, N° 166, Route de Maury, Marrakech, Maroc",0524818125,contact@koutoubiaagro.ma,Actif,6,30
1366,995525718000025,Société Marocaine de Trading 2 SNC,SARL,Commerce,PME,58917523.84,98,2010-07-05,Marrakech,"Zone Industrielle, N° 461, Route de Sainte Hélène, Marrakech, Maroc",0524554914,contact@societemarocainedetrading2.ma,Actif,6,31
1367,829261613000075,Société Maghreb de Wholesale SNC,SARL,Commerce,TPE,4846421.61,5,2015-05-22,Marrakech,"Zone Industrielle, N° 61, Route de Blanchard-sur-Thibault, Marrakech, Maroc",0524258655,contact@societemaghrebdewholesale.ma,Actif,6,30
1368,434078559000020,Société Koutoubia de Textile SNC,SARL,Industrie,PME,65442060.78,20,2018-03-21,Marrakech,"Zone Industrielle, N° 380, Route de Teixeira, Marrakech, Maroc",0524351765,contact@societekoutoubiadetextile1.ma,Actif,6,31
1369,161850952000056,Société Saiss de Logistique SA,SNC,Services,PME,59234894.66,107,2014-08-06,Marrakech,"Zone Industrielle, N° 351, Route de Ruiz-les-Bains, Marrakech, Maroc",0524483394,contact@societesaissdelogistique.ma,Actif,6,30
1370,130053409000057,Société Chaouia de Tech SARL,SARL,Technologies,TPE,1202072.95,5,2016-11-17,Marrakech,"Zone Industrielle, N° 217, Route de MorelBourg, Marrakech, Maroc",0524623772,contact@societechaouiadetech1.ma,Actif,6,31
1371,873686824000044,Société Bahia de Export Agri SNC,SARL,Agriculture,Grande Entreprise,206830472.86,2112,2015-08-13,Marrakech,"Zone Industrielle, N° 374, Route de Saint Josette, Marrakech, Maroc",0524715332,contact@societebahiadeexportagri.ma,Actif,6,30
1372,881827342000086,Chaouia Security SA,SARL,Services,PME,94560434.49,172,2020-05-13,Marrakech,"Zone Industrielle, N° 486, Route de Lefebvre, Marrakech, Maroc",0524505441,contact@chaouiasecurity.ma,Actif,6,31
1373,108503323000083,Somibat Logistique SARL AU,SARL,Services,PME,41319237.92,26,2016-01-18,Marrakech,"Zone Industrielle, N° 475, Route de MartelVille, Marrakech, Maroc",0524831634,contact@somibatlogistique1.ma,Actif,6,30
1374,579623601000033,Global Textile 1 SARL AU,SARL,Industrie,TPE,4209981.73,5,2016-10-13,Marrakech,"Zone Industrielle, N° 164, Route de Bonneau, Marrakech, Maroc",0524516363,contact@globaltextile1.ma,Actif,6,31
1375,973636862000046,Afric Plastique SARL AU,SA,Industrie,TPE,4620926.02,1,2008-05-06,Marrakech,"Zone Industrielle, N° 72, Route de Dumont, Marrakech, Maroc",0524503498,contact@africplastique2.ma,Actif,6,30
1376,969294124000017,Soma Génie Civil SA,SA,BTP,TPE,3371719.48,5,2014-06-10,Marrakech,"Zone Industrielle, N° 377, Route de Wagner, Marrakech, Maroc",0524323861,contact@somageniecivil1.ma,Actif,6,31
1377,279327988000028,Compagnie du Wholesale SARL,SA,Commerce,TPE,2121981.3,8,2008-08-17,Marrakech,"Zone Industrielle, N° 192, Route de Breton, Marrakech, Maroc",0524961878,contact@compagnieduwholesale2.ma,Actif,6,30
1378,642761406000068,Maghreb Logistique 2 SARL AU,SARL,Services,Grande Entreprise,131760330.11,2448,2013-12-06,Marrakech,"Zone Industrielle, N° 465, Route de Saint William, Marrakech, Maroc",0524553976,contact@maghreblogistique2.ma,Actif,6,31
1379,466615326000028,Soma Wholesale 1 SNC,SNC,Commerce,TPE,4236293.51,8,2005-12-17,Marrakech,"Zone Industrielle, N° 417, Route de Fischer-sur-Blanchard, Marrakech, Maroc",0524530883,contact@somawholesale11.ma,Actif,6,30
1380,166513370000092,Koutoubia Import-Export SNC,SARL,Commerce,TPE,2279076.91,8,2011-08-01,Marrakech,"Zone Industrielle, N° 152, Route de Sainte Davidboeuf, Marrakech, Maroc",0524216890,contact@koutoubiaimportexport2.ma,Actif,6,31
1381,148995146000014,Riad Bâtiment 1 SA,SARL,BTP,PME,92875035.65,171,2016-06-21,Marrakech,"Zone Industrielle, N° 347, Route de CosteBourg, Marrakech, Maroc",0524644361,contact@riadbatiment1.ma,Actif,6,30
1382,423329344000039,Maghreb Laiterie SARL,SARL,Agriculture,TPE,844717.01,3,2011-02-14,Marrakech,"Zone Industrielle, N° 319, Route de Hernandez, Marrakech, Maroc",0524127755,contact@maghreblaiterie.ma,Actif,6,31
1383,312725013000058,Riad Export Agri SA,SA,Agriculture,Grande Entreprise,376919885.85,705,2020-03-02,Marrakech,"Zone Industrielle, N° 72, Route de Dufour, Marrakech, Maroc",0524308099,contact@riadexportagri.ma,Actif,6,30
1384,501073600000088,Somaco Textile SNC,SARL,Industrie,PME,38351120.52,49,2020-04-12,Marrakech,"Zone Industrielle, N° 378, Route de Foucher, Marrakech, Maroc",0524234029,contact@somacotextile.ma,Actif,6,31
1385,101529194000046,Soma Entreprise 2 SA,SARL,Tourisme,TPE,4476931.44,4,2011-09-20,Marrakech,"Zone Industrielle, N° 99, Route de Rioudan, Marrakech, Maroc",0524737454,contact@somaentreprise21.ma,Actif,6,30
1386,198395588000016,Afric Oléicole SA,SARL,Agriculture,TPE,2421038.95,4,2021-06-02,Marrakech,"Zone Industrielle, N° 213, Route de Roger, Marrakech, Maroc",0524592350,contact@africoleicole1.ma,Actif,6,31
1387,627628356000025,Compagnie du Trading 1 SNC,SA,Commerce,PME,48615897.29,140,2011-07-02,Marrakech,"Zone Industrielle, N° 17, Route de Lemonnierboeuf, Marrakech, Maroc",0524203463,contact@compagniedutrading11.ma,Actif,6,30
1388,377316000000061,Société Maroc de Négoce 1 SA,SA,Commerce,TPE,588905.73,9,2018-12-25,Marrakech,"Zone Industrielle, N° 283, Route de Chartier, Marrakech, Maroc",0524374872,contact@societemarocdenegoce1.ma,Actif,6,31
1389,752221062000047,Soma Trading SA,EURL,Commerce,TPE,1689128.06,5,2021-01-21,Marrakech,"Zone Industrielle, N° 396, Route de Roger-sur-Hoareau, Marrakech, Maroc",0524211285,contact@somatrading3.ma,Actif,6,30
1390,981598818000089,Société Koutoubia de Entreprise SA,SARL,Éducation,TPE,854446.46,9,2016-07-02,Marrakech,"Zone Industrielle, N° 103, Route de Peron, Marrakech, Maroc",0524495341,contact@societekoutoubiadeentreprise3.ma,Actif,6,31
1391,834089588000072,Société Marocaine de Travaux SNC,SARL,BTP,Grande Entreprise,235013536.25,1722,2008-09-02,Marrakech,"Zone Industrielle, N° 213, Route de Rodriguez, Marrakech, Maroc",0524384747,contact@societemarocainedetravaux3.ma,Actif,6,30
1392,335956417000059,Compagnie du Plastique SARL AU,SA,Industrie,TPE,4155598.45,1,2015-03-01,Marrakech,"Zone Industrielle, N° 46, Route de Chauveau, Marrakech, Maroc",0524792051,contact@compagnieduplastique2.ma,Actif,6,31
1393,397264190000070,Union Export Agri SNC,SARL,Agriculture,TPE,3339382.41,9,2016-07-03,Marrakech,"Zone Industrielle, N° 384, Route de Sainte Claude, Marrakech, Maroc",0524429075,contact@unionexportagri.ma,Actif,6,30
1394,822875673000053,Maroc Oléicole SARL,EURL,Agriculture,TPE,1660260.16,2,2013-02-03,Marrakech,"Zone Industrielle, N° 402, Route de David-sur-Vidal, Marrakech, Maroc",0524693731,contact@marocoleicole.ma,Actif,6,31
1395,612347052000010,Société Chaouia de Textile SNC,SARL,Industrie,TPE,1430934.01,2,2020-06-26,Marrakech,"Zone Industrielle, N° 40, Route de Prévost-sur-Raymond, Marrakech, Maroc",0524293842,contact@societechaouiadetextile.ma,Actif,6,30
1396,196427804000029,Société Atlas de Services SA,SARL,Services,PME,6725215.09,53,2020-02-05,Marrakech,"Zone Industrielle, N° 348, Route de Riou, Marrakech, Maroc",0524864374,contact@societeatlasdeservices1.ma,Actif,6,31
1397,661803025000070,Société Taza de Oléicole SNC,SARL,Agriculture,TPE,4709923.75,4,2019-07-02,Marrakech,"Zone Industrielle, N° 498, Route de Duval-sur-Mahe, Marrakech, Maroc",0524693907,contact@societetazadeoleicole2.ma,Actif,6,30
1398,464126140000099,Union Entreprise 1 SA,SARL,Tourisme,TPE,908371.07,8,2017-11-25,Marrakech,"Zone Industrielle, N° 245, Route de Rémy, Marrakech, Maroc",0524129693,contact@unionentreprise12.ma,Actif,6,31
1399,776420059000058,Chaouia Câblage SNC,SNC,Industrie,PME,55389699.16,169,2014-04-04,Marrakech,"Zone Industrielle, N° 56, Route de Saint Adélaïdeboeuf, Marrakech, Maroc",0524731890,contact@chaouiacablage1.ma,Actif,6,30
1400,125253306000054,Afric Bâtiment SARL AU,SARL,BTP,TPE,1023042.89,9,2010-02-19,Marrakech,"Zone Industrielle, N° 190, Route de Bousquet, Marrakech, Maroc",0524172617,contact@africbatiment.ma,Actif,6,31
1401,524818674000049,Med Industrie 1 SNC,SA,Industrie,TPE,1952866.05,5,2005-03-14,Marrakech,"Zone Industrielle, N° 247, Route de Sainte CarolineVille, Marrakech, Maroc",0524688526,contact@medindustrie1.ma,Actif,6,30
1402,514095961000054,Société Med de Textile SARL AU,SARL,Industrie,TPE,3360368.28,7,2014-02-14,Marrakech,"Zone Industrielle, N° 113, Route de Lacroix, Marrakech, Maroc",0524955864,contact@societemeddetextile3.ma,Actif,6,31
1403,893618450000059,Global Entreprise 2 SARL,SARL,Transport,TPE,4953977.74,5,2012-08-07,Marrakech,"Zone Industrielle, N° 311, Route de Jacquot, Marrakech, Maroc",0524139463,contact@globalentreprise21.ma,Actif,6,30
1404,339165424000051,Maroc Distribution SNC,SNC,Commerce,Grande Entreprise,326018522.46,2725,2016-03-19,Marrakech,"Zone Industrielle, N° 204, Route de Sainte PierreBourg, Marrakech, Maroc",0524829751,contact@marocdistribution2.ma,Actif,6,31
1405,558022242000048,Saiss Bâtiment 1 SA,SARL,BTP,TPE,3504135.32,8,2010-08-14,Marrakech,"Zone Industrielle, N° 115, Route de Saint Alice, Marrakech, Maroc",0524807181,contact@saissbatiment1.ma,Actif,6,30
1406,454772432000043,Société Taza de Construction 1 SARL AU,SNC,BTP,TPE,483979.36,6,2018-11-14,Marrakech,"Zone Industrielle, N° 162, Route de Peronnec, Marrakech, Maroc",0524360061,contact@societetazadeconstruction11.ma,Actif,6,31
1407,747982381000085,Société Sous de Agro SARL AU,SA,Agriculture,PME,94499090.45,84,2014-10-04,Marrakech,"Zone Industrielle, N° 301, Route de Pasquier, Marrakech, Maroc",0524514734,contact@societesousdeagro.ma,Actif,6,30
1408,825872701000094,Chaouia Nettoyage 1 SNC,SNC,Services,TPE,3076558.68,5,2018-05-01,Marrakech,"Zone Industrielle, N° 398, Route de Hoareauboeuf, Marrakech, Maroc",0524651366,contact@chaouianettoyage11.ma,Actif,6,31
1409,977861702000078,Société Taza de Trading SARL AU,SARL,Commerce,PME,21277048.47,67,2020-12-07,Marrakech,"Zone Industrielle, N° 352, Route de MalletBourg, Marrakech, Maroc",0524703580,contact@societetazadetrading.ma,Actif,6,30
1410,842247606000032,Afric Entreprise SARL AU,SARL,Transport,PME,88822000.17,159,2005-10-15,Marrakech,"Zone Industrielle, N° 41, Route de Verdier-sur-Mer, Marrakech, Maroc",0524235359,contact@africentreprise2.ma,Actif,6,31
1411,728788706000026,Société Saiss de Manufacture SARL AU,SARL,Industrie,TPE,2445812.26,1,2018-06-11,Marrakech,"Zone Industrielle, N° 419, Route de Sauvage, Marrakech, Maroc",0524595575,contact@societesaissdemanufacture.ma,Actif,6,30
1412,339923387000082,Bahia Négoce SARL AU,SA,Commerce,PME,16937789.42,72,2017-02-05,Marrakech,"Zone Industrielle, N° 322, Route de Saint ThéodoreVille, Marrakech, Maroc",0524858680,contact@bahianegoce.ma,Actif,6,31
1413,304348728000052,Société Marocaine de Import-Export SARL,SNC,Commerce,TPE,234190.5,6,2016-09-23,Marrakech,"Zone Industrielle, N° 210, Route de Bertin, Marrakech, Maroc",0524723803,contact@societemarocainedeimportexport2.ma,Actif,6,30
1414,303101025000043,Union Entreprise 1 SNC,SNC,Santé,PME,64660422.2,130,2013-12-12,Marrakech,"Zone Industrielle, N° 162, Route de Saint Zacharie-les-Bains, Marrakech, Maroc",0524679391,contact@unionentreprise13.ma,Actif,6,31
1415,537437786000030,Société Riad de Import-Export 1 SA,SARL,Commerce,PME,42672133.46,66,2011-05-06,Marrakech,"Zone Industrielle, N° 434, Route de RenardBourg, Marrakech, Maroc",0524299747,contact@societeriaddeimportexport1.ma,Actif,6,30
1416,423473126000039,Med Entreprise SA,SARL,Transport,Grande Entreprise,396344674.04,337,2018-04-21,Marrakech,"Zone Industrielle, N° 19, Route de Morinboeuf, Marrakech, Maroc",0524213017,contact@medentreprise3.ma,Actif,6,31
1417,401270241000058,Société Atlas de Industrie SNC,SARL,Industrie,PME,72849533.86,116,2015-12-23,Marrakech,"Zone Industrielle, N° 301, Route de Bonneau-sur-Guillet, Marrakech, Maroc",0524247711,contact@societeatlasdeindustrie.ma,Actif,6,30
1418,140308132000048,Société Koutoubia de Entreprise 3 SARL,SARL,Tourisme,PME,96130013.05,49,2014-02-15,Marrakech,"Zone Industrielle, N° 106, Route de Sainte Marcelle, Marrakech, Maroc",0524376295,contact@societekoutoubiadeentreprise31.ma,Actif,6,31
1419,581525620000053,Soma Trading 1 SARL AU,SA,Commerce,TPE,1660831.1,3,2013-07-13,Marrakech,"Zone Industrielle, N° 102, Route de Seguin, Marrakech, Maroc",0524454775,contact@somatrading12.ma,Actif,6,30
1420,530863241000083,Société Maghreb de Market SA,SA,Commerce,PME,76619711.35,50,2005-03-01,Marrakech,"Zone Industrielle, N° 179, Route de BarbierVille, Marrakech, Maroc",0524240972,contact@societemaghrebdemarket1.ma,Actif,6,31
1421,559321282000068,Euro Négoce SA,SARL,Commerce,Grande Entreprise,186210495.84,240,2007-12-23,Marrakech,"Zone Industrielle, N° 353, Route de Sainte Lucas-sur-Mer, Marrakech, Maroc",0524228823,contact@euronegoce2.ma,Actif,6,30
1422,398493796000092,Bahia Entreprise 1 SA,SA,Transport,TPE,4097346.93,8,2015-04-24,Marrakech,"Zone Industrielle, N° 98, Route de Grenier-la-Forêt, Marrakech, Maroc",0524159418,contact@bahiaentreprise11.ma,Actif,6,31
1423,236425121000079,Maghreb Entreprise 1 SARL AU,SARL,Tourisme,TPE,374645.2,3,2013-12-26,Marrakech,"Zone Industrielle, N° 33, Route de Léger, Marrakech, Maroc",0524238212,contact@maghrebentreprise11.ma,Actif,6,30
1424,875469593000062,Soma Import-Export SA,SARL,Commerce,TPE,433696.74,1,2016-01-15,Marrakech,"Zone Industrielle, N° 459, Route de Pereira, Marrakech, Maroc",0524953880,contact@somaimportexport1.ma,Actif,6,31
1425,944669461000086,Koutoubia Câblage SARL,SA,Industrie,Grande Entreprise,203577401.22,2438,2015-05-14,Marrakech,"Zone Industrielle, N° 328, Route de Sainte Henriette, Marrakech, Maroc",0524211013,contact@koutoubiacablage2.ma,Actif,6,30
1426,775300186000028,Société Riad de Trading SARL AU,SARL,Commerce,Grande Entreprise,173150694.15,1280,2019-03-26,Marrakech,"Zone Industrielle, N° 250, Route de Marin-les-Bains, Marrakech, Maroc",0524810555,contact@societeriaddetrading1.ma,Actif,6,31
1427,402523984000042,Société Atlas de Market SARL AU,SA,Commerce,TPE,4373828.25,2,2015-07-13,Marrakech,"Zone Industrielle, N° 283, Route de Sainte Adrien, Marrakech, Maroc",0524895082,contact@societeatlasdemarket.ma,Actif,6,30
1428,192290983000016,Afric Digital SNC,SARL,Technologies,Grande Entreprise,389882837.95,803,2007-03-04,Marrakech,"Zone Industrielle, N° 53, Route de Fernandez-la-Forêt, Marrakech, Maroc",0524236305,contact@africdigital.ma,Actif,6,31
1429,153132768000072,Société Riad de Négoce SARL AU,SA,Commerce,TPE,2343659.08,9,2006-11-03,Marrakech,"Zone Industrielle, N° 447, Route de Voisin-sur-Bourgeois, Marrakech, Maroc",0524576488,contact@societeriaddenegoce1.ma,Actif,6,30
1430,920680315000024,Union Textile SARL AU,SARL,Industrie,TPE,276662.95,4,2016-03-20,Marrakech,"Zone Industrielle, N° 386, Route de Saint Lucas-les-Bains, Marrakech, Maroc",0524433803,contact@uniontextile1.ma,Actif,6,31
1431,410592043000029,Société Sous de Entreprise 2 SNC,SARL,Tourisme,TPE,946051.1,3,2019-03-06,Marrakech,"Zone Industrielle, N° 194, Route de Faure, Marrakech, Maroc",0524122506,contact@societesousdeentreprise2.ma,Actif,6,30
1432,843411675000079,Société Koutoubia de Génie Civil SARL AU,SA,BTP,TPE,1940834.34,7,2011-04-24,Marrakech,"Zone Industrielle, N° 10, Route de Ferreira-la-Forêt, Marrakech, Maroc",0524871689,contact@societekoutoubiadegeniecivil1.ma,Actif,6,31
1433,454972201000011,Euro Nettoyage SNC,SA,Services,PME,24223883.99,84,2020-09-20,Marrakech,"Zone Industrielle, N° 482, Route de Georgesdan, Marrakech, Maroc",0524708290,contact@euronettoyage.ma,Actif,6,30
1434,436319356000034,Société Koutoubia de Négoce 1 SARL AU,SA,Commerce,TPE,201966.84,3,2016-02-20,Marrakech,"Zone Industrielle, N° 457, Route de Robin, Marrakech, Maroc",0524903302,contact@societekoutoubiadenegoce11.ma,Actif,6,31
1435,350365951000044,Taza Aménagement 1 SA,SA,BTP,PME,47578529.17,75,2010-10-24,Marrakech,"Zone Industrielle, N° 222, Route de Chevallier-les-Bains, Marrakech, Maroc",0524431908,contact@tazaamenagement1.ma,Actif,6,30
1436,189888254000028,Inter Nettoyage 1 SA,SARL,Services,TPE,4614281.31,8,2018-02-13,Marrakech,"Zone Industrielle, N° 287, Route de Weber, Marrakech, Maroc",0524466256,contact@internettoyage11.ma,Actif,6,31
1437,735024208000050,Union Conseil 1 SA,SARL,Services,PME,17713016.55,177,2015-07-07,Marrakech,"Zone Industrielle, N° 87, Route de Lemoine, Marrakech, Maroc",0524144083,contact@unionconseil11.ma,Actif,6,30
1438,418535146000095,Koutoubia Wholesale 1 SA,SA,Commerce,TPE,3357718.57,7,2018-03-27,Marrakech,"Zone Industrielle, N° 380, Route de Bertrand-la-Forêt, Marrakech, Maroc",0524752657,contact@koutoubiawholesale1.ma,Actif,6,31
1439,214857250000038,Société Sous de Nettoyage SARL AU,SARL,Services,PME,22089111.84,120,2015-02-07,Marrakech,"Zone Industrielle, N° 380, Route de Turpin-la-Forêt, Marrakech, Maroc",0524314709,contact@societesousdenettoyage1.ma,Actif,6,30
1440,989955551000032,Société Maghreb de Distribution SA,SA,Commerce,PME,77226896.29,20,2007-03-28,Marrakech,"Zone Industrielle, N° 58, Route de Royer, Marrakech, Maroc",0524259215,contact@societemaghrebdedistribution1.ma,Actif,6,31
1441,531068038000048,Société Saiss de Textile SARL,SARL,Industrie,PME,40350753.64,85,2018-09-14,Marrakech,"Zone Industrielle, N° 265, Route de Bonnet-sur-Fernandes, Marrakech, Maroc",0524661811,contact@societesaissdetextile1.ma,Actif,6,30
1442,998528810000096,Riad Market SARL AU,SARL,Commerce,PME,14878213.54,159,2014-05-25,Marrakech,"Zone Industrielle, N° 438, Route de Saint Margueriteboeuf, Marrakech, Maroc",0524240053,contact@riadmarket.ma,Actif,6,31
1443,516307728000091,Koutoubia Textile SNC,SARL,Industrie,TPE,3993601.07,3,2015-09-11,Marrakech,"Zone Industrielle, N° 387, Route de Pasquier-sur-Mer, Marrakech, Maroc",0524913630,contact@koutoubiatextile2.ma,Actif,6,30
1444,251300266000065,Société Taza de Export Agri SARL,SARL,Agriculture,TPE,4734084.74,7,2014-11-06,Marrakech,"Zone Industrielle, N° 322, Route de Bonnetnec, Marrakech, Maroc",0524217223,contact@societetazadeexportagri1.ma,Actif,6,31
1445,402155787000072,Société Maroc de Distribution SARL AU,SARL,Commerce,PME,22009339.39,59,2013-09-07,Marrakech,"Zone Industrielle, N° 67, Route de Humbertdan, Marrakech, Maroc",0524934496,contact@societemarocdedistribution2.ma,Actif,6,30
1446,398162084000083,Société Marocaine de Agrumes 1 SARL,SARL,Agriculture,Grande Entreprise,466814630.87,2527,2018-10-20,Marrakech,"Zone Industrielle, N° 323, Route de Huet-sur-Ollivier, Marrakech, Maroc",0524722918,contact@societemarocainedeagrumes1.ma,Actif,6,31
1447,838937197000031,Compagnie du Industrie SA,SARL,Industrie,PME,14170832.28,51,2018-07-14,Marrakech,"Zone Industrielle, N° 387, Route de Chevalier, Marrakech, Maroc",0524121953,contact@compagnieduindustrie.ma,Actif,6,30
1448,149835854000051,Société Saiss de Systems SA,SARL,Technologies,PME,10926856.03,99,2011-02-01,Marrakech,"Zone Industrielle, N° 333, Route de DelannoyVille, Marrakech, Maroc",0524437395,contact@societesaissdesystems.ma,Actif,6,31
1449,756555225000017,Riad Entreprise 2 SARL,SNC,Tourisme,PME,30664515.44,145,2010-11-25,Marrakech,"Zone Industrielle, N° 402, Route de Masse-les-Bains, Marrakech, Maroc",0524691979,contact@riadentreprise21.ma,Actif,6,30
1450,947830603000036,Chaouia Trading SNC,SARL,Commerce,TPE,2050727.13,7,2011-09-20,Marrakech,"Zone Industrielle, N° 354, Route de Sainte Jérôme-les-Bains, Marrakech, Maroc",0524504083,contact@chaouiatrading1.ma,Actif,6,31
1451,427172135000023,Société Riad de Métal SARL,SARL,Industrie,TPE,2469895.71,2,2019-02-08,Marrakech,"Zone Industrielle, N° 292, Route de Olivier, Marrakech, Maroc",0524555138,contact@societeriaddemetal.ma,Actif,6,30
1452,885001708000038,Afric Aménagement SA,SARL,BTP,TPE,464489.4,3,2008-11-18,Marrakech,"Zone Industrielle, N° 270, Route de Dupont, Marrakech, Maroc",0524990396,contact@africamenagement3.ma,Actif,6,31
1453,201975326000093,Société Bouregreg de Câblage SARL AU,SNC,Industrie,TPE,1015491.33,2,2005-07-16,Marrakech,"Zone Industrielle, N° 207, Route de Chevaliernec, Marrakech, Maroc",0524616956,contact@societebouregregdecablage.ma,Actif,6,30
1454,236832997000069,Compagnie du Entreprise 1 SA,SNC,Transport,TPE,3802036.49,6,2013-04-25,Marrakech,"Zone Industrielle, N° 328, Route de Techer, Marrakech, Maroc",0524178706,contact@compagnieduentreprise12.ma,Actif,6,31
1455,809465411000073,Bahia Métal SARL,SARL,Industrie,PME,95869636.56,39,2012-09-23,Marrakech,"Zone Industrielle, N° 189, Route de Valentin, Marrakech, Maroc",0524413428,contact@bahiametal1.ma,Actif,6,30
1456,990596895000022,Zilis Génie Civil SNC,SARL,BTP,TPE,3410228.98,3,2010-10-28,Marrakech,"Zone Industrielle, N° 304, Route de Julien, Marrakech, Maroc",0524471093,contact@zilisgeniecivil.ma,Actif,6,31
1457,577103916000048,Saiss Travaux SA,SARL,BTP,TPE,2296265.12,5,2018-11-21,Marrakech,"Zone Industrielle, N° 401, Route de Saint Amélienec, Marrakech, Maroc",0524109471,contact@saisstravaux1.ma,Actif,6,30
1458,920843243000066,Société Med de Trading SARL AU,SA,Commerce,PME,60036499.7,165,2018-07-19,Marrakech,"Zone Industrielle, N° 42, Route de Germain-la-Forêt, Marrakech, Maroc",0524419304,contact@societemeddetrading1.ma,Actif,6,31
1459,405186017000061,Koutoubia Câblage SNC,SARL,Industrie,PME,42653941.52,15,2016-11-20,Marrakech,"Zone Industrielle, N° 302, Route de AlbertVille, Marrakech, Maroc",0524991927,contact@koutoubiacablage3.ma,Actif,6,30
1460,528066498000084,Global Oléicole SARL AU,SARL,Agriculture,TPE,4772680.78,4,2019-09-21,Marrakech,"Zone Industrielle, N° 115, Route de Coste-sur-Barbe, Marrakech, Maroc",0524460041,contact@globaloleicole.ma,Actif,6,31
1461,523589517000011,Sous Conseil SARL,SARL,Services,TPE,2712768.04,7,2010-11-21,Marrakech,"Zone Industrielle, N° 422, Route de Marienec, Marrakech, Maroc",0524639775,contact@sousconseil1.ma,Actif,6,30
1462,390511130000078,Atlas Négoce SA,SARL,Commerce,TPE,937416.62,1,2006-01-27,Marrakech,"Zone Industrielle, N° 101, Route de Caron, Marrakech, Maroc",0524670807,contact@atlasnegoce1.ma,Actif,6,31
1463,974888608000079,Société Riad de Agrumes SARL,SARL,Agriculture,PME,39064079.78,36,2006-06-16,Marrakech,"Zone Industrielle, N° 351, Route de Pruvost-sur-Guillon, Marrakech, Maroc",0524419942,contact@societeriaddeagrumes.ma,Actif,6,30
1464,497883629000011,Société Saiss de Métal SARL,EURL,Industrie,PME,63791165.21,198,2012-01-05,Marrakech,"Zone Industrielle, N° 413, Route de Saint GenevièveBourg, Marrakech, Maroc",0524568795,contact@societesaissdemetal1.ma,Actif,6,31
1465,204251102000081,Union Agrumes 2 SNC,SARL,Agriculture,TPE,1142984.92,6,2011-01-12,Marrakech,"Zone Industrielle, N° 159, Route de Regnier, Marrakech, Maroc",0524506221,contact@unionagrumes21.ma,Actif,6,30
1466,669963093000070,Med Entreprise 2 SARL AU,SARL,Santé,TPE,2870132.95,8,2020-12-01,Marrakech,"Zone Industrielle, N° 70, Route de Bouchet, Marrakech, Maroc",0524785378,contact@medentreprise21.ma,Actif,6,31
1467,370652738000026,Saiss Wholesale SA,SARL,Commerce,TPE,4403115.67,1,2012-05-10,Marrakech,"Zone Industrielle, N° 496, Route de Jacob, Marrakech, Maroc",0524417735,contact@saisswholesale1.ma,Actif,6,30
1468,252217266000026,Riad Métal SARL AU,SA,Industrie,PME,94123536.19,110,2016-03-10,Marrakech,"Zone Industrielle, N° 203, Route de Massedan, Marrakech, Maroc",0524140495,contact@riadmetal.ma,Actif,6,31
1469,353308409000037,Taza Entreprise SA,SARL,Tourisme,TPE,4559789.84,7,2010-02-20,Marrakech,"Zone Industrielle, N° 179, Route de Saint Robert, Marrakech, Maroc",0524108298,contact@tazaentreprise1.ma,Actif,6,30
1470,943389163000051,Med Conseil 1 SARL,SARL,Services,Grande Entreprise,359006517.11,1407,2017-05-18,Marrakech,"Zone Industrielle, N° 360, Route de Meuniernec, Marrakech, Maroc",0524402591,contact@medconseil11.ma,Actif,6,31
1471,882386441000054,Compagnie du Logistique 1 SARL,SARL,Services,TPE,1191902.93,7,2020-02-05,Marrakech,"Zone Industrielle, N° 180, Route de Sainte Vincent, Marrakech, Maroc",0524401433,contact@compagniedulogistique11.ma,Actif,6,30
1472,354292725000091,Maghreb Wholesale SA,SARL,Commerce,TPE,914498.3,1,2007-02-23,Marrakech,"Zone Industrielle, N° 251, Route de Girard, Marrakech, Maroc",0524916979,contact@maghrebwholesale.ma,Actif,6,31
1473,444916917000080,Société Koutoubia de Market SARL AU,SA,Commerce,TPE,4852561.73,8,2016-09-11,Marrakech,"Zone Industrielle, N° 355, Route de Royerboeuf, Marrakech, Maroc",0524846969,contact@societekoutoubiademarket2.ma,Actif,6,30
1474,190230175000067,Inter Distribution SARL AU,SARL,Commerce,TPE,986628.74,5,2021-06-16,Marrakech,"Zone Industrielle, N° 324, Route de Sainte Thérèse, Marrakech, Maroc",0524486131,contact@interdistribution3.ma,Actif,6,31
1475,347305375000056,Sous Textile SARL,SARL,Industrie,TPE,1746342.4,1,2019-08-10,Marrakech,"Zone Industrielle, N° 251, Route de Langlois, Marrakech, Maroc",0524382323,contact@soustextile1.ma,Actif,6,30
1476,314145782000043,Société Marocaine de Services SARL AU,SARL,Services,PME,38879090.83,46,2014-12-26,Marrakech,"Zone Industrielle, N° 245, Route de Marin, Marrakech, Maroc",0524698816,contact@societemarocainedeservices2.ma,Actif,6,31
1477,189277215000018,Riad Market SA,SARL,Commerce,TPE,4516379.87,4,2011-02-17,Marrakech,"Zone Industrielle, N° 225, Route de Saint Grégoire-la-Forêt, Marrakech, Maroc",0524328351,contact@riadmarket1.ma,Actif,6,30
1478,286925876000071,Atlas Textile SA,SARL,Industrie,PME,27766363.05,174,2010-09-03,Marrakech,"Zone Industrielle, N° 416, Route de Beckerboeuf, Marrakech, Maroc",0524469755,contact@atlastextile.ma,Actif,6,31
1479,450807271000094,Inter Entreprise 2 SNC,SARL,Transport,TPE,1061866.35,5,2008-08-23,Marrakech,"Zone Industrielle, N° 219, Route de Chauveau, Marrakech, Maroc",0524420580,contact@interentreprise21.ma,Actif,6,30
1480,414109605000045,Compagnie du Textile 2 SARL,SNC,Industrie,TPE,1704444.31,4,2016-07-22,Marrakech,"Zone Industrielle, N° 106, Route de TexierBourg, Marrakech, Maroc",0524601603,contact@compagniedutextile2.ma,Actif,6,31
1481,525259510000027,Union Métal SNC,SARL,Industrie,PME,52173582.27,198,2007-05-08,Marrakech,"Zone Industrielle, N° 426, Route de Pichon, Marrakech, Maroc",0524320096,contact@unionmetal4.ma,Actif,6,30
1482,671516246000086,Saiss Bâtiment SNC,SARL,BTP,PME,59681217.18,106,2005-12-02,Marrakech,"Zone Industrielle, N° 34, Route de Cordier, Marrakech, Maroc",0524217614,contact@saissbatiment2.ma,Actif,6,31
1483,660565413000047,Société Zilis de Import-Export SA,SARL,Commerce,PME,50570603.29,157,2007-09-20,Marrakech,"Zone Industrielle, N° 349, Route de Thierryboeuf, Marrakech, Maroc",0524529495,contact@societezilisdeimportexport1.ma,Actif,6,30
1484,702412114000057,Société Bouregreg de Holding SARL AU,SARL,Services,Grande Entreprise,168080474.88,1407,2019-10-12,Marrakech,"Zone Industrielle, N° 97, Route de Saint Christophe, Marrakech, Maroc",0524559318,contact@societebouregregdeholding2.ma,Actif,6,31
1485,900144258000084,Société Maghreb de Béton SARL AU,SA,BTP,PME,89534129.29,94,2006-03-05,Marrakech,"Zone Industrielle, N° 235, Route de Lacombe, Marrakech, Maroc",0524174928,contact@societemaghrebdebeton1.ma,Actif,6,30
1486,452365773000084,Société Riad de Entreprise 3 SARL AU,SARL,Transport,TPE,2740184.39,2,2019-02-15,Marrakech,"Zone Industrielle, N° 484, Route de Antoine-les-Bains, Marrakech, Maroc",0524115087,contact@societeriaddeentreprise3.ma,Actif,6,31
1487,189120763000033,Bouregreg Systems SARL,SARL,Technologies,TPE,4587930.0,5,2010-09-13,Marrakech,"Zone Industrielle, N° 63, Route de ColasVille, Marrakech, Maroc",0524648793,contact@bouregregsystems.ma,Actif,6,30
1488,185669964000045,Riad Industrie SARL AU,SA,Industrie,PME,65628555.51,63,2012-10-16,Marrakech,"Zone Industrielle, N° 285, Route de Olivier, Marrakech, Maroc",0524974818,contact@riadindustrie.ma,Actif,6,31
1489,438897511000028,Société Bouregreg de Entreprise 1 SARL,SA,Tourisme,Grande Entreprise,234623746.8,246,2019-08-19,Marrakech,"Zone Industrielle, N° 199, Route de Boyer, Marrakech, Maroc",0524149276,contact@societebouregregdeentreprise12.ma,Actif,6,30
1490,122191586000069,Maroc Câblage SA,SA,Industrie,PME,45396417.14,118,2015-12-17,Marrakech,"Zone Industrielle, N° 394, Route de David, Marrakech, Maroc",0524664617,contact@maroccablage.ma,Actif,6,31
1491,727594615000020,Société Taza de Services SA,SA,Services,Grande Entreprise,104755493.31,2939,2008-02-19,Marrakech,"Zone Industrielle, N° 413, Route de Girardboeuf, Marrakech, Maroc",0524352844,contact@societetazadeservices.ma,Actif,6,30
1492,145379053000083,Maghreb Wholesale SNC,SNC,Commerce,TPE,4796777.14,9,2016-02-08,Marrakech,"Zone Industrielle, N° 228, Route de Paris, Marrakech, Maroc",0524858652,contact@maghrebwholesale1.ma,Actif,6,31
1493,321817966000061,Euro Laiterie SARL,SARL,Agriculture,TPE,2702482.07,9,2009-05-07,Marrakech,"Zone Industrielle, N° 246, Route de Barthelemy, Marrakech, Maroc",0524849347,contact@eurolaiterie.ma,Actif,6,30
1494,710261100000041,Maghreb Métal SNC,SARL,Industrie,TPE,1781930.03,9,2016-09-24,Marrakech,"Zone Industrielle, N° 215, Route de ChauvinBourg, Marrakech, Maroc",0524728709,contact@maghrebmetal.ma,Actif,6,31
1495,798642489000052,Société Saiss de Génie Civil SARL AU,SARL,BTP,TPE,1285773.01,1,2014-08-22,Marrakech,"Zone Industrielle, N° 54, Route de Saint Alix, Marrakech, Maroc",0524358275,contact@societesaissdegeniecivil.ma,Actif,6,30
1496,145727805000094,Saiss Industrie SA,SARL,Industrie,PME,82939078.92,71,2014-04-13,Marrakech,"Zone Industrielle, N° 324, Route de Valentindan, Marrakech, Maroc",0524811818,contact@saissindustrie.ma,Actif,6,31
1497,468417378000041,Atlas Manufacture SA,SARL,Industrie,TPE,2589484.69,4,2018-11-13,Marrakech,"Zone Industrielle, N° 12, Route de Reynaud, Marrakech, Maroc",0524529768,contact@atlasmanufacture1.ma,Actif,6,30
1498,447172739000091,Global Agro 1 SARL AU,SARL,Agriculture,TPE,2654076.06,7,2008-10-23,Marrakech,"Zone Industrielle, N° 500, Route de Courtois-sur-Marty, Marrakech, Maroc",0524584260,contact@globalagro11.ma,Actif,6,31
1499,101312566000027,Atlas Entreprise 1 SNC,EURL,Tourisme,PME,36802400.25,172,2006-04-22,Marrakech,"Zone Industrielle, N° 289, Route de Goncalves, Marrakech, Maroc",0524687429,contact@atlasentreprise12.ma,Actif,6,30
1500,826313554000044,Global Trading 1 SNC,SNC,Commerce,TPE,1148566.75,5,2021-02-09,Marrakech,"Zone Industrielle, N° 142, Route de Bouvet, Marrakech, Maroc",0524764545,contact@globaltrading11.ma,Actif,6,31
1501,846435811000094,Union Métal SA,SARL,Industrie,TPE,2691455.88,4,2006-07-16,Tanger,"Zone Industrielle, N° 143, Route de Sainte Antoinenec, Tanger, Maroc",0524521665,contact@unionmetal5.ma,Actif,7,34
1502,443491142000054,Compagnie du Entreprise 2 SA,SNC,Tourisme,PME,64536136.77,187,2021-08-25,Tanger,"Zone Industrielle, N° 456, Route de Saint Dominique, Tanger, Maroc",0524382719,contact@compagnieduentreprise21.ma,Actif,7,35
1503,693559967000081,Société Marocaine de Industrie SNC,SARL,Industrie,TPE,3563868.13,6,2011-01-21,Tanger,"Zone Industrielle, N° 422, Route de Valette-sur-Benoit, Tanger, Maroc",0524545454,contact@societemarocainedeindustrie.ma,Actif,7,34
1504,169799413000074,Société Bouregreg de Entreprise SARL AU,SARL,Transport,Grande Entreprise,415534472.78,1771,2011-10-17,Tanger,"Zone Industrielle, N° 277, Route de Jourdan, Tanger, Maroc",0524896924,contact@societebouregregdeentreprise3.ma,Actif,7,35
1505,114951382000042,Société Chaouia de Aménagement SARL AU,SARL,BTP,TPE,2787045.89,8,2017-05-25,Tanger,"Zone Industrielle, N° 240, Route de Labbé, Tanger, Maroc",0524597964,contact@societechaouiadeamenagement.ma,Actif,7,34
1506,525092245000027,Chaouia Béton SARL,SA,BTP,TPE,3615554.62,1,2018-01-06,Tanger,"Zone Industrielle, N° 75, Route de Royer, Tanger, Maroc",0524671422,contact@chaouiabeton.ma,Actif,7,35
1507,482358908000067,Société Maghreb de Web SARL,SNC,Technologies,TPE,3958869.1,1,2007-10-02,Tanger,"Zone Industrielle, N° 344, Route de BlanchetVille, Tanger, Maroc",0524859338,contact@societemaghrebdeweb.ma,Actif,7,34
1508,390686172000057,Société Zilis de Négoce 1 SARL,SA,Commerce,TPE,135881.75,5,2013-02-19,Tanger,"Zone Industrielle, N° 91, Route de Sainte Gilles, Tanger, Maroc",0524325539,contact@societezilisdenegoce11.ma,Actif,7,35
1509,397477863000079,Société Med de Aménagement SARL,SARL,BTP,Grande Entreprise,196079208.97,2456,2008-11-05,Tanger,"Zone Industrielle, N° 394, Route de Brunel, Tanger, Maroc",0524251202,contact@societemeddeamenagement.ma,Actif,7,34
1510,420562730000028,Bahia Métal 1 SNC,SARL,Industrie,Grande Entreprise,111264510.71,2485,2010-06-03,Tanger,"Zone Industrielle, N° 441, Route de Saint Philippe, Tanger, Maroc",0524620103,contact@bahiametal11.ma,Actif,7,35
1511,206533185000098,Compagnie du Market 1 SARL,SARL,Commerce,TPE,168545.02,4,2011-05-13,Tanger,"Zone Industrielle, N° 230, Route de Schneider-sur-Mendès, Tanger, Maroc",0524651383,contact@compagniedumarket11.ma,Actif,7,34
1512,936909585000040,Zilis Wholesale SNC,SARL,Commerce,TPE,346276.54,1,2009-01-02,Tanger,"Zone Industrielle, N° 181, Route de Briand, Tanger, Maroc",0524723438,contact@ziliswholesale1.ma,Actif,7,35
1513,436068827000013,Global Market 1 SARL AU,SARL,Commerce,TPE,4032679.47,3,2005-06-15,Tanger,"Zone Industrielle, N° 319, Route de Lévêquedan, Tanger, Maroc",0524598908,contact@globalmarket11.ma,Actif,7,34
1514,802601350000067,Société Marocaine de Logistique SARL,SARL,Services,TPE,2525170.84,3,2007-04-25,Tanger,"Zone Industrielle, N° 27, Route de Carpentier, Tanger, Maroc",0524916518,contact@societemarocainedelogistique.ma,Actif,7,35
1515,299327145000025,Société Atlas de Câblage SNC,SARL,Industrie,TPE,558268.52,4,2007-11-13,Tanger,"Zone Industrielle, N° 82, Route de Hernandeznec, Tanger, Maroc",0524619689,contact@societeatlasdecablage2.ma,Actif,7,34
1516,173446805000070,Société Taza de Entreprise 3 SARL AU,EURL,Tourisme,TPE,4135774.37,6,2008-10-06,Tanger,"Zone Industrielle, N° 423, Route de Henry-sur-Robert, Tanger, Maroc",0524673736,contact@societetazadeentreprise32.ma,Actif,7,35
1517,795726498000060,Afric Import-Export 1 SARL,SARL,Commerce,PME,48204875.7,88,2009-03-12,Tanger,"Zone Industrielle, N° 57, Route de Dupréboeuf, Tanger, Maroc",0524251230,contact@africimportexport11.ma,Actif,7,34
1518,609447916000033,Soma Entreprise 1 SARL AU,SARL,Tourisme,TPE,1777373.97,4,2014-12-27,Tanger,"Zone Industrielle, N° 418, Route de Jourdan-la-Forêt, Tanger, Maroc",0524567746,contact@somaentreprise12.ma,Actif,7,35
1519,747120459000048,Maroc Logistique SARL AU,SNC,Services,TPE,210759.33,3,2020-07-03,Tanger,"Zone Industrielle, N° 248, Route de Pottier, Tanger, Maroc",0524783195,contact@maroclogistique.ma,Actif,7,34
1520,214139437000083,Société Saiss de Market SARL AU,SARL,Commerce,PME,7290112.06,183,2008-07-02,Tanger,"Zone Industrielle, N° 64, Route de Sainte Christopheboeuf, Tanger, Maroc",0524237796,contact@societesaissdemarket2.ma,Actif,7,35
1521,544125256000042,Global Textile SARL,SNC,Industrie,PME,35368568.49,147,2014-12-20,Tanger,"Zone Industrielle, N° 284, Route de Riou, Tanger, Maroc",0524941307,contact@globaltextile2.ma,Actif,7,34
1522,589826537000043,Société Marocaine de Génie Civil SA,EURL,BTP,TPE,2197003.41,9,2005-09-17,Tanger,"Zone Industrielle, N° 169, Route de Baron, Tanger, Maroc",0524382312,contact@societemarocainedegeniecivil1.ma,Actif,7,35
1523,154064947000061,Société Maroc de Entreprise 1 SARL,SARL,Transport,TPE,3771087.02,8,2009-02-14,Tanger,"Zone Industrielle, N° 32, Route de Bègue, Tanger, Maroc",0524415386,contact@societemarocdeentreprise12.ma,Actif,7,34
1524,388853213000075,Bahia Telecom SA,SARL,Technologies,PME,73979465.65,145,2011-06-08,Tanger,"Zone Industrielle, N° 286, Route de Roche, Tanger, Maroc",0524392135,contact@bahiatelecom.ma,Actif,7,35
1525,110445729000031,Union Textile SARL,SARL,Industrie,TPE,2300332.12,1,2013-07-06,Tanger,"Zone Industrielle, N° 375, Route de Blondel, Tanger, Maroc",0524255225,contact@uniontextile2.ma,Actif,7,34
1526,119513871000080,Inter Construction SA,SARL,BTP,TPE,915848.56,8,2011-04-01,Tanger,"Zone Industrielle, N° 20, Route de Boyer, Tanger, Maroc",0524163920,contact@interconstruction.ma,Actif,7,35
1527,924760361000082,Chaouia Agrumes SNC,SARL,Agriculture,TPE,1318467.42,5,2005-01-17,Tanger,"Zone Industrielle, N° 302, Route de Antoine-sur-Peltier, Tanger, Maroc",0524646404,contact@chaouiaagrumes1.ma,Actif,7,34
1528,316403562000068,Union Services 1 SARL,SARL,Services,Grande Entreprise,148527232.56,687,2009-04-05,Tanger,"Zone Industrielle, N° 263, Route de Bazin, Tanger, Maroc",0524818810,contact@unionservices1.ma,Actif,7,35
1529,422338978000079,Société Zilis de Data SNC,SARL,Technologies,PME,60287365.53,146,2005-09-26,Tanger,"Zone Industrielle, N° 182, Route de Mace, Tanger, Maroc",0524868664,contact@societezilisdedata1.ma,Actif,7,34
1530,566607438000025,Chaouia Services 1 SARL AU,SARL,Services,Grande Entreprise,480381950.98,2443,2021-05-22,Tanger,"Zone Industrielle, N° 137, Route de Sainte Théodore, Tanger, Maroc",0524329761,contact@chaouiaservices11.ma,Actif,7,35
1531,251957685000083,Compagnie du Tech SARL,SARL,Technologies,PME,73686189.46,72,2016-12-09,Tanger,"Zone Industrielle, N° 266, Route de Humbert, Tanger, Maroc",0524445742,contact@compagniedutech.ma,Actif,7,34
1532,132181468000067,Société Atlas de Distribution SARL AU,SARL,Commerce,Grande Entreprise,223618367.76,274,2015-04-09,Tanger,"Zone Industrielle, N° 220, Route de ChevallierVille, Tanger, Maroc",0524532928,contact@societeatlasdedistribution1.ma,Actif,7,35
1533,386685375000092,Taza Security SARL AU,SARL,Services,TPE,4722903.25,5,2006-02-02,Tanger,"Zone Industrielle, N° 80, Route de Neveu-sur-Masse, Tanger, Maroc",0524677279,contact@tazasecurity2.ma,Actif,7,34
1534,923622160000046,Société Riad de Ferme SARL,SNC,Agriculture,PME,81960764.63,190,2012-09-15,Tanger,"Zone Industrielle, N° 482, Route de Le Goff, Tanger, Maroc",0524725437,contact@societeriaddeferme.ma,Actif,7,35
1535,484948257000091,Société Maroc de Négoce SARL AU,SARL,Commerce,Grande Entreprise,159716725.23,1801,2015-03-15,Tanger,"Zone Industrielle, N° 414, Route de Torres, Tanger, Maroc",0524338447,contact@societemarocdenegoce2.ma,Actif,7,34
1536,701310119000027,Med Tech SA,SARL,Technologies,Grande Entreprise,264634332.99,854,2007-03-20,Tanger,"Zone Industrielle, N° 405, Route de Diazdan, Tanger, Maroc",0524199301,contact@medtech.ma,Actif,7,35
1537,526901220000024,Soma Wholesale 2 SNC,EURL,Commerce,PME,36541478.19,150,2016-10-01,Tanger,"Zone Industrielle, N° 350, Route de Guillou, Tanger, Maroc",0524400799,contact@somawholesale21.ma,Actif,7,34
1538,253893259000068,Taza Négoce 1 SARL,SARL,Commerce,PME,10779064.51,164,2007-03-18,Tanger,"Zone Industrielle, N° 277, Route de Picard, Tanger, Maroc",0524354073,contact@tazanegoce11.ma,Actif,7,35
1539,383996078000078,Société Zilis de Wholesale SA,SARL,Commerce,TPE,539682.26,3,2016-02-05,Tanger,"Zone Industrielle, N° 345, Route de Arnaud-la-Forêt, Tanger, Maroc",0524130791,contact@societezilisdewholesale.ma,Actif,7,34
1540,254969471000066,Euro Conseil SARL AU,SARL,Services,PME,6095192.93,198,2006-05-21,Tanger,"Zone Industrielle, N° 467, Route de Sainte Gilbert-la-Forêt, Tanger, Maroc",0524286336,contact@euroconseil2.ma,Actif,7,35
1541,957436085000090,Union Services 2 SARL,SARL,Services,TPE,1171938.81,5,2005-06-16,Tanger,"Zone Industrielle, N° 390, Route de Ledoux-les-Bains, Tanger, Maroc",0524854113,contact@unionservices2.ma,Actif,7,34
1542,281544973000030,Chaouia Plastique SA,SARL,Industrie,Grande Entreprise,485615550.67,1466,2018-02-16,Tanger,"Zone Industrielle, N° 283, Route de Bègue, Tanger, Maroc",0524529740,contact@chaouiaplastique1.ma,Actif,7,35
1543,855476553000059,Société Maghreb de Négoce SNC,SARL,Commerce,Grande Entreprise,402744919.36,2982,2005-09-13,Tanger,"Zone Industrielle, N° 224, Route de Saint Adrienne-sur-Mer, Tanger, Maroc",0524988462,contact@societemaghrebdenegoce2.ma,Actif,7,34
1544,389440522000089,Maroc Data SA,SNC,Technologies,Grande Entreprise,472752924.86,1839,2018-09-15,Tanger,"Zone Industrielle, N° 448, Route de De Oliveira, Tanger, Maroc",0524635441,contact@marocdata.ma,Actif,7,35
1545,637513593000082,Société Chaouia de Construction SARL,SARL,BTP,TPE,2388699.46,2,2018-02-26,Tanger,"Zone Industrielle, N° 165, Route de Guichard, Tanger, Maroc",0524635046,contact@societechaouiadeconstruction.ma,Actif,7,34
1546,506307878000080,Bouregreg Trading SARL AU,SARL,Commerce,TPE,1576552.19,3,2014-12-14,Tanger,"Zone Industrielle, N° 395, Route de Mary, Tanger, Maroc",0524874814,contact@bouregregtrading1.ma,Actif,7,35
1547,284756114000012,Bahia Holding 1 SNC,SA,Services,TPE,641267.94,2,2010-06-09,Tanger,"Zone Industrielle, N° 412, Route de Barthelemy, Tanger, Maroc",0524702755,contact@bahiaholding11.ma,Actif,7,34
1548,670367814000028,Somibat Export Agri 2 SARL,SA,Agriculture,Grande Entreprise,363969924.12,1332,2020-04-18,Tanger,"Zone Industrielle, N° 51, Route de Sainte BernardBourg, Tanger, Maroc",0524677168,contact@somibatexportagri2.ma,Actif,7,35
1549,169549344000077,Koutoubia Market SA,SA,Commerce,TPE,112355.13,7,2021-09-26,Tanger,"Zone Industrielle, N° 380, Route de LeclercqBourg, Tanger, Maroc",0524287454,contact@koutoubiamarket1.ma,Actif,7,34
1550,272870138000057,Sous Industrie SNC,SARL,Industrie,TPE,2974763.77,7,2008-02-02,Tanger,"Zone Industrielle, N° 56, Route de Laporte-la-Forêt, Tanger, Maroc",0524290573,contact@sousindustrie1.ma,Actif,7,35
1551,666820349000064,Somaco Distribution 1 SA,SA,Commerce,TPE,3316906.45,5,2006-05-20,Tanger,"Zone Industrielle, N° 496, Route de Vincent-les-Bains, Tanger, Maroc",0524880113,contact@somacodistribution11.ma,Actif,7,34
1552,989135496000085,Somaco Trading 1 SNC,SARL,Commerce,TPE,4735243.62,8,2011-02-20,Tanger,"Zone Industrielle, N° 291, Route de Bourgeois, Tanger, Maroc",0524568421,contact@somacotrading11.ma,Actif,7,35
1553,840730296000073,Somaco Trading 1 SARL AU,SARL,Commerce,PME,91679817.59,22,2020-02-08,Tanger,"Zone Industrielle, N° 394, Route de Lejeune, Tanger, Maroc",0524212132,contact@somacotrading12.ma,Actif,7,34
1554,906654824000016,Somibat Export Agri SNC,SA,Agriculture,PME,61020930.66,129,2009-06-22,Tanger,"Zone Industrielle, N° 325, Route de Albert-sur-Meunier, Tanger, Maroc",0524850034,contact@somibatexportagri3.ma,Actif,7,35
1555,339934992000053,Société Saiss de Construction SNC,SNC,BTP,PME,29545198.64,158,2008-02-07,Tanger,"Zone Industrielle, N° 184, Route de Auger, Tanger, Maroc",0524558803,contact@societesaissdeconstruction.ma,Actif,7,34
1556,247748824000069,Société Riad de Câblage SA,SNC,Industrie,TPE,3560227.13,1,2019-09-24,Tanger,"Zone Industrielle, N° 251, Route de Merle, Tanger, Maroc",0524103631,contact@societeriaddecablage2.ma,Actif,7,35
1557,996348457000029,Global Industrie 1 SNC,SARL,Industrie,PME,10342619.29,68,2021-02-25,Tanger,"Zone Industrielle, N° 250, Route de Sainte Xavier-les-Bains, Tanger, Maroc",0524745471,contact@globalindustrie1.ma,Actif,7,34
1558,213862140000010,Compagnie du Logistique SNC,SARL,Services,TPE,1093732.79,7,2012-01-15,Tanger,"Zone Industrielle, N° 296, Route de Couturier, Tanger, Maroc",0524539589,contact@compagniedulogistique2.ma,Actif,7,35
1559,414778396000034,Med Béton 2 SARL AU,SARL,BTP,TPE,1505300.25,1,2010-11-09,Tanger,"Zone Industrielle, N° 454, Route de Saint Catherine, Tanger, Maroc",0524801633,contact@medbeton2.ma,Actif,7,34
1560,692153618000055,Global Entreprise 1 SA,SA,Santé,PME,17820576.88,111,2017-10-22,Tanger,"Zone Industrielle, N° 205, Route de Lacroix, Tanger, Maroc",0524900502,contact@globalentreprise12.ma,Actif,7,35
1561,720691695000056,Koutoubia Câblage 1 SNC,SARL,Industrie,PME,29660251.87,180,2018-10-23,Tanger,"Zone Industrielle, N° 135, Route de Verdier, Tanger, Maroc",0524224145,contact@koutoubiacablage11.ma,Actif,7,34
1562,110357517000037,Société Maroc de Négoce SARL,SNC,Commerce,PME,94262289.24,46,2009-07-03,Tanger,"Zone Industrielle, N° 255, Route de Camus, Tanger, Maroc",0524104626,contact@societemarocdenegoce3.ma,Actif,7,35
1563,247052758000046,Chaouia Export Agri SA,SA,Agriculture,TPE,327461.25,9,2008-10-18,Tanger,"Zone Industrielle, N° 305, Route de Saint Laetitianec, Tanger, Maroc",0524332921,contact@chaouiaexportagri.ma,Actif,7,34
1564,150305579000028,Maroc Wholesale SARL,SARL,Commerce,TPE,1534891.18,2,2007-01-11,Tanger,"Zone Industrielle, N° 127, Route de Antoinenec, Tanger, Maroc",0524999837,contact@marocwholesale.ma,Actif,7,35
1565,816987454000088,Société Riad de Métal SARL AU,SA,Industrie,TPE,4566800.62,7,2017-12-26,Tanger,"Zone Industrielle, N° 128, Route de JacobVille, Tanger, Maroc",0524356972,contact@societeriaddemetal1.ma,Actif,7,34
1566,266932599000072,Atlas Distribution SARL,SNC,Commerce,PME,27103891.74,150,2013-08-14,Tanger,"Zone Industrielle, N° 403, Route de Saint Nath, Tanger, Maroc",0524372185,contact@atlasdistribution.ma,Actif,7,35
1567,686272335000019,Med Entreprise SARL,SARL,Transport,TPE,4061085.57,7,2015-12-25,Tanger,"Zone Industrielle, N° 80, Route de Garcia, Tanger, Maroc",0524216567,contact@medentreprise4.ma,Actif,7,34
1568,378740514000029,Union Laiterie 1 SA,SA,Agriculture,Grande Entreprise,463042949.12,1549,2020-09-04,Tanger,"Zone Industrielle, N° 195, Route de Boulay, Tanger, Maroc",0524457948,contact@unionlaiterie1.ma,Actif,7,35
1569,914302591000057,Afric Export Agri SNC,SARL,Agriculture,TPE,4700552.53,1,2009-05-26,Tanger,"Zone Industrielle, N° 232, Route de AubertVille, Tanger, Maroc",0524406937,contact@africexportagri.ma,Actif,7,34
1570,598050069000025,Maroc Métal 1 SARL,SARL,Industrie,PME,45170892.61,128,2019-04-02,Tanger,"Zone Industrielle, N° 266, Route de Saint Maurice, Tanger, Maroc",0524967078,contact@marocmetal11.ma,Actif,7,35
1571,669165072000012,Koutoubia Câblage 1 SA,SARL,Industrie,TPE,4046993.93,8,2008-08-11,Tanger,"Zone Industrielle, N° 126, Route de Langlois, Tanger, Maroc",0524421803,contact@koutoubiacablage12.ma,Actif,7,34
1572,456837467000043,Société Saiss de Entreprise 3 SARL AU,SA,Transport,PME,89423391.01,85,2017-01-06,Tanger,"Zone Industrielle, N° 98, Route de Henry, Tanger, Maroc",0524689952,contact@societesaissdeentreprise3.ma,Actif,7,35
1573,369156658000027,Maghreb Nettoyage SA,SARL,Services,PME,42470587.57,145,2014-01-15,Tanger,"Zone Industrielle, N° 229, Route de Gaudin-la-Forêt, Tanger, Maroc",0524536857,contact@maghrebnettoyage2.ma,Actif,7,34
1574,530448855000070,Maroc Aménagement SA,SARL,BTP,TPE,3298242.99,7,2015-04-24,Tanger,"Zone Industrielle, N° 481, Route de François, Tanger, Maroc",0524675133,contact@marocamenagement.ma,Actif,7,35
1575,382658500000076,Société Riad de Négoce SNC,SARL,Commerce,TPE,777979.46,3,2018-11-23,Tanger,"Zone Industrielle, N° 418, Route de Sainte Stéphane, Tanger, Maroc",0524131677,contact@societeriaddenegoce2.ma,Actif,7,34
1576,946330579000013,Somaco Câblage SA,SARL,Industrie,Grande Entreprise,309326219.54,1811,2016-04-09,Tanger,"Zone Industrielle, N° 187, Route de Petitjeanboeuf, Tanger, Maroc",0524106319,contact@somacocablage.ma,Actif,7,35
1577,376351483000011,Union Oléicole 1 SNC,SA,Agriculture,PME,94641073.27,164,2015-10-28,Tanger,"Zone Industrielle, N° 229, Route de Torres-les-Bains, Tanger, Maroc",0524571200,contact@unionoleicole1.ma,Actif,7,34
1578,373472436000030,Société Med de Nettoyage 1 SARL,SARL,Services,TPE,3440876.17,6,2019-08-23,Tanger,"Zone Industrielle, N° 186, Route de Camus, Tanger, Maroc",0524455468,contact@societemeddenettoyage1.ma,Actif,7,35
1579,882374165000036,Soma Négoce 2 SARL AU,SARL,Commerce,TPE,477174.76,1,2017-12-27,Tanger,"Zone Industrielle, N° 243, Route de Hamel, Tanger, Maroc",0524236564,contact@somanegoce2.ma,Actif,7,34
1580,751489939000025,Maroc Tech SA,SA,Technologies,TPE,3560216.14,3,2019-06-21,Tanger,"Zone Industrielle, N° 228, Route de Gaillard, Tanger, Maroc",0524613902,contact@maroctech.ma,Actif,7,35
1581,719682691000080,Union Market 1 SARL AU,SARL,Commerce,Grande Entreprise,142643181.75,873,2014-05-27,Tanger,"Zone Industrielle, N° 216, Route de Moreau-sur-Mer, Tanger, Maroc",0524679324,contact@unionmarket11.ma,Actif,7,34
1582,690121043000011,Union Entreprise 2 SARL,SARL,Transport,TPE,1936504.8,2,2010-12-14,Tanger,"Zone Industrielle, N° 416, Route de Petitjean, Tanger, Maroc",0524696261,contact@unionentreprise21.ma,Actif,7,35
1583,915478157000012,Med Distribution SNC,SARL,Commerce,TPE,4898561.78,5,2005-02-15,Tanger,"Zone Industrielle, N° 462, Route de Lecomte, Tanger, Maroc",0524587119,contact@meddistribution2.ma,Actif,7,34
1584,324066914000033,Bouregreg Services SA,SNC,Services,Grande Entreprise,422489371.89,529,2005-01-10,Tanger,"Zone Industrielle, N° 111, Route de Saint Gérard, Tanger, Maroc",0524711637,contact@bouregregservices2.ma,Actif,7,35
1585,576313231000065,Société Chaouia de Entreprise 2 SNC,SNC,Tourisme,TPE,2348306.25,5,2019-03-19,Tanger,"Zone Industrielle, N° 410, Route de Mendès, Tanger, Maroc",0524392172,contact@societechaouiadeentreprise21.ma,Actif,7,34
1586,977916714000080,Société Taza de Plastique SARL,SARL,Industrie,Grande Entreprise,466351916.06,221,2010-06-20,Tanger,"Zone Industrielle, N° 323, Route de Sainte Lucie, Tanger, Maroc",0524863916,contact@societetazadeplastique1.ma,Actif,7,35
1587,714815898000025,Société Marocaine de Export Agri SA,SARL,Agriculture,TPE,3524516.01,4,2020-03-18,Tanger,"Zone Industrielle, N° 91, Route de Pires, Tanger, Maroc",0524191233,contact@societemarocainedeexportagri.ma,Actif,7,34
1588,284302925000068,Soma Négoce 1 SNC,SA,Commerce,PME,26109824.02,176,2019-07-21,Tanger,"Zone Industrielle, N° 431, Route de FerrandVille, Tanger, Maroc",0524447212,contact@somanegoce12.ma,Actif,7,35
1589,642954188000079,Société Med de Conseil SA,SARL,Services,PME,57531652.83,87,2016-01-15,Tanger,"Zone Industrielle, N° 10, Route de Rousseau-sur-Peltier, Tanger, Maroc",0524857896,contact@societemeddeconseil1.ma,Actif,7,34
1590,284423041000086,Atlas Ferme SARL AU,SARL,Agriculture,TPE,4098716.19,7,2005-11-23,Tanger,"Zone Industrielle, N° 299, Route de Saint BenoîtBourg, Tanger, Maroc",0524208299,contact@atlasferme1.ma,Actif,7,35
1591,268445882000054,Union Entreprise 1 SARL AU,SARL,Tourisme,TPE,1012236.77,2,2006-10-08,Tanger,"Zone Industrielle, N° 470, Route de Hebertnec, Tanger, Maroc",0524281773,contact@unionentreprise14.ma,Actif,7,34
1592,163758329000024,Inter Distribution 1 SA,SARL,Commerce,Grande Entreprise,198906475.92,909,2016-11-26,Tanger,"Zone Industrielle, N° 186, Route de Sainte Christelle-les-Bains, Tanger, Maroc",0524447482,contact@interdistribution11.ma,Actif,7,35
1593,307920481000041,Global Nettoyage 1 SARL,SARL,Services,PME,74291613.71,96,2014-12-26,Tanger,"Zone Industrielle, N° 329, Route de Lemonnier, Tanger, Maroc",0524318262,contact@globalnettoyage1.ma,Actif,7,34
1594,678065892000092,Société Taza de Logistique 1 SA,SARL,Services,TPE,894785.91,4,2005-06-19,Tanger,"Zone Industrielle, N° 389, Route de Sainte Astrid, Tanger, Maroc",0524882888,contact@societetazadelogistique11.ma,Actif,7,35
1595,756838508000086,Union Agro 1 SARL,SARL,Agriculture,TPE,718995.47,5,2015-10-13,Tanger,"Zone Industrielle, N° 474, Route de Sainte Laurence-les-Bains, Tanger, Maroc",0524428263,contact@unionagro11.ma,Actif,7,34
1596,170401522000011,Chaouia Distribution SNC,SARL,Commerce,PME,95380990.28,40,2014-10-12,Tanger,"Zone Industrielle, N° 91, Route de DuvalBourg, Tanger, Maroc",0524391352,contact@chaouiadistribution1.ma,Actif,7,35
1597,579252372000019,Saiss Béton SA,EURL,BTP,TPE,3016958.04,5,2008-10-05,Tanger,"Zone Industrielle, N° 212, Route de Noël, Tanger, Maroc",0524289594,contact@saissbeton.ma,Actif,7,34
1598,528038396000042,Global Import-Export 1 SNC,SARL,Commerce,PME,14488083.17,105,2009-11-28,Tanger,"Zone Industrielle, N° 332, Route de Sainte Louis-sur-Mer, Tanger, Maroc",0524633406,contact@globalimportexport11.ma,Actif,7,35
1599,388385251000050,Société Marocaine de Travaux 1 SNC,SARL,BTP,TPE,4496765.6,3,2010-11-24,Tanger,"Zone Industrielle, N° 472, Route de Barbe, Tanger, Maroc",0524658939,contact@societemarocainedetravaux11.ma,Actif,7,34
1600,390882869000036,Inter Wholesale SARL,SARL,Commerce,PME,30695801.01,58,2015-06-01,Tanger,"Zone Industrielle, N° 58, Route de Pelletier, Tanger, Maroc",0524433232,contact@interwholesale3.ma,Actif,7,35
1601,380169662000069,Somaco Béton SARL AU,SNC,BTP,PME,18259531.37,158,2020-10-15,Tanger,"Zone Industrielle, N° 81, Route de Collet-les-Bains, Tanger, Maroc",0524768688,contact@somacobeton.ma,Actif,7,34
1602,852061631000079,Somibat Agrumes SA,SARL,Agriculture,PME,17050731.3,187,2013-11-26,Tanger,"Zone Industrielle, N° 174, Route de Sainte Marc, Tanger, Maroc",0524808214,contact@somibatagrumes.ma,Actif,7,35
1603,990684745000083,Bouregreg Data SARL,SARL,Technologies,PME,61116572.37,198,2006-07-16,Tanger,"Zone Industrielle, N° 205, Route de Rémy-sur-Mer, Tanger, Maroc",0524764846,contact@bouregregdata.ma,Actif,7,34
1604,682936267000095,Maroc Laiterie 1 SNC,SNC,Agriculture,TPE,1123951.04,4,2006-03-11,Tanger,"Zone Industrielle, N° 376, Route de Saint Marguerite, Tanger, Maroc",0524589968,contact@maroclaiterie11.ma,Actif,7,35
1605,284464806000051,Société Riad de Entreprise 4 SARL AU,SA,Tourisme,TPE,2223125.89,1,2021-04-27,Tanger,"Zone Industrielle, N° 287, Route de Saint Victoiredan, Tanger, Maroc",0524874706,contact@societeriaddeentreprise4.ma,Actif,7,34
1606,489137566000049,Compagnie du Import-Export 1 SA,SARL,Commerce,PME,72507138.93,132,2009-11-19,Tanger,"Zone Industrielle, N° 96, Route de Robin, Tanger, Maroc",0524916755,contact@compagnieduimportexport11.ma,Actif,7,35
1607,910655739000023,Union Entreprise 2 SARL AU,SARL,Tourisme,Grande Entreprise,444905414.52,2811,2010-03-06,Tanger,"Zone Industrielle, N° 14, Route de SanchezBourg, Tanger, Maroc",0524467382,contact@unionentreprise22.ma,Actif,7,34
1608,282028295000030,Maghreb Market 2 SARL AU,SARL,Commerce,TPE,1828076.89,7,2013-03-21,Tanger,"Zone Industrielle, N° 56, Route de Weiss, Tanger, Maroc",0524113329,contact@maghrebmarket2.ma,Actif,7,35
1609,576079975000015,Société Atlas de Industrie SA,SARL,Industrie,TPE,1440282.14,5,2018-07-06,Tanger,"Zone Industrielle, N° 365, Route de Pineau, Tanger, Maroc",0524971865,contact@societeatlasdeindustrie1.ma,Actif,7,34
1610,794728043000015,Union Entreprise 3 SARL AU,SARL,Tourisme,TPE,2052659.4,5,2010-02-16,Tanger,"Zone Industrielle, N° 155, Route de Aubry, Tanger, Maroc",0524976561,contact@unionentreprise31.ma,Actif,7,35
1611,272144551000048,Société Chaouia de Trading 1 SARL,SARL,Commerce,TPE,1234836.67,2,2011-09-20,Tanger,"Zone Industrielle, N° 78, Route de GirardBourg, Tanger, Maroc",0524286265,contact@societechaouiadetrading11.ma,Actif,7,34
1612,140020363000051,Société Atlas de Négoce SARL,EURL,Commerce,PME,13896383.97,161,2021-03-15,Tanger,"Zone Industrielle, N° 347, Route de Fournier, Tanger, Maroc",0524609454,contact@societeatlasdenegoce.ma,Actif,7,35
1613,480092351000011,Taza Entreprise SARL,SARL,Transport,TPE,2061143.06,7,2011-12-17,Tanger,"Zone Industrielle, N° 490, Route de Alves, Tanger, Maroc",0524847873,contact@tazaentreprise2.ma,Actif,7,34
1614,312845035000062,Maroc Négoce SARL AU,SA,Commerce,TPE,1695265.67,8,2009-04-22,Tanger,"Zone Industrielle, N° 115, Route de Launay, Tanger, Maroc",0524216731,contact@marocnegoce.ma,Actif,7,35
1615,977383817000046,Sous Logistique SARL,SNC,Services,TPE,3250279.2,5,2008-07-12,Tanger,"Zone Industrielle, N° 470, Route de Saint ClaudeVille, Tanger, Maroc",0524389429,contact@souslogistique1.ma,Actif,7,34
1616,948298033000042,Société Taza de Market SNC,SARL,Commerce,TPE,3769442.42,8,2018-01-14,Tanger,"Zone Industrielle, N° 116, Route de Saint Margaud, Tanger, Maroc",0524826187,contact@societetazademarket2.ma,Actif,7,35
1617,192924475000073,Société Marocaine de Laiterie SNC,SNC,Agriculture,PME,22105771.15,21,2008-09-18,Tanger,"Zone Industrielle, N° 20, Route de Boulanger, Tanger, Maroc",0524562820,contact@societemarocainedelaiterie.ma,Actif,7,34
1618,183504266000073,Soma Conseil SA,SARL,Services,PME,58640033.62,54,2019-05-09,Tanger,"Zone Industrielle, N° 146, Route de Navarro, Tanger, Maroc",0524908971,contact@somaconseil.ma,Actif,7,35
1619,675596715000057,Société Taza de Agrumes SA,SARL,Agriculture,TPE,1416474.36,7,2005-03-12,Tanger,"Zone Industrielle, N° 405, Route de Royer-sur-Peron, Tanger, Maroc",0524407675,contact@societetazadeagrumes.ma,Actif,7,34
1620,167881179000093,Zilis Security SARL,SARL,Services,PME,40957531.0,45,2021-07-24,Tanger,"Zone Industrielle, N° 146, Route de Sainte Sylvieboeuf, Tanger, Maroc",0524840397,contact@zilissecurity1.ma,Actif,7,35
1621,399066226000040,Société Saiss de Négoce SARL AU,SA,Commerce,TPE,4790664.05,6,2013-03-03,Tanger,"Zone Industrielle, N° 381, Route de Noël, Tanger, Maroc",0524509799,contact@societesaissdenegoce.ma,Actif,7,34
1622,427195656000072,Société Bouregreg de Entreprise 2 SARL,SARL,Transport,TPE,2990835.24,1,2007-05-22,Tanger,"Zone Industrielle, N° 35, Route de Alexandredan, Tanger, Maroc",0524548099,contact@societebouregregdeentreprise21.ma,Actif,7,35
1623,502842683000020,Riad Market 1 SA,SARL,Commerce,PME,65333645.93,198,2011-08-02,Tanger,"Zone Industrielle, N° 382, Route de Collin, Tanger, Maroc",0524515424,contact@riadmarket11.ma,Actif,7,34
1624,968802296000018,Med Entreprise 3 SARL AU,SA,Tourisme,TPE,2311724.1,6,2017-04-13,Tanger,"Zone Industrielle, N° 483, Route de De Oliveira-les-Bains, Tanger, Maroc",0524680337,contact@medentreprise31.ma,Actif,7,35
1625,934373594000076,Soma Métal SARL,SARL,Industrie,TPE,1554979.7,2,2010-10-27,Tanger,"Zone Industrielle, N° 15, Route de Saint MartheVille, Tanger, Maroc",0524215339,contact@somametal.ma,Actif,7,34
1626,857941358000041,Euro Travaux SNC,SARL,BTP,TPE,300947.53,8,2018-01-11,Tanger,"Zone Industrielle, N° 126, Route de Duval, Tanger, Maroc",0524138278,contact@eurotravaux.ma,Actif,7,35
1627,852524485000025,Med Wholesale SARL,SARL,Commerce,TPE,4582749.52,9,2011-01-27,Tanger,"Zone Industrielle, N° 251, Route de Maurydan, Tanger, Maroc",0524524203,contact@medwholesale1.ma,Actif,7,34
1628,644458723000065,Société Koutoubia de Conseil SNC,SA,Services,TPE,764632.66,3,2005-09-15,Tanger,"Zone Industrielle, N° 341, Route de Potier-sur-Navarro, Tanger, Maroc",0524632765,contact@societekoutoubiadeconseil.ma,Actif,7,35
1629,847727591000075,Med Travaux SARL,SARL,BTP,TPE,2561668.67,6,2011-05-22,Tanger,"Zone Industrielle, N° 96, Route de Bourdon, Tanger, Maroc",0524952708,contact@medtravaux.ma,Actif,7,34
1630,248230434000027,Inter Export Agri SNC,SARL,Agriculture,PME,87503506.62,138,2005-11-21,Tanger,"Zone Industrielle, N° 302, Route de Merleboeuf, Tanger, Maroc",0524417386,contact@interexportagri1.ma,Actif,7,35
1631,537157837000060,Société Bouregreg de Services SNC,SARL,Services,PME,70974584.8,25,2017-11-24,Tanger,"Zone Industrielle, N° 25, Route de Leroy-sur-Pottier, Tanger, Maroc",0524564290,contact@societebouregregdeservices.ma,Actif,7,34
1632,822525060000082,Société Koutoubia de Services 1 SA,SARL,Services,TPE,4210785.9,2,2010-09-27,Tanger,"Zone Industrielle, N° 51, Route de Guillet, Tanger, Maroc",0524745618,contact@societekoutoubiadeservices1.ma,Actif,7,35
1633,891925106000010,Zilis Import-Export SA,EURL,Commerce,PME,93396429.27,135,2011-04-15,Tanger,"Zone Industrielle, N° 244, Route de Marienec, Tanger, Maroc",0524194830,contact@zilisimportexport1.ma,Actif,7,34
1634,837621161000095,Bahia Construction SA,SARL,BTP,TPE,4129556.81,5,2011-12-23,Tanger,"Zone Industrielle, N° 284, Route de LambertBourg, Tanger, Maroc",0524720084,contact@bahiaconstruction.ma,Actif,7,35
1635,755514857000063,Société Koutoubia de Data SARL AU,SA,Technologies,TPE,4432955.26,4,2008-05-12,Tanger,"Zone Industrielle, N° 299, Route de Bègue, Tanger, Maroc",0524912738,contact@societekoutoubiadedata.ma,Actif,7,34
1636,391579290000039,Société Med de Trading 1 SARL AU,SARL,Commerce,TPE,4970031.13,3,2013-10-17,Tanger,"Zone Industrielle, N° 500, Route de Richard, Tanger, Maroc",0524270295,contact@societemeddetrading11.ma,Actif,7,35
1637,544835436000070,Soma Aménagement SA,SA,BTP,PME,53699820.16,81,2007-08-24,Tanger,"Zone Industrielle, N° 67, Route de Gosselin-sur-Mer, Tanger, Maroc",0524664948,contact@somaamenagement.ma,Actif,7,34
1638,155625244000023,Société Chaouia de Aménagement 1 SARL AU,SARL,BTP,TPE,4644372.81,7,2021-10-28,Tanger,"Zone Industrielle, N° 398, Route de Paul, Tanger, Maroc",0524892309,contact@societechaouiadeamenagement1.ma,Actif,7,35
1639,743254102000029,Atlas Entreprise SARL,SNC,Tourisme,TPE,4269478.98,3,2006-02-16,Tanger,"Zone Industrielle, N° 489, Route de LagardeBourg, Tanger, Maroc",0524157041,contact@atlasentreprise3.ma,Actif,7,34
1640,667678860000031,Compagnie du Entreprise 3 SA,SARL,Tourisme,TPE,1561884.66,8,2007-08-06,Tanger,"Zone Industrielle, N° 86, Route de Peltier-sur-Mer, Tanger, Maroc",0524521644,contact@compagnieduentreprise3.ma,Actif,7,35
1641,258167718000076,Riad Construction SARL AU,SA,BTP,PME,44388813.77,54,2005-11-28,Tanger,"Zone Industrielle, N° 244, Route de Perrotnec, Tanger, Maroc",0524120175,contact@riadconstruction1.ma,Actif,7,34
1642,554173839000085,Société Koutoubia de Digital SA,SARL,Technologies,TPE,2939322.76,6,2007-02-14,Tanger,"Zone Industrielle, N° 11, Route de Pascal, Tanger, Maroc",0524666060,contact@societekoutoubiadedigital.ma,Actif,7,35
1643,357813723000089,Taza Entreprise 1 SA,SARL,Transport,PME,73327073.02,108,2006-09-05,Tanger,"Zone Industrielle, N° 18, Route de Vincent-sur-Dubois, Tanger, Maroc",0524981508,contact@tazaentreprise11.ma,Actif,7,34
1644,297440102000092,Euro Entreprise SNC,SARL,Éducation,TPE,378411.08,3,2015-10-13,Tanger,"Zone Industrielle, N° 343, Route de Bodin, Tanger, Maroc",0524760827,contact@euroentreprise3.ma,Actif,7,35
1645,501509647000037,Somaco Entreprise SARL,SA,Tourisme,TPE,4991767.13,8,2009-05-06,Tanger,"Zone Industrielle, N° 458, Route de Costa-les-Bains, Tanger, Maroc",0524789574,contact@somacoentreprise3.ma,Actif,7,34
1646,534939579000017,Société Marocaine de Soft SA,SARL,Technologies,TPE,190980.05,2,2010-09-09,Tanger,"Zone Industrielle, N° 241, Route de Sainte Tristan-sur-Mer, Tanger, Maroc",0524697558,contact@societemarocainedesoft.ma,Actif,7,35
1647,849902580000064,Global Import-Export 1 SARL AU,SARL,Commerce,TPE,1945940.38,8,2014-01-12,Tanger,"Zone Industrielle, N° 123, Route de Lopes, Tanger, Maroc",0524472097,contact@globalimportexport12.ma,Actif,7,34
1648,647630660000079,Koutoubia Agro 1 SARL AU,EURL,Agriculture,TPE,3794106.24,9,2017-12-09,Tanger,"Zone Industrielle, N° 459, Route de Saint Emmanuelle, Tanger, Maroc",0524981223,contact@koutoubiaagro1.ma,Actif,7,35
1649,347842250000064,Société Saiss de Entreprise SA,SNC,Éducation,TPE,1826163.04,8,2017-07-05,Tanger,"Zone Industrielle, N° 75, Route de Antoine-sur-Mer, Tanger, Maroc",0524307183,contact@societesaissdeentreprise4.ma,Actif,7,34
1650,815731734000032,Bahia Bâtiment SNC,SARL,BTP,TPE,2075837.56,8,2014-10-27,Tanger,"Zone Industrielle, N° 476, Route de Sainte Capucinedan, Tanger, Maroc",0524608141,contact@bahiabatiment.ma,Actif,7,35
1651,178030378000068,Soma Négoce 2 SNC,SARL,Commerce,TPE,347438.82,5,2009-01-13,Tanger,"Zone Industrielle, N° 213, Route de Sainte Carolineboeuf, Tanger, Maroc",0524537206,contact@somanegoce21.ma,Actif,7,34
1652,888143695000080,Bahia Market SARL AU,SNC,Commerce,Grande Entreprise,327678381.16,1871,2009-10-24,Tanger,"Zone Industrielle, N° 415, Route de Sainte NoémiVille, Tanger, Maroc",0524732503,contact@bahiamarket.ma,Actif,7,35
1653,938580505000065,Société Riad de Oléicole 1 SNC,SA,Agriculture,TPE,1671019.7,9,2019-10-06,Tanger,"Zone Industrielle, N° 479, Route de Sainte AntoinetteVille, Tanger, Maroc",0524490247,contact@societeriaddeoleicole1.ma,Actif,7,34
1654,666807042000034,Société Bouregreg de Plastique 2 SARL,SNC,Industrie,TPE,694948.42,5,2012-02-11,Tanger,"Zone Industrielle, N° 318, Route de DiasVille, Tanger, Maroc",0524309864,contact@societebouregregdeplastique2.ma,Actif,7,35
1655,849896081000069,Somaco Entreprise 2 SNC,SNC,Éducation,Grande Entreprise,339796230.45,833,2014-05-02,Tanger,"Zone Industrielle, N° 347, Route de Sainte Danielle-sur-Mer, Tanger, Maroc",0524784061,contact@somacoentreprise22.ma,Actif,7,34
1656,333782758000048,Zilis Export Agri SARL,SA,Agriculture,Grande Entreprise,158717640.76,2726,2006-05-24,Tanger,"Zone Industrielle, N° 46, Route de Leblancboeuf, Tanger, Maroc",0524691420,contact@zilisexportagri1.ma,Actif,7,35
1657,512042451000048,Somaco Nettoyage SNC,SARL,Services,TPE,1100213.7,8,2018-11-11,Tanger,"Zone Industrielle, N° 353, Route de Saint Camille, Tanger, Maroc",0524973278,contact@somaconettoyage2.ma,Actif,7,34
1658,992978282000039,Bahia Holding SARL,SARL,Services,TPE,3950931.11,3,2006-09-06,Tanger,"Zone Industrielle, N° 182, Route de Rémydan, Tanger, Maroc",0524344876,contact@bahiaholding3.ma,Actif,7,35
1659,685402998000014,Société Sous de Nettoyage 1 SARL,SNC,Services,TPE,4669191.48,7,2017-03-19,Tanger,"Zone Industrielle, N° 407, Route de Auger, Tanger, Maroc",0524967469,contact@societesousdenettoyage11.ma,Actif,7,34
1660,207915391000077,Société Marocaine de Câblage 1 SARL,SARL,Industrie,PME,86444118.02,112,2005-08-20,Tanger,"Zone Industrielle, N° 219, Route de NoëlBourg, Tanger, Maroc",0524528334,contact@societemarocainedecablage1.ma,Actif,7,35
1661,275413762000050,Euro Trading 1 SARL AU,SA,Commerce,TPE,1732707.09,8,2014-08-09,Tanger,"Zone Industrielle, N° 373, Route de Bernard, Tanger, Maroc",0524226370,contact@eurotrading12.ma,Actif,7,34
1662,178677986000073,Maroc Industrie SARL AU,SARL,Industrie,TPE,455458.77,4,2020-08-07,Tanger,"Zone Industrielle, N° 96, Route de Monnier, Tanger, Maroc",0524773567,contact@marocindustrie1.ma,Actif,7,35
1663,307636150000036,Soma Holding SA,SARL,Services,Grande Entreprise,239844742.6,1124,2007-10-07,Tanger,"Zone Industrielle, N° 257, Route de Lévy, Tanger, Maroc",0524640683,contact@somaholding1.ma,Actif,7,34
1664,576667771000078,Med Laiterie SARL AU,SARL,Agriculture,TPE,1030398.79,3,2005-05-16,Tanger,"Zone Industrielle, N° 23, Route de BessonBourg, Tanger, Maroc",0524552200,contact@medlaiterie.ma,Actif,7,35
1665,838800041000081,Société Marocaine de Security SARL,SARL,Services,TPE,730486.9,4,2007-08-21,Tanger,"Zone Industrielle, N° 480, Route de Saint Clémence, Tanger, Maroc",0524135773,contact@societemarocainedesecurity3.ma,Actif,7,34
1666,374655886000014,Société Maghreb de Textile 1 SA,SARL,Industrie,PME,97623882.77,32,2007-05-12,Tanger,"Zone Industrielle, N° 108, Route de Wagner, Tanger, Maroc",0524502156,contact@societemaghrebdetextile1.ma,Actif,7,35
1667,391250870000089,Riad Câblage 1 SARL AU,SARL,Industrie,PME,11970583.07,100,2008-06-27,Tanger,"Zone Industrielle, N° 143, Route de Gautier-la-Forêt, Tanger, Maroc",0524573842,contact@riadcablage11.ma,Actif,7,34
1668,989997332000011,Société Med de Web SARL,SARL,Technologies,TPE,1892152.52,2,2006-05-01,Tanger,"Zone Industrielle, N° 135, Route de Pierre-sur-Roche, Tanger, Maroc",0524716386,contact@societemeddeweb.ma,Actif,7,35
1669,125913302000097,Afric Market SARL AU,SNC,Commerce,PME,35298655.7,89,2009-03-03,Tanger,"Zone Industrielle, N° 286, Route de Sainte Martindan, Tanger, Maroc",0524943340,contact@africmarket3.ma,Actif,7,34
1670,898588119000012,Compagnie du Laiterie SARL,SNC,Agriculture,TPE,1974832.9,3,2017-11-09,Tanger,"Zone Industrielle, N° 365, Route de Auger, Tanger, Maroc",0524758864,contact@compagniedulaiterie1.ma,Actif,7,35
1671,744581339000036,Union Wholesale SARL AU,SARL,Commerce,PME,55746929.13,13,2017-05-23,Tanger,"Zone Industrielle, N° 373, Route de Nicolas, Tanger, Maroc",0524558573,contact@unionwholesale3.ma,Actif,7,34
1672,640239828000074,Somaco Ferme SA,SARL,Agriculture,PME,73625616.49,97,2019-05-09,Tanger,"Zone Industrielle, N° 20, Route de LambertBourg, Tanger, Maroc",0524991294,contact@somacoferme1.ma,Actif,7,35
1673,680734759000098,Union Manufacture 1 SNC,SARL,Industrie,Grande Entreprise,404834844.97,1969,2008-10-23,Tanger,"Zone Industrielle, N° 57, Route de Albert-les-Bains, Tanger, Maroc",0524745014,contact@unionmanufacture11.ma,Actif,7,34
1674,463465209000081,Société Maghreb de Négoce SA,SARL,Commerce,PME,98012746.62,66,2008-06-18,Tanger,"Zone Industrielle, N° 293, Route de ThomasVille, Tanger, Maroc",0524389068,contact@societemaghrebdenegoce3.ma,Actif,7,35
1675,270652170000028,Union Wholesale 1 SARL,SARL,Commerce,TPE,898745.93,7,2014-08-26,Tanger,"Zone Industrielle, N° 354, Route de Lesagedan, Tanger, Maroc",0524816957,contact@unionwholesale11.ma,Actif,7,34
1676,948212383000017,Sous Construction SNC,SA,BTP,TPE,1206862.42,8,2014-08-24,Tanger,"Zone Industrielle, N° 500, Route de Valette-les-Bains, Tanger, Maroc",0524832140,contact@sousconstruction1.ma,Actif,7,35
1677,361865086000083,Société Marocaine de Agro 1 SA,SARL,Agriculture,PME,69495129.36,183,2007-10-19,Tanger,"Zone Industrielle, N° 383, Route de Giraud-sur-Foucher, Tanger, Maroc",0524455423,contact@societemarocainedeagro1.ma,Actif,7,34
1678,248034524000059,Global Ferme 1 SNC,SARL,Agriculture,TPE,4394356.2,8,2017-01-12,Tanger,"Zone Industrielle, N° 16, Route de Duval, Tanger, Maroc",0524343363,contact@globalferme1.ma,Actif,7,35
1679,972523555000016,Société Med de Distribution SNC,SARL,Commerce,TPE,2719640.79,1,2017-09-13,Tanger,"Zone Industrielle, N° 179, Route de Descampsboeuf, Tanger, Maroc",0524150770,contact@societemeddedistribution4.ma,Actif,7,34
1680,999172542000011,Atlas Trading 2 SARL,SA,Commerce,TPE,303496.79,7,2007-11-21,Tanger,"Zone Industrielle, N° 146, Route de Jacobnec, Tanger, Maroc",0524549770,contact@atlastrading21.ma,Actif,7,35
1681,245229612000012,Société Maroc de Entreprise 2 SARL,SARL,Transport,PME,60837992.96,12,2012-11-01,Tanger,"Zone Industrielle, N° 196, Route de Jacquot-sur-Ledoux, Tanger, Maroc",0524250116,contact@societemarocdeentreprise21.ma,Actif,7,34
1682,797145408000033,Bahia Négoce SNC,SA,Commerce,PME,37201809.47,186,2016-04-28,Tanger,"Zone Industrielle, N° 304, Route de Paris, Tanger, Maroc",0524217559,contact@bahianegoce1.ma,Actif,7,35
1683,971148490000044,Soma Génie Civil SNC,SARL,BTP,Grande Entreprise,116664010.43,2752,2020-05-22,Tanger,"Zone Industrielle, N° 141, Route de Le Goff-la-Forêt, Tanger, Maroc",0524437306,contact@somageniecivil2.ma,Actif,7,34
1684,233525943000081,Société Riad de Market SARL AU,SARL,Commerce,Grande Entreprise,336214339.59,761,2014-06-08,Tanger,"Zone Industrielle, N° 56, Route de Lucas-les-Bains, Tanger, Maroc",0524638752,contact@societeriaddemarket.ma,Actif,7,35
1685,280253318000086,Société Saiss de Textile SARL AU,SARL,Industrie,TPE,2849193.04,9,2014-06-13,Tanger,"Zone Industrielle, N° 90, Route de Marion-la-Forêt, Tanger, Maroc",0524525873,contact@societesaissdetextile2.ma,Actif,7,34
1686,970654370000063,Inter Câblage SNC,SARL,Industrie,PME,40244494.67,41,2005-04-26,Tanger,"Zone Industrielle, N° 62, Route de Bouvier-sur-Mer, Tanger, Maroc",0524528226,contact@intercablage.ma,Actif,7,35
1687,479373882000018,Med Wholesale 1 SARL,SARL,Commerce,PME,34411707.64,118,2018-07-01,Tanger,"Zone Industrielle, N° 110, Route de Lacroix, Tanger, Maroc",0524237449,contact@medwholesale11.ma,Actif,7,34
1688,439338270000064,Société Atlas de Services 1 SA,SARL,Services,TPE,1889313.04,2,2007-07-16,Tanger,"Zone Industrielle, N° 58, Route de Delannoy-sur-Charpentier, Tanger, Maroc",0524948259,contact@societeatlasdeservices11.ma,Actif,7,35
1689,160789252000058,Sous Services SA,SARL,Services,TPE,2680140.59,1,2015-05-15,Tanger,"Zone Industrielle, N° 145, Route de Maillet, Tanger, Maroc",0524694718,contact@sousservices2.ma,Actif,7,34
1690,914402326000092,Société Med de Market SARL AU,SARL,Commerce,Grande Entreprise,392769169.05,1696,2019-02-19,Tanger,"Zone Industrielle, N° 50, Route de Lacombe, Tanger, Maroc",0524871059,contact@societemeddemarket1.ma,Actif,7,35
1691,309173804000051,Société Taza de Nettoyage 1 SARL AU,SARL,Services,Grande Entreprise,354890005.52,2377,2015-07-04,Tanger,"Zone Industrielle, N° 130, Route de Gaudin, Tanger, Maroc",0524680626,contact@societetazadenettoyage11.ma,Actif,7,34
1692,901110220000098,Riad Bâtiment SNC,SARL,BTP,PME,52015134.54,170,2019-01-25,Tanger,"Zone Industrielle, N° 134, Route de Lemonnierboeuf, Tanger, Maroc",0524294757,contact@riadbatiment2.ma,Actif,7,35
1693,359733321000037,Somibat Textile SA,SARL,Industrie,TPE,2422834.22,2,2005-10-12,Tanger,"Zone Industrielle, N° 260, Route de Sainte Gabrielledan, Tanger, Maroc",0524553495,contact@somibattextile.ma,Actif,7,34
1694,243206452000051,Union Négoce SA,SARL,Commerce,TPE,4105160.6,8,2006-03-28,Tanger,"Zone Industrielle, N° 481, Route de Masse-sur-Martineau, Tanger, Maroc",0524687906,contact@unionnegoce1.ma,Actif,7,35
1695,354215988000089,Bahia Web SNC,SARL,Technologies,TPE,902941.52,7,2010-05-06,Tanger,"Zone Industrielle, N° 252, Route de Parent-la-Forêt, Tanger, Maroc",0524560635,contact@bahiaweb.ma,Actif,7,34
1696,100142802000018,Soma Entreprise 3 SA,SA,Transport,Grande Entreprise,163781461.79,2391,2005-10-04,Tanger,"Zone Industrielle, N° 362, Route de RichardBourg, Tanger, Maroc",0524363572,contact@somaentreprise3.ma,Actif,7,35
1697,752950895000011,Afric Plastique 1 SARL AU,SARL,Industrie,TPE,1025604.47,3,2007-10-19,Tanger,"Zone Industrielle, N° 86, Route de Sainte William, Tanger, Maroc",0524650786,contact@africplastique11.ma,Actif,7,34
1698,710308420000098,Zilis Entreprise 1 SARL AU,SARL,Transport,PME,50910783.72,92,2017-01-15,Tanger,"Zone Industrielle, N° 233, Route de Saint Luc, Tanger, Maroc",0524439327,contact@zilisentreprise12.ma,Actif,7,35
1699,297896047000065,Somaco Telecom SARL,SA,Technologies,PME,11596804.37,151,2014-04-07,Tanger,"Zone Industrielle, N° 89, Route de Hamel, Tanger, Maroc",0524806147,contact@somacotelecom.ma,Actif,7,34
1700,136260167000060,Med Entreprise 3 SNC,SARL,Tourisme,Grande Entreprise,389882537.06,816,2007-07-24,Tanger,"Zone Industrielle, N° 368, Route de Renault, Tanger, Maroc",0524630822,contact@medentreprise32.ma,Actif,7,35
1701,759666896000050,Afric Market 1 SNC,SARL,Commerce,TPE,1563815.0,8,2012-07-26,Tanger,"Zone Industrielle, N° 181, Route de Rodrigues, Tanger, Maroc",0524136231,contact@africmarket12.ma,Actif,7,34
1702,632639286000044,Somaco Wholesale 1 SARL AU,SARL,Commerce,TPE,2566774.47,5,2014-12-02,Tanger,"Zone Industrielle, N° 469, Route de Sainte Lucas, Tanger, Maroc",0524238701,contact@somacowholesale1.ma,Actif,7,35
1703,561386776000030,Société Maghreb de Métal SARL AU,SARL,Industrie,TPE,3275218.44,7,2009-06-19,Tanger,"Zone Industrielle, N° 441, Route de Davidboeuf, Tanger, Maroc",0524102537,contact@societemaghrebdemetal2.ma,Actif,7,34
1704,715980553000067,Société Bouregreg de Négoce 1 SARL AU,SNC,Commerce,TPE,296048.12,7,2013-07-24,Tanger,"Zone Industrielle, N° 154, Route de Henry-sur-Mer, Tanger, Maroc",0524174421,contact@societebouregregdenegoce11.ma,Actif,7,35
1705,742894425000074,Société Zilis de Market 1 SA,SA,Commerce,TPE,3015561.78,4,2013-10-26,Tanger,"Zone Industrielle, N° 141, Route de Perrier-sur-Mer, Tanger, Maroc",0524181145,contact@societezilisdemarket12.ma,Actif,7,34
1706,568708283000047,Bahia Export Agri SARL,SA,Agriculture,TPE,2987458.82,6,2011-03-27,Tanger,"Zone Industrielle, N° 406, Route de Grenier-la-Forêt, Tanger, Maroc",0524537199,contact@bahiaexportagri.ma,Actif,7,35
1707,761336752000046,Maroc Entreprise 1 SARL AU,SARL,Santé,TPE,745761.56,4,2007-11-28,Tanger,"Zone Industrielle, N° 178, Route de Sainte Amélie, Tanger, Maroc",0524209397,contact@marocentreprise12.ma,Actif,7,34
1708,670215471000048,Société Marocaine de Négoce SARL,SA,Commerce,PME,37246252.61,74,2010-03-07,Tanger,"Zone Industrielle, N° 312, Route de Pottierboeuf, Tanger, Maroc",0524956288,contact@societemarocainedenegoce.ma,Actif,7,35
1709,638145408000077,Société Med de Wholesale SNC,SARL,Commerce,Grande Entreprise,220068485.06,2809,2020-02-28,Tanger,"Zone Industrielle, N° 406, Route de VincentVille, Tanger, Maroc",0524638330,contact@societemeddewholesale.ma,Actif,7,34
1710,512767481000099,Inter Câblage 1 SNC,SARL,Industrie,TPE,4829435.86,4,2014-02-13,Tanger,"Zone Industrielle, N° 35, Route de Renaud, Tanger, Maroc",0524647520,contact@intercablage1.ma,Actif,7,35
1711,448501479000075,Sous Métal SARL AU,SA,Industrie,TPE,3683307.71,5,2013-07-01,Tanger,"Zone Industrielle, N° 357, Route de Valette-sur-Pichon, Tanger, Maroc",0524889617,contact@sousmetal.ma,Actif,7,34
1712,228129824000016,Compagnie du Manufacture SNC,EURL,Industrie,TPE,2274731.64,5,2019-03-07,Tanger,"Zone Industrielle, N° 421, Route de Couturier, Tanger, Maroc",0524514157,contact@compagniedumanufacture1.ma,Actif,7,35
1713,834851529000074,Maghreb Services SNC,SARL,Services,PME,10638627.56,46,2015-06-11,Tanger,"Zone Industrielle, N° 240, Route de Faivre, Tanger, Maroc",0524868034,contact@maghrebservices.ma,Actif,7,34
1714,562732680000045,Saiss Construction SNC,SNC,BTP,TPE,1461136.96,8,2016-02-06,Tanger,"Zone Industrielle, N° 250, Route de Morvan-sur-Rousset, Tanger, Maroc",0524367141,contact@saissconstruction2.ma,Actif,7,35
1715,374184267000051,Société Maghreb de Conseil 1 SNC,SA,Services,TPE,356285.27,9,2016-02-14,Tanger,"Zone Industrielle, N° 190, Route de Pierre-sur-Diallo, Tanger, Maroc",0524501200,contact@societemaghrebdeconseil1.ma,Actif,7,34
1716,316591427000035,Compagnie du Entreprise 2 SARL AU,SNC,Transport,TPE,958112.95,5,2005-03-26,Tanger,"Zone Industrielle, N° 436, Route de Cousin, Tanger, Maroc",0524989223,contact@compagnieduentreprise22.ma,Actif,7,35
1717,148943157000089,Med Distribution SA,SA,Commerce,TPE,4569531.79,7,2019-01-08,Tanger,"Zone Industrielle, N° 109, Route de SchmittBourg, Tanger, Maroc",0524528038,contact@meddistribution3.ma,Actif,7,34
1718,890149939000078,Soma Entreprise SNC,SA,Tourisme,TPE,4689387.98,3,2015-12-02,Tanger,"Zone Industrielle, N° 323, Route de Giraud, Tanger, Maroc",0524666815,contact@somaentreprise4.ma,Actif,7,35
1719,610704245000086,Koutoubia Agrumes SA,SARL,Agriculture,TPE,4917284.42,5,2018-11-03,Tanger,"Zone Industrielle, N° 320, Route de Mathieunec, Tanger, Maroc",0524963683,contact@koutoubiaagrumes.ma,Actif,7,34
1720,665461184000011,Maghreb Market 3 SARL AU,SARL,Commerce,TPE,4238705.3,8,2011-06-13,Tanger,"Zone Industrielle, N° 148, Route de Sainte Roger, Tanger, Maroc",0524738994,contact@maghrebmarket3.ma,Actif,7,35
1721,786290977000038,Société Med de Import-Export 1 SNC,EURL,Commerce,TPE,4580427.53,8,2005-10-11,Oujda,"Zone Industrielle, N° 337, Route de Aubry-les-Bains, Oujda, Maroc",0524622469,contact@societemeddeimportexport1.ma,Actif,8,38
1722,968380318000015,Global Industrie SARL,SARL,Industrie,PME,69298905.33,96,2013-05-05,Oujda,"Zone Industrielle, N° 456, Route de Mary, Oujda, Maroc",0524782280,contact@globalindustrie2.ma,Actif,8,39
1723,264889013000015,Riad Entreprise SA,SARL,Tourisme,PME,97097456.03,100,2005-08-07,Oujda,"Zone Industrielle, N° 169, Route de Thomas, Oujda, Maroc",0524985400,contact@riadentreprise3.ma,Actif,8,38
1724,651350641000064,Riad Génie Civil SNC,SARL,BTP,TPE,2861254.74,8,2016-02-22,Oujda,"Zone Industrielle, N° 44, Route de Turpin, Oujda, Maroc",0524423761,contact@riadgeniecivil1.ma,Actif,8,39
1725,658345447000060,Somaco Textile SA,SARL,Industrie,PME,99375832.58,185,2009-10-11,Oujda,"Zone Industrielle, N° 338, Route de Fournier, Oujda, Maroc",0524924922,contact@somacotextile1.ma,Actif,8,38
1726,487185405000080,Afric Wholesale SNC,SA,Commerce,PME,81568186.02,80,2010-07-01,Oujda,"Zone Industrielle, N° 339, Route de Breton, Oujda, Maroc",0524872620,contact@africwholesale1.ma,Actif,8,39
1727,532562399000033,Sous Market SNC,SARL,Commerce,TPE,3151281.82,5,2019-04-23,Oujda,"Zone Industrielle, N° 206, Route de Roux-sur-Becker, Oujda, Maroc",0524102608,contact@sousmarket2.ma,Actif,8,38
1728,509616187000056,Maroc Entreprise 2 SARL,SARL,Tourisme,PME,25295461.14,174,2021-03-10,Oujda,"Zone Industrielle, N° 85, Route de Peltier-sur-Hernandez, Oujda, Maroc",0524916777,contact@marocentreprise21.ma,Actif,8,39
1729,583516652000089,Maghreb Travaux 1 SARL,SARL,BTP,PME,58497010.36,116,2009-04-21,Oujda,"Zone Industrielle, N° 70, Route de Baudryboeuf, Oujda, Maroc",0524596770,contact@maghrebtravaux1.ma,Actif,8,38
1730,958406338000079,Koutoubia Entreprise 1 SA,SARL,Tourisme,TPE,2938430.44,3,2018-06-27,Oujda,"Zone Industrielle, N° 456, Route de Sainte Édith-sur-Mer, Oujda, Maroc",0524385980,contact@koutoubiaentreprise12.ma,Actif,8,39
1731,633004989000050,Med Entreprise 4 SARL AU,SA,Tourisme,PME,47561994.53,181,2007-11-26,Oujda,"Zone Industrielle, N° 225, Route de Dijoux, Oujda, Maroc",0524566794,contact@medentreprise41.ma,Actif,8,38
1732,630549257000087,Zilis Entreprise 2 SARL,SARL,Éducation,TPE,3007407.25,2,2007-06-19,Oujda,"Zone Industrielle, N° 174, Route de Saint Arnaudenec, Oujda, Maroc",0524167949,contact@zilisentreprise21.ma,Actif,8,39
1733,320506867000077,Global Textile SNC,SARL,Industrie,TPE,2947051.34,6,2013-09-17,Oujda,"Zone Industrielle, N° 220, Route de Sainte Matthieu-sur-Mer, Oujda, Maroc",0524564827,contact@globaltextile3.ma,Actif,8,38
1734,817152257000087,Soma Travaux SNC,SARL,BTP,TPE,862217.54,1,2008-03-04,Oujda,"Zone Industrielle, N° 412, Route de Rémy, Oujda, Maroc",0524762277,contact@somatravaux.ma,Actif,8,39
1735,941961746000022,Union Câblage 1 SARL,SA,Industrie,TPE,4263650.54,2,2021-11-13,Oujda,"Zone Industrielle, N° 345, Route de Cousin, Oujda, Maroc",0524988494,contact@unioncablage1.ma,Actif,8,38
1736,241685787000038,Global Génie Civil SNC,SA,BTP,TPE,755693.99,1,2006-02-02,Oujda,"Zone Industrielle, N° 310, Route de Chrétien, Oujda, Maroc",0524576768,contact@globalgeniecivil.ma,Actif,8,39
1737,587609156000015,Euro Wholesale 1 SA,SARL,Commerce,TPE,818999.39,9,2018-11-10,Oujda,"Zone Industrielle, N° 471, Route de Laporte-sur-Ollivier, Oujda, Maroc",0524736980,contact@eurowholesale11.ma,Actif,8,38
1738,578986627000011,Société Bahia de Métal SNC,SNC,Industrie,TPE,1649295.83,7,2012-04-11,Oujda,"Zone Industrielle, N° 363, Route de ChrétienVille, Oujda, Maroc",0524471524,contact@societebahiademetal3.ma,Actif,8,39
1739,924238313000050,Société Chaouia de Distribution SA,SARL,Commerce,PME,47014622.74,199,2015-11-02,Oujda,"Zone Industrielle, N° 442, Route de Sainte Caroline-sur-Mer, Oujda, Maroc",0524814442,contact@societechaouiadedistribution3.ma,Actif,8,38
1740,400815959000043,Société Med de Market SARL,SARL,Commerce,TPE,4534834.64,6,2012-09-09,Oujda,"Zone Industrielle, N° 430, Route de Loiseau-sur-Berger, Oujda, Maroc",0524845441,contact@societemeddemarket2.ma,Actif,8,39
1741,908036622000029,Euro Industrie 1 SARL,SARL,Industrie,TPE,1901457.99,9,2020-01-21,Oujda,"Zone Industrielle, N° 62, Route de Sainte Alex, Oujda, Maroc",0524835639,contact@euroindustrie1.ma,Actif,8,38
1742,140237920000084,Riad Entreprise 1 SA,SARL,Transport,Grande Entreprise,491110755.94,1521,2017-09-20,Oujda,"Zone Industrielle, N° 390, Route de Sainte Pierre-la-Forêt, Oujda, Maroc",0524178273,contact@riadentreprise12.ma,Actif,8,39
1743,382828526000062,Afric Aménagement SARL,EURL,BTP,PME,88442437.07,125,2013-06-14,Oujda,"Zone Industrielle, N° 159, Route de Sainte Denise, Oujda, Maroc",0524637267,contact@africamenagement4.ma,Actif,8,38
1744,244646506000088,Zilis Négoce SA,EURL,Commerce,Grande Entreprise,329801991.02,1401,2005-02-14,Oujda,"Zone Industrielle, N° 490, Route de Cohendan, Oujda, Maroc",0524328515,contact@zilisnegoce1.ma,Actif,8,39
1745,855163491000095,Inter Textile 2 SA,SNC,Industrie,TPE,1171285.97,8,2016-08-23,Oujda,"Zone Industrielle, N° 317, Route de Sainte Manon, Oujda, Maroc",0524267947,contact@intertextile2.ma,Actif,8,38
1746,857225039000094,Société Atlas de Manufacture SA,SARL,Industrie,TPE,2251993.01,2,2007-06-18,Oujda,"Zone Industrielle, N° 481, Route de Lebrun, Oujda, Maroc",0524486178,contact@societeatlasdemanufacture1.ma,Actif,8,39
1747,365685514000084,Global Wholesale 1 SARL AU,SARL,Commerce,TPE,902019.34,4,2016-11-24,Oujda,"Zone Industrielle, N° 285, Route de PerezBourg, Oujda, Maroc",0524366641,contact@globalwholesale1.ma,Actif,8,38
1748,470845636000090,Bouregreg Entreprise SARL AU,SA,Tourisme,TPE,2006399.8,8,2013-07-06,Oujda,"Zone Industrielle, N° 72, Route de Leleu, Oujda, Maroc",0524862477,contact@bouregregentreprise3.ma,Actif,8,39
1749,273475833000031,Zilis Market 2 SNC,SARL,Commerce,PME,56753088.14,176,2007-08-01,Oujda,"Zone Industrielle, N° 16, Route de JoubertVille, Oujda, Maroc",0524453024,contact@zilismarket21.ma,Actif,8,38
1750,850599733000017,Société Sous de Industrie SARL,SARL,Industrie,TPE,3355581.42,7,2014-05-22,Oujda,"Zone Industrielle, N° 207, Route de Saint Marguerite-sur-Mer, Oujda, Maroc",0524602805,contact@societesousdeindustrie1.ma,Actif,8,39
1751,234620311000078,Sous Distribution SNC,SA,Commerce,PME,29238826.39,153,2009-10-26,Oujda,"Zone Industrielle, N° 450, Route de Duval-sur-Mer, Oujda, Maroc",0524853890,contact@sousdistribution1.ma,Actif,8,38
1752,512822406000033,Global Entreprise 3 SARL,EURL,Santé,TPE,3355745.79,4,2005-10-24,Oujda,"Zone Industrielle, N° 309, Route de Boutinnec, Oujda, Maroc",0524777180,contact@globalentreprise3.ma,Actif,8,39
1753,249840510000050,Union Holding SNC,SARL,Services,TPE,4464389.33,7,2018-07-14,Oujda,"Zone Industrielle, N° 10, Route de Saint Andrédan, Oujda, Maroc",0524181746,contact@unionholding2.ma,Actif,8,38
1754,142539324000019,Soma Trading 2 SARL,SA,Commerce,PME,91950707.57,81,2012-05-20,Oujda,"Zone Industrielle, N° 288, Route de Morel, Oujda, Maroc",0524716964,contact@somatrading21.ma,Actif,8,39
1755,177488529000051,Med Entreprise 1 SA,SARL,Santé,PME,24831893.4,122,2005-02-16,Oujda,"Zone Industrielle, N° 324, Route de Saint Bernard-les-Bains, Oujda, Maroc",0524574312,contact@medentreprise13.ma,Actif,8,38
1756,524614310000056,Union Trading SARL AU,SARL,Commerce,TPE,1591702.52,7,2016-02-15,Oujda,"Zone Industrielle, N° 445, Route de Pascal, Oujda, Maroc",0524418814,contact@uniontrading3.ma,Actif,8,39
1757,727662783000055,Société Taza de Ferme 1 SARL,SARL,Agriculture,TPE,1605132.48,7,2009-07-07,Oujda,"Zone Industrielle, N° 300, Route de Saint Raymondnec, Oujda, Maroc",0524169713,contact@societetazadeferme1.ma,Actif,8,38
1758,382080773000021,Société Bouregreg de Travaux 1 SARL AU,SARL,BTP,PME,66070356.42,166,2020-11-15,Oujda,"Zone Industrielle, N° 445, Route de Lebretonnec, Oujda, Maroc",0524493875,contact@societebouregregdetravaux11.ma,Actif,8,39
1759,993077760000044,Soma Telecom SARL AU,SA,Technologies,TPE,320407.86,4,2015-02-24,Oujda,"Zone Industrielle, N° 116, Route de GomesVille, Oujda, Maroc",0524857078,contact@somatelecom.ma,Actif,8,38
1760,910705458000040,Maghreb Entreprise 1 SNC,SARL,Tourisme,PME,92909161.71,75,2012-10-01,Oujda,"Zone Industrielle, N° 250, Route de MailletBourg, Oujda, Maroc",0524415296,contact@maghrebentreprise12.ma,Actif,8,39
1761,379939915000099,Koutoubia Security SARL,SARL,Services,Grande Entreprise,126441872.87,1679,2011-03-12,Oujda,"Zone Industrielle, N° 68, Route de RobertBourg, Oujda, Maroc",0524197302,contact@koutoubiasecurity2.ma,Actif,8,38
1762,406461916000041,Somibat Manufacture SARL AU,SNC,Industrie,PME,48508901.56,142,2005-05-01,Oujda,"Zone Industrielle, N° 174, Route de Lambert-sur-Bonnin, Oujda, Maroc",0524711490,contact@somibatmanufacture.ma,Actif,8,39
1763,615850547000041,Compagnie du Import-Export 2 SA,SARL,Commerce,TPE,3288094.3,7,2006-02-24,Oujda,"Zone Industrielle, N° 284, Route de Sainte ConstanceBourg, Oujda, Maroc",0524830553,contact@compagnieduimportexport2.ma,Actif,8,38
1764,959195052000011,Chaouia Security SARL,SARL,Services,TPE,1110039.09,2,2018-03-21,Oujda,"Zone Industrielle, N° 493, Route de Torres, Oujda, Maroc",0524208931,contact@chaouiasecurity1.ma,Actif,8,39
1765,917102595000068,Société Koutoubia de Métal SARL,SARL,Industrie,TPE,2787666.37,9,2015-07-10,Oujda,"Zone Industrielle, N° 179, Route de Seguin, Oujda, Maroc",0524235134,contact@societekoutoubiademetal2.ma,Actif,8,38
1766,382692545000032,Global Béton SARL,SA,BTP,PME,43621884.29,150,2012-12-03,Oujda,"Zone Industrielle, N° 492, Route de Sainte Paulettedan, Oujda, Maroc",0524490371,contact@globalbeton.ma,Actif,8,39
1767,459850837000099,Somaco Trading SA,EURL,Commerce,PME,23636713.63,113,2018-06-21,Oujda,"Zone Industrielle, N° 492, Route de DelaunayVille, Oujda, Maroc",0524824967,contact@somacotrading3.ma,Actif,8,38
1768,180947105000042,Euro Trading SARL,SARL,Commerce,TPE,1699560.56,3,2018-08-02,Oujda,"Zone Industrielle, N° 171, Route de Barbier-sur-Mer, Oujda, Maroc",0524208104,contact@eurotrading2.ma,Actif,8,39
1769,246705427000045,Chaouia Trading 1 SNC,SA,Commerce,TPE,2985234.72,3,2021-03-05,Oujda,"Zone Industrielle, N° 446, Route de Letellier, Oujda, Maroc",0524242274,contact@chaouiatrading11.ma,Actif,8,38
1770,893667217000088,Soma Entreprise 4 SA,SARL,Transport,TPE,4956947.62,4,2009-11-01,Oujda,"Zone Industrielle, N° 349, Route de Morvan-la-Forêt, Oujda, Maroc",0524200249,contact@somaentreprise41.ma,Actif,8,39
1771,490430996000033,Société Sous de Ferme SARL AU,SARL,Agriculture,PME,85781956.18,39,2008-04-08,Oujda,"Zone Industrielle, N° 99, Route de Léger, Oujda, Maroc",0524772915,contact@societesousdeferme1.ma,Actif,8,38
1772,332549218000048,Union Laiterie 2 SA,SARL,Agriculture,TPE,4781248.61,2,2018-11-10,Oujda,"Zone Industrielle, N° 74, Route de Dubois, Oujda, Maroc",0524449444,contact@unionlaiterie2.ma,Actif,8,39
1773,900391975000016,Soma Construction 1 SNC,SARL,BTP,TPE,2058666.26,5,2018-07-07,Oujda,"Zone Industrielle, N° 99, Route de Berthelot-les-Bains, Oujda, Maroc",0524380622,contact@somaconstruction11.ma,Actif,8,38
1774,783948029000090,Société Koutoubia de Négoce SNC,SARL,Commerce,PME,60417608.96,101,2012-05-22,Oujda,"Zone Industrielle, N° 291, Route de Saint Aiménec, Oujda, Maroc",0524700675,contact@societekoutoubiadenegoce2.ma,Actif,8,39
1775,171227412000044,Zilis Logistique SARL,EURL,Services,TPE,3146969.25,4,2017-06-27,Oujda,"Zone Industrielle, N° 298, Route de LévyBourg, Oujda, Maroc",0524448667,contact@zilislogistique.ma,Actif,8,38
1776,607592684000057,Société Riad de Services SA,SARL,Services,TPE,4496404.74,3,2018-07-10,Oujda,"Zone Industrielle, N° 146, Route de Lacroix, Oujda, Maroc",0524210337,contact@societeriaddeservices.ma,Actif,8,39
1777,702576411000084,Bouregreg Négoce 1 SNC,SARL,Commerce,TPE,2081166.94,6,2015-11-08,Oujda,"Zone Industrielle, N° 116, Route de Lecomte, Oujda, Maroc",0524454485,contact@bouregregnegoce1.ma,Actif,8,38
1778,210872170000053,Société Chaouia de Trading SARL AU,SARL,Commerce,PME,71472423.43,114,2017-08-19,Oujda,"Zone Industrielle, N° 162, Route de Imbert-les-Bains, Oujda, Maroc",0524258056,contact@societechaouiadetrading2.ma,Actif,8,39
1779,452749546000074,Compagnie du Entreprise SNC,SARL,Transport,TPE,867605.72,8,2011-11-10,Oujda,"Zone Industrielle, N° 290, Route de Gonzalez, Oujda, Maroc",0524530780,contact@compagnieduentreprise4.ma,Actif,8,38
1780,753284406000079,Zilis Market 1 SARL,SARL,Commerce,PME,28403345.82,157,2020-10-21,Oujda,"Zone Industrielle, N° 325, Route de Chauvet, Oujda, Maroc",0524347845,contact@zilismarket12.ma,Actif,8,39
1781,194902133000013,Société Riad de Services 1 SA,SARL,Services,PME,12330576.21,34,2021-11-07,Oujda,"Zone Industrielle, N° 246, Route de Leclercq, Oujda, Maroc",0524828380,contact@societeriaddeservices1.ma,Actif,8,38
1782,554850228000071,Société Marocaine de Câblage SNC,SARL,Industrie,TPE,2535803.66,4,2005-02-09,Oujda,"Zone Industrielle, N° 324, Route de Saint MargueriteVille, Oujda, Maroc",0524662357,contact@societemarocainedecablage2.ma,Actif,8,39
1783,941549820000035,Zilis Plastique SA,SARL,Industrie,Grande Entreprise,461534383.03,278,2008-03-04,Oujda,"Zone Industrielle, N° 213, Route de PintoBourg, Oujda, Maroc",0524399342,contact@zilisplastique1.ma,Actif,8,38
1784,469874714000061,Société Sous de Logistique 1 SARL AU,SA,Services,PME,33295770.17,123,2010-07-27,Oujda,"Zone Industrielle, N° 161, Route de Leconte, Oujda, Maroc",0524836657,contact@societesousdelogistique1.ma,Actif,8,39
1785,817012115000024,Afric Métal SARL AU,SA,Industrie,TPE,4098129.04,2,2013-09-28,Oujda,"Zone Industrielle, N° 50, Route de Sainte Eugène-sur-Mer, Oujda, Maroc",0524797244,contact@africmetal1.ma,Actif,8,38
1786,334559782000052,Union Génie Civil SNC,SARL,BTP,TPE,2126696.09,7,2005-07-22,Oujda,"Zone Industrielle, N° 124, Route de Coulon-sur-Rémy, Oujda, Maroc",0524677454,contact@uniongeniecivil.ma,Actif,8,39
1787,365105261000082,Inter Web SARL,SA,Technologies,TPE,643594.0,2,2005-02-13,Oujda,"Zone Industrielle, N° 377, Route de Rodriguez, Oujda, Maroc",0524913769,contact@interweb.ma,Actif,8,38
1788,994674712000071,Afric Ferme SARL,SARL,Agriculture,PME,74481252.66,18,2013-04-16,Oujda,"Zone Industrielle, N° 224, Route de Roussel, Oujda, Maroc",0524798229,contact@africferme.ma,Actif,8,39
1789,176406146000065,Atlas Nettoyage SARL,SARL,Services,PME,24486257.44,185,2013-02-24,Oujda,"Zone Industrielle, N° 498, Route de Legendre, Oujda, Maroc",0524165091,contact@atlasnettoyage.ma,Actif,8,38
1790,804543412000030,Global Entreprise 4 SARL,EURL,Éducation,TPE,1160899.61,2,2007-01-02,Oujda,"Zone Industrielle, N° 169, Route de Saint Timothéedan, Oujda, Maroc",0524989633,contact@globalentreprise4.ma,Actif,8,39
1791,142472398000041,Maroc Métal 1 SNC,SNC,Industrie,PME,8671988.5,145,2006-12-03,Oujda,"Zone Industrielle, N° 318, Route de Boulanger-la-Forêt, Oujda, Maroc",0524751002,contact@marocmetal12.ma,Actif,8,38
1792,556841831000017,Riad Conseil SARL AU,SNC,Services,TPE,697770.11,4,2006-04-11,Oujda,"Zone Industrielle, N° 48, Route de Brunet-sur-Moreno, Oujda, Maroc",0524307074,contact@riadconseil1.ma,Actif,8,39
1793,192782461000073,Compagnie du Négoce SARL,SARL,Commerce,PME,58720055.81,181,2015-08-04,Oujda,"Zone Industrielle, N° 369, Route de Marchal-sur-Gomes, Oujda, Maroc",0524996755,contact@compagniedunegoce1.ma,Actif,8,38
1794,803520554000021,Soma Plastique SARL AU,SNC,Industrie,TPE,4396834.81,2,2005-03-17,Oujda,"Zone Industrielle, N° 421, Route de RoyVille, Oujda, Maroc",0524682636,contact@somaplastique1.ma,Actif,8,39
1795,647690382000057,Maghreb Métal SARL AU,SNC,Industrie,TPE,684232.38,9,2007-10-07,Oujda,"Zone Industrielle, N° 253, Route de Hoarau, Oujda, Maroc",0524557325,contact@maghrebmetal1.ma,Actif,8,38
1796,506895356000025,Compagnie du Distribution SARL,SARL,Commerce,TPE,1543363.75,7,2020-05-20,Oujda,"Zone Industrielle, N° 346, Route de Mendès, Oujda, Maroc",0524216600,contact@compagniedudistribution2.ma,Actif,8,39
1797,460256956000037,Inter Import-Export SA,SNC,Commerce,PME,99881805.24,53,2007-12-08,Oujda,"Zone Industrielle, N° 481, Route de Baronboeuf, Oujda, Maroc",0524186403,contact@interimportexport1.ma,Actif,8,38
1798,913531145000093,Maroc Entreprise 1 SA,SARL,Santé,TPE,2113726.75,7,2016-06-06,Oujda,"Zone Industrielle, N° 99, Route de Potier, Oujda, Maroc",0524438873,contact@marocentreprise13.ma,Actif,8,39
1799,758828370000045,Med Wholesale SARL AU,SA,Commerce,TPE,1628250.62,2,2019-10-18,Oujda,"Zone Industrielle, N° 370, Route de Voisin, Oujda, Maroc",0524726220,contact@medwholesale2.ma,Actif,8,38
1800,775027210000099,Société Bahia de Nettoyage SARL AU,SARL,Services,TPE,4583017.07,6,2006-01-12,Oujda,"Zone Industrielle, N° 312, Route de Cohenboeuf, Oujda, Maroc",0524211114,contact@societebahiadenettoyage2.ma,Actif,8,39
1801,785209984000021,Inter Soft SNC,SA,Technologies,PME,46105159.8,99,2014-03-28,Oujda,"Zone Industrielle, N° 239, Route de Coulon, Oujda, Maroc",0524293180,contact@intersoft.ma,Actif,8,38
1802,189123910000047,Saiss Agro SARL AU,SARL,Agriculture,TPE,2009609.76,3,2005-08-01,Oujda,"Zone Industrielle, N° 31, Route de Nicolas-les-Bains, Oujda, Maroc",0524795559,contact@saissagro.ma,Actif,8,39
1803,852084948000075,Global Market 1 SA,SARL,Commerce,PME,67121402.86,80,2018-03-09,Oujda,"Zone Industrielle, N° 413, Route de Faure-sur-Guyot, Oujda, Maroc",0524142493,contact@globalmarket12.ma,Actif,8,38
1804,251095447000010,Riad Market SNC,SARL,Commerce,TPE,4059330.8,1,2013-02-16,Oujda,"Zone Industrielle, N° 284, Route de Tanguy, Oujda, Maroc",0524242161,contact@riadmarket2.ma,Actif,8,39
1805,287893255000081,Bouregreg Export Agri SARL,SARL,Agriculture,TPE,925652.59,9,2012-03-18,Oujda,"Zone Industrielle, N° 102, Route de Charles, Oujda, Maroc",0524255276,contact@bouregregexportagri.ma,Actif,8,38
1806,141890667000080,Société Chaouia de Plastique SA,EURL,Industrie,TPE,164537.71,5,2014-01-01,Oujda,"Zone Industrielle, N° 57, Route de Saint AlfredVille, Oujda, Maroc",0524386176,contact@societechaouiadeplastique.ma,Actif,8,39
1807,575663618000028,Société Maroc de Trading SARL,SARL,Commerce,TPE,3066163.79,2,2005-06-07,Oujda,"Zone Industrielle, N° 409, Route de Delorme-sur-Lebon, Oujda, Maroc",0524434164,contact@societemarocdetrading2.ma,Actif,8,38
1808,915153519000069,Sous Tech SARL,SARL,Technologies,TPE,3251329.67,3,2016-08-18,Oujda,"Zone Industrielle, N° 316, Route de Lecomte-sur-Da Silva, Oujda, Maroc",0524142923,contact@soustech.ma,Actif,8,39
1809,457466198000026,Euro Distribution 1 SARL,SARL,Commerce,TPE,243132.19,9,2015-04-10,Oujda,"Zone Industrielle, N° 323, Route de Bertindan, Oujda, Maroc",0524180951,contact@eurodistribution11.ma,Actif,8,38
1810,691205127000014,Med Data SARL AU,SARL,Technologies,PME,53501166.87,34,2019-05-24,Oujda,"Zone Industrielle, N° 75, Route de Poulain, Oujda, Maroc",0524759353,contact@meddata.ma,Actif,8,39
1811,823367600000039,Global Systems SA,SA,Technologies,TPE,3243641.11,9,2020-09-21,Oujda,"Zone Industrielle, N° 22, Route de Hubert-la-Forêt, Oujda, Maroc",0524844875,contact@globalsystems1.ma,Actif,8,38
1812,532178354000086,Union Aménagement SARL,SNC,BTP,TPE,2967395.83,2,2019-05-08,Oujda,"Zone Industrielle, N° 378, Route de Barthelemy, Oujda, Maroc",0524961949,contact@unionamenagement2.ma,Actif,8,39
1813,915571858000045,Bouregreg Plastique SARL AU,SARL,Industrie,PME,35298967.08,94,2014-12-25,Oujda,"Zone Industrielle, N° 288, Route de GrosBourg, Oujda, Maroc",0524121868,contact@bouregregplastique.ma,Actif,8,38
1814,683280048000064,Société Koutoubia de Entreprise SNC,SA,Transport,TPE,4484484.54,1,2016-03-17,Oujda,"Zone Industrielle, N° 420, Route de MarchalVille, Oujda, Maroc",0524737258,contact@societekoutoubiadeentreprise4.ma,Actif,8,39
1815,528501576000050,Chaouia Logistique SNC,SARL,Services,TPE,426720.19,1,2013-06-15,Oujda,"Zone Industrielle, N° 52, Route de Bonneau, Oujda, Maroc",0524145331,contact@chaouialogistique1.ma,Actif,8,38
1816,401026616000034,Bahia Nettoyage SARL,SARL,Services,TPE,2130435.02,4,2016-04-21,Oujda,"Zone Industrielle, N° 272, Route de Boulay, Oujda, Maroc",0524121491,contact@bahianettoyage.ma,Actif,8,39
1817,971440353000011,Sous Construction 1 SNC,SARL,BTP,TPE,2052494.51,3,2020-03-11,Oujda,"Zone Industrielle, N° 458, Route de Jolydan, Oujda, Maroc",0524941699,contact@sousconstruction11.ma,Actif,8,38
1818,235311908000049,Afric Laiterie SARL AU,SARL,Agriculture,TPE,3409029.38,4,2006-05-03,Oujda,"Zone Industrielle, N° 373, Route de Colin, Oujda, Maroc",0524576440,contact@africlaiterie.ma,Actif,8,39
1819,728095020000013,Société Maroc de Soft SNC,SARL,Technologies,TPE,1721870.66,4,2015-08-10,Oujda,"Zone Industrielle, N° 499, Route de Moreno-sur-Delmas, Oujda, Maroc",0524986932,contact@societemarocdesoft.ma,Actif,8,38
1820,953440301000053,Inter Négoce SARL AU,SARL,Commerce,TPE,4187072.13,7,2011-04-22,Oujda,"Zone Industrielle, N° 327, Route de Guyon, Oujda, Maroc",0524251413,contact@internegoce3.ma,Actif,8,39
1821,400147499000012,Koutoubia Data SARL,SNC,Technologies,PME,32656082.47,56,2009-09-13,Oujda,"Zone Industrielle, N° 33, Route de PelletierVille, Oujda, Maroc",0524337355,contact@koutoubiadata1.ma,Actif,8,38
1822,128392744000048,Maghreb Services SARL,SARL,Services,Grande Entreprise,155928580.78,1982,2010-10-05,Oujda,"Zone Industrielle, N° 77, Route de Samson, Oujda, Maroc",0524969500,contact@maghrebservices1.ma,Actif,8,39
1823,995729198000010,Société Chaouia de Entreprise SARL AU,SNC,Tourisme,TPE,2373652.56,3,2017-10-07,Oujda,"Zone Industrielle, N° 449, Route de GrondinBourg, Oujda, Maroc",0524597904,contact@societechaouiadeentreprise3.ma,Actif,8,38
1824,981889514000055,Afric Agrumes SA,SARL,Agriculture,TPE,4932392.15,6,2006-05-18,Oujda,"Zone Industrielle, N° 490, Route de Lemaître, Oujda, Maroc",0524918135,contact@africagrumes1.ma,Actif,8,39
1825,748749790000072,Union Trading 2 SARL,SARL,Commerce,TPE,840996.41,7,2011-06-20,Oujda,"Zone Industrielle, N° 260, Route de Dupont, Oujda, Maroc",0524336656,contact@uniontrading21.ma,Actif,8,38
1826,465622014000058,Société Bahia de Aménagement SA,SARL,BTP,TPE,402791.43,1,2008-07-05,Oujda,"Zone Industrielle, N° 440, Route de Paul, Oujda, Maroc",0524293153,contact@societebahiadeamenagement2.ma,Actif,8,39
1827,253144050000039,Bahia Plastique 1 SARL AU,SARL,Industrie,PME,69316453.42,189,2019-10-20,Oujda,"Zone Industrielle, N° 470, Route de Chevallier, Oujda, Maroc",0524951334,contact@bahiaplastique1.ma,Actif,8,38
1828,181033974000046,Afric Agro SA,EURL,Agriculture,TPE,3990216.91,6,2019-08-26,Oujda,"Zone Industrielle, N° 403, Route de De SousaVille, Oujda, Maroc",0524660437,contact@africagro1.ma,Actif,8,39
1829,212109502000020,Somibat Entreprise 1 SNC,SNC,Transport,TPE,1519164.0,5,2016-04-22,Oujda,"Zone Industrielle, N° 368, Route de Sainte François, Oujda, Maroc",0524744118,contact@somibatentreprise11.ma,Actif,8,38
1830,234240941000013,Atlas Entreprise 2 SNC,SARL,Santé,PME,97533319.2,119,2020-11-25,Oujda,"Zone Industrielle, N° 44, Route de Couturier-la-Forêt, Oujda, Maroc",0524538399,contact@atlasentreprise21.ma,Actif,8,39
1831,241782701000041,Riad Entreprise 1 SARL AU,SARL,Transport,PME,20211492.68,32,2007-12-20,Oujda,"Zone Industrielle, N° 89, Route de Delorme, Oujda, Maroc",0524162782,contact@riadentreprise13.ma,Actif,8,38
1832,262316070000035,Global Aménagement SNC,SA,BTP,TPE,657998.22,8,2018-04-11,Oujda,"Zone Industrielle, N° 79, Route de Colas-les-Bains, Oujda, Maroc",0524358027,contact@globalamenagement1.ma,Actif,8,39
1833,336942857000073,Global Câblage 1 SARL,SARL,Industrie,PME,16694897.94,101,2014-11-17,Oujda,"Zone Industrielle, N° 222, Route de Guibertnec, Oujda, Maroc",0524485492,contact@globalcablage11.ma,Actif,8,38
1834,363773421000082,Somaco Bâtiment SA,SNC,BTP,TPE,1501728.3,3,2012-08-27,Oujda,"Zone Industrielle, N° 405, Route de Coste, Oujda, Maroc",0524453005,contact@somacobatiment1.ma,Actif,8,39
1835,772558716000074,Société Zilis de Distribution SA,SARL,Commerce,PME,58636935.36,188,2013-07-12,Oujda,"Zone Industrielle, N° 347, Route de Sainte Alexandria-sur-Mer, Oujda, Maroc",0524728556,contact@societezilisdedistribution2.ma,Actif,8,38
1836,712166727000019,Société Zilis de Import-Export SNC,SARL,Commerce,PME,41098994.9,63,2011-11-16,Oujda,"Zone Industrielle, N° 185, Route de Lebonboeuf, Oujda, Maroc",0524532783,contact@societezilisdeimportexport2.ma,Actif,8,39
1837,851972908000064,Somibat Entreprise 1 SA,SA,Tourisme,PME,37378585.04,63,2005-07-26,Oujda,"Zone Industrielle, N° 93, Route de Coulon, Oujda, Maroc",0524470251,contact@somibatentreprise12.ma,Actif,8,38
1838,367262002000072,Maroc Entreprise 2 SA,SARL,Transport,TPE,1001546.64,8,2013-06-12,Oujda,"Zone Industrielle, N° 423, Route de TexierVille, Oujda, Maroc",0524331323,contact@marocentreprise22.ma,Actif,8,39
1839,271522452000031,Société Med de Security 1 SNC,SARL,Services,Grande Entreprise,246172567.23,1806,2019-09-10,Oujda,"Zone Industrielle, N° 228, Route de Jolydan, Oujda, Maroc",0524717276,contact@societemeddesecurity1.ma,Actif,8,38
1840,709329827000063,Euro Génie Civil SARL,SARL,BTP,TPE,4030630.91,5,2015-01-14,Oujda,"Zone Industrielle, N° 76, Route de Rolland, Oujda, Maroc",0524706700,contact@eurogeniecivil.ma,Actif,8,39
1841,741321338000039,Société Atlas de Entreprise 1 SA,SA,Transport,TPE,2715776.21,6,2019-07-23,Oujda,"Zone Industrielle, N° 101, Route de Sainte Marcel-les-Bains, Oujda, Maroc",0524616098,contact@societeatlasdeentreprise11.ma,Actif,8,38
1842,569317765000094,Koutoubia Conseil SA,SNC,Services,PME,71704569.44,167,2007-03-19,Oujda,"Zone Industrielle, N° 164, Route de Barbier, Oujda, Maroc",0524215602,contact@koutoubiaconseil2.ma,Actif,8,39
1843,709066840000069,Med Agrumes SARL AU,EURL,Agriculture,TPE,121414.78,3,2005-05-12,Oujda,"Zone Industrielle, N° 380, Route de Marion, Oujda, Maroc",0524616682,contact@medagrumes1.ma,Actif,8,38
1844,243832413000021,Société Koutoubia de Entreprise SARL AU,SARL,Transport,PME,18009331.64,39,2011-04-21,Oujda,"Zone Industrielle, N° 281, Route de Saint Arnaudeboeuf, Oujda, Maroc",0524740642,contact@societekoutoubiadeentreprise5.ma,Actif,8,39
1845,440006948000018,Koutoubia Export Agri SA,SNC,Agriculture,TPE,2821952.8,3,2006-10-23,Oujda,"Zone Industrielle, N° 148, Route de Sainte Margotdan, Oujda, Maroc",0524837316,contact@koutoubiaexportagri.ma,Actif,8,38
1846,941623880000076,Global Ferme 2 SNC,SARL,Agriculture,PME,42497213.64,112,2012-11-05,Oujda,"Zone Industrielle, N° 451, Route de Lacroix-les-Bains, Oujda, Maroc",0524989928,contact@globalferme2.ma,Actif,8,39
1847,930254571000079,Somaco Entreprise 1 SA,SARL,Éducation,TPE,121287.03,2,2013-03-13,Oujda,"Zone Industrielle, N° 139, Route de Simon-sur-Mer, Oujda, Maroc",0524956798,contact@somacoentreprise13.ma,Actif,8,38
1848,535371900000073,Société Bahia de Security 1 SNC,SARL,Services,TPE,4964971.15,4,2021-03-23,Oujda,"Zone Industrielle, N° 319, Route de Saint Henriette, Oujda, Maroc",0524666500,contact@societebahiadesecurity1.ma,Actif,8,39
1849,703755635000057,Koutoubia Wholesale SARL,SARL,Commerce,PME,65623058.03,188,2014-07-20,Oujda,"Zone Industrielle, N° 22, Route de Renard-sur-Lucas, Oujda, Maroc",0524239545,contact@koutoubiawholesale2.ma,Actif,8,38
1850,985697597000093,Euro Market SA,SARL,Commerce,Grande Entreprise,211972694.3,412,2007-10-07,Oujda,"Zone Industrielle, N° 35, Route de Fournier-les-Bains, Oujda, Maroc",0524492377,contact@euromarket2.ma,Actif,8,39
1851,164439936000079,Taza Distribution SARL AU,SARL,Commerce,Grande Entreprise,449847880.01,517,2021-12-23,Oujda,"Zone Industrielle, N° 338, Route de Saint Raymond, Oujda, Maroc",0524842896,contact@tazadistribution1.ma,Actif,8,38
1852,474275212000061,Sous Export Agri SARL,SARL,Agriculture,PME,25590027.91,144,2014-01-09,Oujda,"Zone Industrielle, N° 42, Route de Blondel, Oujda, Maroc",0524353745,contact@sousexportagri.ma,Actif,8,39
1853,433175966000068,Compagnie du Aménagement SARL AU,SA,BTP,TPE,2593958.82,2,2013-09-21,Oujda,"Zone Industrielle, N° 254, Route de JosephVille, Oujda, Maroc",0524327794,contact@compagnieduamenagement1.ma,Actif,8,38
1854,975788656000067,Global Market 1 SARL,SNC,Commerce,TPE,2577860.6,4,2017-05-15,Oujda,"Zone Industrielle, N° 259, Route de Clément, Oujda, Maroc",0524215332,contact@globalmarket13.ma,Actif,8,39
1855,319264448000071,Société Maroc de Négoce SNC,SNC,Commerce,TPE,276849.3,1,2021-12-18,Oujda,"Zone Industrielle, N° 370, Route de Pons, Oujda, Maroc",0524777210,contact@societemarocdenegoce4.ma,Actif,8,38
1856,987556863000059,Bouregreg Nettoyage 1 SNC,EURL,Services,PME,46413487.97,37,2008-02-19,Oujda,"Zone Industrielle, N° 250, Route de Georges-sur-Leduc, Oujda, Maroc",0524699037,contact@bouregregnettoyage1.ma,Actif,8,39
1857,675858195000036,Global Distribution SA,SARL,Commerce,TPE,2937798.15,9,2006-12-11,Oujda,"Zone Industrielle, N° 180, Route de Vasseur, Oujda, Maroc",0524129448,contact@globaldistribution2.ma,Actif,8,38
1858,721162257000093,Saiss Négoce 1 SARL AU,SA,Commerce,TPE,1352358.74,9,2016-04-12,Oujda,"Zone Industrielle, N° 136, Route de Brunel-les-Bains, Oujda, Maroc",0524351045,contact@saissnegoce1.ma,Actif,8,39
1859,831561186000052,Koutoubia Logistique 1 SNC,SARL,Services,PME,77303035.36,51,2020-06-18,Oujda,"Zone Industrielle, N° 44, Route de Gosselin-sur-Vidal, Oujda, Maroc",0524145418,contact@koutoubialogistique11.ma,Actif,8,38
1860,466116319000036,Société Chaouia de Services 2 SNC,SA,Services,TPE,1411654.76,7,2011-01-05,Oujda,"Zone Industrielle, N° 273, Route de Delmas-sur-Gros, Oujda, Maroc",0524927004,contact@societechaouiadeservices2.ma,Actif,8,39
1861,498331717000017,Bahia Textile SNC,SA,Industrie,TPE,4146085.87,3,2012-05-11,Agadir,"Zone Industrielle, N° 336, Route de Brun, Agadir, Maroc",0524173014,contact@bahiatextile1.ma,Actif,9,42
1862,705915629000070,Maroc Logistique 1 SARL AU,SARL,Services,TPE,716331.46,9,2019-04-01,Agadir,"Zone Industrielle, N° 479, Route de De Sousa, Agadir, Maroc",0524661167,contact@maroclogistique1.ma,Actif,9,43
1863,911392745000024,Société Zilis de Travaux SA,EURL,BTP,TPE,3638095.5,1,2020-08-15,Agadir,"Zone Industrielle, N° 496, Route de Maury-sur-Muller, Agadir, Maroc",0524883176,contact@societezilisdetravaux1.ma,Actif,9,42
1864,166012063000011,Société Zilis de Négoce 1 SA,SA,Commerce,TPE,3823781.65,5,2017-04-01,Agadir,"Zone Industrielle, N° 318, Route de Hoareau, Agadir, Maroc",0524918133,contact@societezilisdenegoce12.ma,Actif,9,43
1865,474519808000094,Société Sous de Trading SA,SARL,Commerce,TPE,506426.51,2,2014-08-07,Agadir,"Zone Industrielle, N° 36, Route de PayetBourg, Agadir, Maroc",0524810735,contact@societesousdetrading1.ma,Actif,9,42
1866,754890063000065,Société Bouregreg de Entreprise 3 SARL,SNC,Éducation,TPE,4126088.81,8,2020-02-13,Agadir,"Zone Industrielle, N° 373, Route de Saint Dorothée, Agadir, Maroc",0524482483,contact@societebouregregdeentreprise31.ma,Actif,9,43
1867,385630645000012,Société Bahia de Holding SARL,SA,Services,TPE,2053928.68,8,2021-04-07,Agadir,"Zone Industrielle, N° 408, Route de Pottiernec, Agadir, Maroc",0524401541,contact@societebahiadeholding2.ma,Actif,9,42
1868,845775496000033,Global Wholesale 2 SARL AU,SA,Commerce,TPE,3595659.57,3,2011-08-20,Agadir,"Zone Industrielle, N° 500, Route de Seguin, Agadir, Maroc",0524310020,contact@globalwholesale2.ma,Actif,9,43
1869,361184112000063,Société Zilis de Agro SA,SARL,Agriculture,TPE,532393.1,2,2016-12-10,Agadir,"Zone Industrielle, N° 353, Route de Saint ChristelleVille, Agadir, Maroc",0524601471,contact@societezilisdeagro.ma,Actif,9,42
1870,989921576000029,Inter Agro SARL,SA,Agriculture,TPE,658686.54,8,2008-01-03,Agadir,"Zone Industrielle, N° 372, Route de GaudinBourg, Agadir, Maroc",0524516248,contact@interagro.ma,Actif,9,43
1871,697328599000036,Société Bahia de Wholesale 3 SARL AU,SARL,Commerce,TPE,250577.03,1,2013-08-11,Agadir,"Zone Industrielle, N° 243, Route de Sainte Margaux-les-Bains, Agadir, Maroc",0524726915,contact@societebahiadewholesale3.ma,Actif,9,42
1872,198021549000042,Maroc Béton 1 SARL AU,SARL,BTP,TPE,1516209.67,9,2014-10-13,Agadir,"Zone Industrielle, N° 301, Route de Gimenez-sur-Martin, Agadir, Maroc",0524594921,contact@marocbeton1.ma,Actif,9,43
1873,631346703000098,Koutoubia Web SNC,SARL,Technologies,TPE,4854466.04,9,2009-01-07,Agadir,"Zone Industrielle, N° 492, Route de Barbenec, Agadir, Maroc",0524196069,contact@koutoubiaweb.ma,Actif,9,42
1874,411490627000010,Taza Nettoyage 1 SA,SARL,Services,TPE,3321258.47,7,2010-12-16,Agadir,"Zone Industrielle, N° 75, Route de Bertrand, Agadir, Maroc",0524802347,contact@tazanettoyage11.ma,Actif,9,43
1875,125864012000081,Société Atlas de Distribution 1 SNC,SARL,Commerce,TPE,268474.93,3,2017-01-11,Agadir,"Zone Industrielle, N° 311, Route de Gilbert-sur-Mer, Agadir, Maroc",0524190194,contact@societeatlasdedistribution11.ma,Actif,9,42
1876,803789100000037,Koutoubia Manufacture SARL,SA,Industrie,PME,31581319.16,46,2011-04-11,Agadir,"Zone Industrielle, N° 442, Route de Lecoqnec, Agadir, Maroc",0524541249,contact@koutoubiamanufacture.ma,Actif,9,43
1877,352110438000018,Somaco Export Agri SARL,SARL,Agriculture,TPE,3592564.96,4,2006-09-27,Agadir,"Zone Industrielle, N° 311, Route de Pruvost, Agadir, Maroc",0524724100,contact@somacoexportagri.ma,Actif,9,42
1878,459814013000079,Société Atlas de Trading SARL AU,SARL,Commerce,PME,54498907.67,196,2012-06-23,Agadir,"Zone Industrielle, N° 43, Route de Perrin-sur-Lamy, Agadir, Maroc",0524392216,contact@societeatlasdetrading2.ma,Actif,9,43
1879,547921129000064,Société Zilis de Travaux 1 SARL,SARL,BTP,PME,62012983.95,56,2013-12-08,Agadir,"Zone Industrielle, N° 237, Route de Adam, Agadir, Maroc",0524764123,contact@societezilisdetravaux11.ma,Actif,9,42
1880,171704290000054,Société Bouregreg de Distribution SARL,SARL,Commerce,TPE,3874540.7,7,2009-11-21,Agadir,"Zone Industrielle, N° 276, Route de Gosselin-sur-Mer, Agadir, Maroc",0524549932,contact@societebouregregdedistribution1.ma,Actif,9,43
1881,194786655000014,Société Sous de Security 1 SNC,SA,Services,PME,87195617.69,156,2016-12-08,Agadir,"Zone Industrielle, N° 434, Route de Sainte Joséphinenec, Agadir, Maroc",0524177227,contact@societesousdesecurity1.ma,Actif,9,42
1882,411616963000027,Union Génie Civil SA,SARL,BTP,Grande Entreprise,372352261.99,1068,2011-10-15,Agadir,"Zone Industrielle, N° 267, Route de Roche, Agadir, Maroc",0524748789,contact@uniongeniecivil1.ma,Actif,9,43
1883,130904033000023,Société Taza de Agrumes 1 SA,SARL,Agriculture,TPE,2964194.79,2,2018-12-28,Agadir,"Zone Industrielle, N° 341, Route de Saint Hortense, Agadir, Maroc",0524473270,contact@societetazadeagrumes1.ma,Actif,9,42
1884,332727080000062,Société Med de Génie Civil 1 SARL,SARL,BTP,TPE,2480526.65,8,2009-11-17,Agadir,"Zone Industrielle, N° 424, Route de LemaireVille, Agadir, Maroc",0524669054,contact@societemeddegeniecivil11.ma,Actif,9,43
1885,270634009000033,Somibat Entreprise 1 SARL AU,SNC,Tourisme,Grande Entreprise,272976879.91,2354,2010-08-13,Agadir,"Zone Industrielle, N° 313, Route de Bègue-sur-Mer, Agadir, Maroc",0524280247,contact@somibatentreprise13.ma,Actif,9,42
1886,281471044000033,Société Zilis de Entreprise 3 SARL,SARL,Transport,TPE,2231408.58,9,2017-02-13,Agadir,"Zone Industrielle, N° 176, Route de Lejeune, Agadir, Maroc",0524956710,contact@societezilisdeentreprise31.ma,Actif,9,43
1887,611768104000071,Sous Entreprise 1 SARL,SA,Tourisme,PME,65878265.33,183,2008-03-11,Agadir,"Zone Industrielle, N° 328, Route de Gautier, Agadir, Maroc",0524457982,contact@sousentreprise11.ma,Actif,9,42
1888,862982133000047,Société Chaouia de Nettoyage 1 SARL,SARL,Services,TPE,2225787.13,8,2005-06-01,Agadir,"Zone Industrielle, N° 480, Route de Launay, Agadir, Maroc",0524175958,contact@societechaouiadenettoyage1.ma,Actif,9,43
1889,673789591000078,Société Maroc de Logistique SA,SARL,Services,TPE,2260002.06,7,2016-07-12,Agadir,"Zone Industrielle, N° 57, Route de Fleury-sur-Bertin, Agadir, Maroc",0524940362,contact@societemarocdelogistique2.ma,Actif,9,42
1890,785688236000033,Inter Industrie SARL,SARL,Industrie,TPE,3276607.1,5,2010-05-09,Agadir,"Zone Industrielle, N° 370, Route de Briandboeuf, Agadir, Maroc",0524723237,contact@interindustrie2.ma,Actif,9,43
1891,209173086000029,Afric Holding SNC,SARL,Services,TPE,2291308.06,8,2009-10-07,Agadir,"Zone Industrielle, N° 73, Route de Baron-sur-Bazin, Agadir, Maroc",0524118893,contact@africholding.ma,Actif,9,42
1892,470043165000029,Sous Logistique 1 SARL,SARL,Services,TPE,164644.52,9,2005-07-22,Agadir,"Zone Industrielle, N° 317, Route de Faivre-sur-Mer, Agadir, Maroc",0524774368,contact@souslogistique11.ma,Actif,9,43
1893,309986949000012,Compagnie du Services SA,SARL,Services,Grande Entreprise,164820376.72,974,2006-01-26,Agadir,"Zone Industrielle, N° 337, Route de Courtoisdan, Agadir, Maroc",0524622688,contact@compagnieduservices1.ma,Actif,9,42
1894,848705340000051,Euro Entreprise 1 SNC,SARL,Tourisme,Grande Entreprise,424954495.61,907,2020-12-21,Agadir,"Zone Industrielle, N° 22, Route de Lemaître, Agadir, Maroc",0524402283,contact@euroentreprise12.ma,Actif,9,43
1895,632616543000042,Taza Export Agri SARL AU,EURL,Agriculture,TPE,3931283.57,2,2016-07-22,Agadir,"Zone Industrielle, N° 475, Route de Berthelotdan, Agadir, Maroc",0524914715,contact@tazaexportagri.ma,Actif,9,42
1896,401385801000058,Société Sous de Laiterie SARL AU,SNC,Agriculture,TPE,1964104.13,8,2012-05-11,Agadir,"Zone Industrielle, N° 43, Route de Le Gall, Agadir, Maroc",0524859749,contact@societesousdelaiterie.ma,Actif,9,43
1897,702975115000039,Riad Travaux SNC,SA,BTP,PME,90150727.42,147,2013-09-07,Agadir,"Zone Industrielle, N° 161, Route de Barre-sur-Becker, Agadir, Maroc",0524924756,contact@riadtravaux.ma,Actif,9,42
1898,655752874000050,Société Maghreb de Métal SNC,SA,Industrie,PME,93048761.89,177,2011-07-13,Agadir,"Zone Industrielle, N° 163, Route de Guyon-les-Bains, Agadir, Maroc",0524970182,contact@societemaghrebdemetal3.ma,Actif,9,43
1899,755072728000081,Compagnie du Textile SNC,SARL,Industrie,TPE,243562.82,8,2010-11-14,Agadir,"Zone Industrielle, N° 421, Route de Saint Caroline-les-Bains, Agadir, Maroc",0524908927,contact@compagniedutextile3.ma,Actif,9,42
1900,948734469000049,Société Zilis de Conseil SNC,SNC,Services,TPE,4162691.65,5,2006-06-01,Agadir,"Zone Industrielle, N° 380, Route de Saint Daniellenec, Agadir, Maroc",0524900230,contact@societezilisdeconseil.ma,Actif,9,43
1901,284914801000087,Med Manufacture SARL AU,SA,Industrie,TPE,391909.59,1,2005-01-15,Agadir,"Zone Industrielle, N° 153, Route de Dias, Agadir, Maroc",0524306646,contact@medmanufacture.ma,Actif,9,42
1902,470827048000095,Société Med de Manufacture SA,SA,Industrie,PME,58878733.03,188,2015-05-21,Agadir,"Zone Industrielle, N° 482, Route de Grenier-sur-Pottier, Agadir, Maroc",0524926769,contact@societemeddemanufacture.ma,Actif,9,43
1903,242437498000098,Global Manufacture SARL,SARL,Industrie,PME,70134382.96,71,2016-02-12,Agadir,"Zone Industrielle, N° 356, Route de Saint Amélie, Agadir, Maroc",0524140319,contact@globalmanufacture.ma,Actif,9,42
1904,384351805000097,Société Maroc de Import-Export SA,SARL,Commerce,PME,5462228.83,97,2012-02-05,Agadir,"Zone Industrielle, N° 315, Route de Saint Valentine, Agadir, Maroc",0524586534,contact@societemarocdeimportexport1.ma,Actif,9,43
1905,478593678000083,Somibat Export Agri SARL AU,SA,Agriculture,PME,70031900.72,67,2008-02-05,Agadir,"Zone Industrielle, N° 346, Route de Georges, Agadir, Maroc",0524350610,contact@somibatexportagri4.ma,Actif,9,42
1906,219195540000098,Sous Logistique SA,SARL,Services,TPE,4969417.67,3,2017-03-26,Agadir,"Zone Industrielle, N° 186, Route de Gay-sur-Blanc, Agadir, Maroc",0524800278,contact@souslogistique2.ma,Actif,9,43
1907,957046045000087,Sous Plastique SARL AU,EURL,Industrie,TPE,1881039.14,4,2013-11-25,Agadir,"Zone Industrielle, N° 30, Route de Sainte Matthieuboeuf, Agadir, Maroc",0524552344,contact@sousplastique1.ma,Actif,9,42
1908,911532865000097,Société Marocaine de Wholesale 1 SARL,SNC,Commerce,PME,64451915.12,159,2014-06-27,Agadir,"Zone Industrielle, N° 170, Route de Saint Moniquenec, Agadir, Maroc",0524474844,contact@societemarocainedewholesale11.ma,Actif,9,43
1909,574875053000042,Société Marocaine de Systems SNC,SARL,Technologies,TPE,2323401.82,1,2008-07-15,Agadir,"Zone Industrielle, N° 136, Route de Bonneau-la-Forêt, Agadir, Maroc",0524309501,contact@societemarocainedesystems.ma,Actif,9,42
1910,908804021000064,Saiss Entreprise SARL AU,SA,Transport,TPE,4988668.73,3,2010-07-09,Agadir,"Zone Industrielle, N° 98, Route de Boyer-sur-Becker, Agadir, Maroc",0524206434,contact@saissentreprise3.ma,Actif,9,43
1911,748011072000065,Maghreb Industrie SNC,SARL,Industrie,TPE,1361938.99,2,2006-07-19,Agadir,"Zone Industrielle, N° 52, Route de Riou, Agadir, Maroc",0524345410,contact@maghrebindustrie2.ma,Actif,9,42
1912,454259788000088,Global Telecom SARL AU,SARL,Technologies,TPE,3971488.1,4,2006-05-11,Agadir,"Zone Industrielle, N° 374, Route de NavarroVille, Agadir, Maroc",0524134064,contact@globaltelecom1.ma,Actif,9,43
1913,932578498000077,Chaouia Entreprise 1 SNC,SNC,Tourisme,PME,56286024.4,42,2011-05-26,Agadir,"Zone Industrielle, N° 433, Route de Descamps, Agadir, Maroc",0524340283,contact@chaouiaentreprise12.ma,Actif,9,42
1914,530289001000048,Euro Holding 1 SARL AU,SARL,Services,Grande Entreprise,312237059.94,357,2009-06-20,Agadir,"Zone Industrielle, N° 134, Route de Renault-sur-Mer, Agadir, Maroc",0524955543,contact@euroholding1.ma,Actif,9,43
1915,298433240000087,Afric Plastique 1 SA,SARL,Industrie,TPE,4309202.96,3,2016-06-15,Agadir,"Zone Industrielle, N° 248, Route de Saint Laetitia, Agadir, Maroc",0524496987,contact@africplastique12.ma,Actif,9,42
1916,794600096000048,Société Sous de Holding SARL,SARL,Services,PME,15468915.84,94,2007-09-28,Agadir,"Zone Industrielle, N° 113, Route de Parent, Agadir, Maroc",0524841603,contact@societesousdeholding2.ma,Actif,9,43
1917,215108408000051,Soma Wholesale 1 SARL,EURL,Commerce,TPE,4426368.79,6,2020-08-04,Agadir,"Zone Industrielle, N° 338, Route de Sainte Olivier, Agadir, Maroc",0524811148,contact@somawholesale12.ma,Actif,9,42
1918,273649503000075,Société Maghreb de Digital 1 SNC,SNC,Technologies,TPE,820679.16,2,2015-02-15,Agadir,"Zone Industrielle, N° 448, Route de Saint Emmanuel, Agadir, Maroc",0524324006,contact@societemaghrebdedigital1.ma,Actif,9,43
1919,446027266000066,Union Ferme SNC,SARL,Agriculture,TPE,2194067.5,2,2012-07-19,Agadir,"Zone Industrielle, N° 412, Route de Valette, Agadir, Maroc",0524179184,contact@unionferme1.ma,Actif,9,42
1920,413551421000054,Maghreb Market SARL,SARL,Commerce,TPE,2356496.1,8,2019-08-01,Agadir,"Zone Industrielle, N° 339, Route de Benardnec, Agadir, Maroc",0524563544,contact@maghrebmarket4.ma,Actif,9,43
1921,793854062000058,Euro Import-Export SA,SARL,Commerce,PME,75346083.71,196,2005-03-01,Agadir,"Zone Industrielle, N° 407, Route de Coste-sur-Mer, Agadir, Maroc",0524237292,contact@euroimportexport1.ma,Actif,9,42
1922,529244463000067,Euro Câblage SARL,SARL,Industrie,PME,54470590.6,153,2006-03-20,Agadir,"Zone Industrielle, N° 267, Route de GarciaBourg, Agadir, Maroc",0524431568,contact@eurocablage1.ma,Actif,9,43
1923,829521659000054,Union Export Agri SARL AU,SA,Agriculture,PME,9486934.9,176,2013-07-22,Agadir,"Zone Industrielle, N° 245, Route de Sainte Moniqueboeuf, Agadir, Maroc",0524823280,contact@unionexportagri1.ma,Actif,9,42
1924,285245329000019,Société Riad de Distribution 1 SNC,SARL,Commerce,TPE,437156.28,3,2012-09-22,Agadir,"Zone Industrielle, N° 238, Route de Baron, Agadir, Maroc",0524238582,contact@societeriaddedistribution12.ma,Actif,9,43
1925,674899834000094,Atlas Distribution SARL AU,SARL,Commerce,TPE,3776678.53,2,2010-03-01,Agadir,"Zone Industrielle, N° 130, Route de Seguin, Agadir, Maroc",0524203326,contact@atlasdistribution1.ma,Actif,9,42
1926,784161342000062,Société Zilis de Distribution 1 SA,SNC,Commerce,TPE,1872144.05,4,2017-09-04,Agadir,"Zone Industrielle, N° 409, Route de De Sousa, Agadir, Maroc",0524858817,contact@societezilisdedistribution11.ma,Actif,9,43
1927,647909744000085,Société Zilis de Métal SARL,EURL,Industrie,TPE,4221370.94,4,2017-10-01,Agadir,"Zone Industrielle, N° 393, Route de BruneauVille, Agadir, Maroc",0524588486,contact@societezilisdemetal2.ma,Actif,9,42
1928,154067306000070,Somaco Plastique 2 SARL,SARL,Industrie,PME,66561524.43,119,2013-12-23,Agadir,"Zone Industrielle, N° 409, Route de Roger, Agadir, Maroc",0524204567,contact@somacoplastique2.ma,Actif,9,43
1929,498695801000020,Compagnie du Market 1 SARL AU,SARL,Commerce,Grande Entreprise,282700804.22,1976,2010-04-15,Agadir,"Zone Industrielle, N° 280, Route de GuillouBourg, Agadir, Maroc",0524106731,contact@compagniedumarket12.ma,Actif,9,42
1930,762321836000060,Société Sous de Laiterie 1 SARL AU,SARL,Agriculture,PME,88804483.59,159,2016-07-20,Agadir,"Zone Industrielle, N° 82, Route de Legrand-la-Forêt, Agadir, Maroc",0524595568,contact@societesousdelaiterie1.ma,Actif,9,43
1931,838840227000096,Med Bâtiment SNC,SARL,BTP,TPE,2008478.0,2,2019-12-22,Laâyoune,"Zone Industrielle, N° 69, Route de Ferreira, Laâyoune, Maroc",0524950270,contact@medbatiment1.ma,Actif,10,46
1932,334890347000013,Société Saiss de Entreprise 1 SA,SARL,Transport,TPE,2134841.07,3,2017-07-25,Laâyoune,"Zone Industrielle, N° 288, Route de Boucher-la-Forêt, Laâyoune, Maroc",0524562022,contact@societesaissdeentreprise12.ma,Actif,10,47
1933,870289580000046,Société Sous de Distribution SNC,SARL,Commerce,TPE,2522652.49,8,2009-04-22,Laâyoune,"Zone Industrielle, N° 484, Route de Hoareaudan, Laâyoune, Maroc",0524787107,contact@societesousdedistribution.ma,Actif,10,46
1934,176899644000068,Maghreb Security SNC,SARL,Services,PME,96334404.55,87,2011-01-10,Laâyoune,"Zone Industrielle, N° 66, Route de Boulay, Laâyoune, Maroc",0524813007,contact@maghrebsecurity.ma,Actif,10,47
1935,552580253000036,Maghreb Import-Export 1 SARL,SARL,Commerce,TPE,574135.37,5,2008-10-13,Laâyoune,"Zone Industrielle, N° 387, Route de Diallo, Laâyoune, Maroc",0524657700,contact@maghrebimportexport11.ma,Actif,10,46
1936,123458559000037,Saiss Négoce 2 SARL AU,SARL,Commerce,PME,44487528.32,132,2017-10-17,Laâyoune,"Zone Industrielle, N° 484, Route de Bazindan, Laâyoune, Maroc",0524606500,contact@saissnegoce2.ma,Actif,10,47
1937,184565680000054,Société Chaouia de Négoce 1 SARL AU,SA,Commerce,TPE,2837790.13,4,2012-07-24,Laâyoune,"Zone Industrielle, N° 363, Route de Leroy-sur-Leduc, Laâyoune, Maroc",0524338040,contact@societechaouiadenegoce11.ma,Actif,10,46
1938,400819028000018,Société Koutoubia de Ferme 1 SARL,SARL,Agriculture,PME,22206873.42,47,2006-07-11,Laâyoune,"Zone Industrielle, N° 124, Route de Sainte Danielnec, Laâyoune, Maroc",0524727373,contact@societekoutoubiadeferme1.ma,Actif,10,47
1939,615196616000025,Société Maroc de Agro SA,SARL,Agriculture,TPE,1394689.86,7,2010-03-17,Laâyoune,"Zone Industrielle, N° 153, Route de Labbé, Laâyoune, Maroc",0524264498,contact@societemarocdeagro.ma,Actif,10,46
1940,998197038000076,Société Atlas de Négoce SNC,SARL,Commerce,TPE,200069.03,9,2019-09-20,Laâyoune,"Zone Industrielle, N° 414, Route de Gomes, Laâyoune, Maroc",0524864515,contact@societeatlasdenegoce1.ma,Actif,10,47
1941,399745070000079,Société Bahia de Entreprise 1 SNC,SARL,Tourisme,PME,84099921.99,132,2009-02-16,Laâyoune,"Zone Industrielle, N° 66, Route de BenardVille, Laâyoune, Maroc",0524230273,contact@societebahiadeentreprise13.ma,Actif,10,46
1942,778435781000097,Société Bahia de Nettoyage SARL,SA,Services,PME,80100106.39,116,2005-07-03,Laâyoune,"Zone Industrielle, N° 118, Route de Menard, Laâyoune, Maroc",0524616440,contact@societebahiadenettoyage3.ma,Actif,10,47
1943,478385655000067,Global Logistique SA,SA,Services,PME,87199449.7,90,2010-10-15,Laâyoune,"Zone Industrielle, N° 436, Route de Morin, Laâyoune, Maroc",0524484327,contact@globallogistique1.ma,Actif,10,46
1944,326837785000077,Société Taza de Trading 1 SARL AU,SARL,Commerce,PME,75760409.66,116,2021-02-03,Laâyoune,"Zone Industrielle, N° 439, Route de Mailletboeuf, Laâyoune, Maroc",0524701839,contact@societetazadetrading1.ma,Actif,10,47
1945,636431847000019,Riad Manufacture 1 SARL,SA,Industrie,PME,72500097.54,175,2008-04-21,Laâyoune,"Zone Industrielle, N° 16, Route de Saint Christelleboeuf, Laâyoune, Maroc",0524963290,contact@riadmanufacture1.ma,Actif,10,46
1946,359928114000019,Global Ferme SA,SA,Agriculture,TPE,2519382.96,4,2011-07-04,Laâyoune,"Zone Industrielle, N° 438, Route de Carpentier, Laâyoune, Maroc",0524941304,contact@globalferme3.ma,Actif,10,47
1947,745723207000055,Euro Holding SARL,SARL,Services,TPE,4318815.88,6,2006-04-16,Laâyoune,"Zone Industrielle, N° 93, Route de Royer-sur-Vidal, Laâyoune, Maroc",0524805225,contact@euroholding2.ma,Actif,10,46
1948,886535084000037,Société Taza de Manufacture SARL AU,SA,Industrie,PME,40299294.62,95,2008-03-16,Laâyoune,"Zone Industrielle, N° 152, Route de Didier, Laâyoune, Maroc",0524991930,contact@societetazademanufacture1.ma,Actif,10,47
1949,893553154000042,Société Marocaine de Laiterie SARL AU,SARL,Agriculture,PME,19642079.43,92,2010-06-18,Laâyoune,"Zone Industrielle, N° 332, Route de Huet, Laâyoune, Maroc",0524170012,contact@societemarocainedelaiterie1.ma,Actif,10,46
1950,350472797000083,Société Maghreb de Entreprise 2 SARL,SARL,Tourisme,PME,87426399.44,55,2006-02-23,Laâyoune,"Zone Industrielle, N° 212, Route de Aubry, Laâyoune, Maroc",0524668328,contact@societemaghrebdeentreprise21.ma,Actif,10,47
1951,928727323000070,Chaouia Entreprise 1 SARL AU,SARL,Transport,PME,39010712.5,35,2011-01-20,Laâyoune,"Zone Industrielle, N° 14, Route de Rolland, Laâyoune, Maroc",0524354134,contact@chaouiaentreprise13.ma,Actif,10,46
1952,599090130000027,Société Bahia de Security SARL,SA,Services,PME,54525061.46,198,2014-06-26,Laâyoune,"Zone Industrielle, N° 285, Route de Menard, Laâyoune, Maroc",0524707434,contact@societebahiadesecurity2.ma,Actif,10,47
1953,199801789000063,Société Maroc de Métal SA,SARL,Industrie,PME,91893312.7,18,2011-06-21,Laâyoune,"Zone Industrielle, N° 483, Route de Hamon-sur-Meyer, Laâyoune, Maroc",0524897373,contact@societemarocdemetal.ma,Actif,10,46
1954,858719317000047,Global Négoce SNC,SARL,Commerce,TPE,415422.38,4,2009-02-16,Laâyoune,"Zone Industrielle, N° 125, Route de Saint Édouarddan, Laâyoune, Maroc",0524788770,contact@globalnegoce1.ma,Actif,10,47
1955,950309725000039,Société Maghreb de Holding SA,SNC,Services,Grande Entreprise,382538881.66,938,2013-02-23,Laâyoune,"Zone Industrielle, N° 278, Route de Robert-sur-Salmon, Laâyoune, Maroc",0524746687,contact@societemaghrebdeholding2.ma,Actif,10,46
1956,949225273000049,Société Chaouia de Entreprise 1 SA,SARL,Tourisme,PME,10826436.46,182,2005-02-18,Laâyoune,"Zone Industrielle, N° 342, Route de Dupontdan, Laâyoune, Maroc",0524204729,contact@societechaouiadeentreprise12.ma,Actif,10,47
1957,430337034000066,Somaco Entreprise 3 SARL AU,SA,Tourisme,TPE,924159.86,9,2012-06-01,Laâyoune,"Zone Industrielle, N° 317, Route de Legendre, Laâyoune, Maroc",0524831598,contact@somacoentreprise31.ma,Actif,10,46
1958,406024103000023,Société Maroc de Import-Export SNC,SARL,Commerce,TPE,3537603.5,2,2013-01-20,Laâyoune,"Zone Industrielle, N° 304, Route de Teixeira, Laâyoune, Maroc",0524941698,contact@societemarocdeimportexport2.ma,Actif,10,47
1959,834844423000091,Société Marocaine de Bâtiment SARL,SARL,BTP,TPE,1822609.75,9,2009-05-27,Laâyoune,"Zone Industrielle, N° 57, Route de Paris-sur-Marin, Laâyoune, Maroc",0524440564,contact@societemarocainedebatiment1.ma,Actif,10,46
1960,386869241000033,Société Bouregreg de Services SARL,SARL,Services,PME,53314232.8,55,2011-06-13,Laâyoune,"Zone Industrielle, N° 325, Route de Salmon, Laâyoune, Maroc",0524435046,contact@societebouregregdeservices1.ma,Actif,10,47
1961,286046233000031,Société Marocaine de Négoce SA,SA,Commerce,PME,61395069.5,54,2018-10-22,Laâyoune,"Zone Industrielle, N° 317, Route de Guyotnec, Laâyoune, Maroc",0524543994,contact@societemarocainedenegoce1.ma,Actif,10,46
1962,766913312000039,Somibat Holding 1 SARL AU,SA,Services,PME,27204126.1,147,2011-10-22,Laâyoune,"Zone Industrielle, N° 437, Route de Hamel, Laâyoune, Maroc",0524117031,contact@somibatholding1.ma,Actif,10,47
1963,540353882000034,Atlas Génie Civil SA,SARL,BTP,PME,34026656.39,81,2010-09-24,Laâyoune,"Zone Industrielle, N° 148, Route de Rodriguez-sur-Vincent, Laâyoune, Maroc",0524296944,contact@atlasgeniecivil.ma,Actif,10,46
1964,757445727000042,Euro Manufacture 1 SA,SARL,Industrie,TPE,1569549.07,9,2008-12-17,Laâyoune,"Zone Industrielle, N° 233, Route de Brianddan, Laâyoune, Maroc",0524499768,contact@euromanufacture1.ma,Actif,10,47
1965,468857602000012,Chaouia Export Agri 1 SA,SARL,Agriculture,PME,53234382.84,102,2017-10-05,Laâyoune,"Zone Industrielle, N° 178, Route de Davidboeuf, Laâyoune, Maroc",0524681419,contact@chaouiaexportagri1.ma,Actif,10,46
1966,614971107000090,Compagnie du Câblage 1 SARL AU,SNC,Industrie,TPE,1100591.88,1,2021-10-12,Laâyoune,"Zone Industrielle, N° 149, Route de Torres-les-Bains, Laâyoune, Maroc",0524738350,contact@compagnieducablage11.ma,Actif,10,47
1967,377684957000068,Saiss Ferme SNC,SARL,Agriculture,PME,28630173.94,119,2008-08-13,Laâyoune,"Zone Industrielle, N° 32, Route de Mathieudan, Laâyoune, Maroc",0524444076,contact@saissferme.ma,Actif,10,46
1968,883537156000088,Maghreb Market 4 SARL AU,SARL,Commerce,TPE,2792294.81,4,2019-04-09,Laâyoune,"Zone Industrielle, N° 388, Route de Lagarde, Laâyoune, Maroc",0524398636,contact@maghrebmarket41.ma,Actif,10,47
1969,789855263000012,Bahia Entreprise SNC,SARL,Santé,PME,68361390.76,142,2018-12-04,Laâyoune,"Zone Industrielle, N° 368, Route de Saint Margot, Laâyoune, Maroc",0524579803,contact@bahiaentreprise4.ma,Actif,10,46
1970,662210648000043,Bahia Métal 1 SARL,SNC,Industrie,PME,87321002.6,120,2007-01-25,Laâyoune,"Zone Industrielle, N° 418, Route de Gillet, Laâyoune, Maroc",0524325331,contact@bahiametal12.ma,Actif,10,47
1971,682848040000074,Saiss Négoce SNC,SARL,Commerce,PME,95353673.72,124,2015-01-21,Laâyoune,"Zone Industrielle, N° 49, Route de Roussel-sur-Germain, Laâyoune, Maroc",0524455159,contact@saissnegoce3.ma,Actif,10,46
1972,755730112000091,Bahia Holding 1 SARL AU,SA,Services,TPE,198013.73,2,2011-05-23,Laâyoune,"Zone Industrielle, N° 198, Route de Raymond, Laâyoune, Maroc",0524317566,contact@bahiaholding12.ma,Actif,10,47
1973,949316691000039,Bouregreg Distribution 1 SARL AU,SARL,Commerce,Grande Entreprise,330193470.47,1542,2018-07-28,Laâyoune,"Zone Industrielle, N° 305, Route de Lemoine, Laâyoune, Maroc",0524841772,contact@bouregregdistribution11.ma,Actif,10,46
1974,422834128000014,Compagnie du Entreprise 3 SARL AU,SARL,Transport,TPE,1623246.68,3,2010-06-26,Laâyoune,"Zone Industrielle, N° 73, Route de Charles-sur-Mer, Laâyoune, Maroc",0524567353,contact@compagnieduentreprise31.ma,Actif,10,47
1975,775582258000062,Société Med de Entreprise 1 SARL AU,SA,Transport,PME,36391648.54,184,2017-05-17,Laâyoune,"Zone Industrielle, N° 46, Route de Georges, Laâyoune, Maroc",0524927940,contact@societemeddeentreprise12.ma,Actif,10,46
1976,337012088000012,Société Taza de Nettoyage SA,SNC,Services,PME,28689974.95,175,2017-04-11,Laâyoune,"Zone Industrielle, N° 189, Route de Le Goff-sur-Poulain, Laâyoune, Maroc",0524637027,contact@societetazadenettoyage2.ma,Actif,10,47
1977,915068849000047,Riad Entreprise 2 SA,SARL,Transport,PME,13035112.45,30,2007-10-21,Laâyoune,"Zone Industrielle, N° 10, Route de Didier, Laâyoune, Maroc",0524318519,contact@riadentreprise22.ma,Actif,10,46
1978,545553352000028,Saiss Market 1 SNC,SARL,Commerce,PME,52852933.49,104,2020-01-07,Laâyoune,"Zone Industrielle, N° 177, Route de Lacroixnec, Laâyoune, Maroc",0524506104,contact@saissmarket11.ma,Actif,10,47
1979,505358971000041,Société Sous de Trading SARL AU,SARL,Commerce,TPE,1052084.83,7,2013-07-17,Laâyoune,"Zone Industrielle, N° 316, Route de Marchal, Laâyoune, Maroc",0524918815,contact@societesousdetrading2.ma,Actif,10,46
1980,579426375000048,Koutoubia Négoce SARL AU,SARL,Commerce,TPE,2732363.11,3,2006-08-08,Laâyoune,"Zone Industrielle, N° 73, Route de Guyotdan, Laâyoune, Maroc",0524978914,contact@koutoubianegoce.ma,Actif,10,47
1981,144173900000075,Société Taza de Entreprise 3 SA,SARL,Tourisme,TPE,1850907.42,8,2017-08-18,Laâyoune,"Zone Industrielle, N° 366, Route de Masse, Laâyoune, Maroc",0524428373,contact@societetazadeentreprise33.ma,Actif,10,46
1982,798000086000040,Bouregreg Métal SNC,EURL,Industrie,PME,91401527.43,164,2016-10-09,Laâyoune,"Zone Industrielle, N° 156, Route de Bruneau, Laâyoune, Maroc",0524817371,contact@bouregregmetal.ma,Actif,10,47
1983,611313927000059,Société Marocaine de Wholesale SARL AU,SARL,Commerce,Grande Entreprise,435724322.51,1569,2013-01-25,Laâyoune,"Zone Industrielle, N° 132, Route de Roussel, Laâyoune, Maroc",0524922092,contact@societemarocainedewholesale2.ma,Actif,10,46
1984,314449061000048,Société Marocaine de Négoce 1 SA,SARL,Commerce,TPE,2832105.99,5,2007-05-20,Laâyoune,"Zone Industrielle, N° 189, Route de Huet, Laâyoune, Maroc",0524566775,contact@societemarocainedenegoce11.ma,Actif,10,47
1985,398245981000014,Union Agrumes SA,SARL,Agriculture,TPE,1653741.27,8,2006-11-23,Laâyoune,"Zone Industrielle, N° 302, Route de Lesagenec, Laâyoune, Maroc",0524148770,contact@unionagrumes3.ma,Actif,10,46
1986,805690050000064,Euro Export Agri SA,SARL,Agriculture,PME,40397062.25,101,2012-09-26,Laâyoune,"Zone Industrielle, N° 345, Route de Rodrigues, Laâyoune, Maroc",0524449733,contact@euroexportagri1.ma,Actif,10,47
1987,712698424000020,Taza Entreprise 2 SA,SARL,Tourisme,TPE,1775586.68,3,2005-01-09,Laâyoune,"Zone Industrielle, N° 24, Route de Reynaud, Laâyoune, Maroc",0524589071,contact@tazaentreprise21.ma,Actif,10,46
1988,995015427000050,Maroc Industrie 1 SARL AU,SARL,Industrie,TPE,3704500.18,5,2021-10-19,Laâyoune,"Zone Industrielle, N° 214, Route de Saint Astrid, Laâyoune, Maroc",0524871330,contact@marocindustrie11.ma,Actif,10,47
1989,884010024000049,Société Chaouia de Aménagement 2 SARL AU,EURL,BTP,Grande Entreprise,134705455.74,616,2013-07-14,Laâyoune,"Zone Industrielle, N° 169, Route de Lucasboeuf, Laâyoune, Maroc",0524180216,contact@societechaouiadeamenagement2.ma,Actif,10,46
1990,820711272000093,Société Med de Câblage 1 SNC,SARL,Industrie,TPE,2182746.08,2,2019-12-19,Laâyoune,"Zone Industrielle, N° 214, Route de Ribeiro-la-Forêt, Laâyoune, Maroc",0524531603,contact@societemeddecablage1.ma,Actif,10,47
1991,665597871000092,Société Saiss de Entreprise SARL,SARL,Tourisme,PME,84219915.36,150,2015-10-19,Laâyoune,"Zone Industrielle, N° 18, Route de DuhamelVille, Laâyoune, Maroc",0524493139,contact@societesaissdeentreprise5.ma,Actif,10,46
1992,438814661000045,Soma Béton SA,SA,BTP,PME,31241506.51,52,2020-07-10,Laâyoune,"Zone Industrielle, N° 18, Route de Perrin-les-Bains, Laâyoune, Maroc",0524996915,contact@somabeton.ma,Actif,10,47
1993,503830476000014,Somibat Plastique SA,SARL,Industrie,PME,69638865.02,169,2007-04-03,Laâyoune,"Zone Industrielle, N° 208, Route de Saint Sylvie, Laâyoune, Maroc",0524657773,contact@somibatplastique2.ma,Actif,10,46
1994,424748448000026,Med Wholesale 2 SARL,SA,Commerce,TPE,1606888.81,4,2015-03-09,Laâyoune,"Zone Industrielle, N° 163, Route de Ollivier, Laâyoune, Maroc",0524577319,contact@medwholesale21.ma,Actif,10,47
1995,483700328000020,Société Koutoubia de Logistique SARL,SNC,Services,TPE,1703840.4,5,2012-09-16,Laâyoune,"Zone Industrielle, N° 125, Route de Sainte Noémiboeuf, Laâyoune, Maroc",0524776478,contact@societekoutoubiadelogistique1.ma,Actif,10,46
1996,301754478000011,Sous Services 1 SNC,SARL,Services,TPE,3763822.31,7,2011-06-03,Laâyoune,"Zone Industrielle, N° 355, Route de Alves, Laâyoune, Maroc",0524630036,contact@sousservices11.ma,Actif,10,47
1997,844926070000025,Riad Services SNC,SARL,Services,TPE,2619171.98,4,2021-09-12,Laâyoune,"Zone Industrielle, N° 95, Route de Vaillant, Laâyoune, Maroc",0524768672,contact@riadservices.ma,Actif,10,46
1998,487627171000076,Société Riad de Entreprise 2 SARL,SA,Tourisme,TPE,3051355.35,6,2007-03-18,Laâyoune,"Zone Industrielle, N° 179, Route de Boucherboeuf, Laâyoune, Maroc",0524493329,contact@societeriaddeentreprise23.ma,Actif,10,47
1999,918410962000083,Société Maghreb de Logistique 1 SARL AU,SARL,Services,PME,97435122.11,38,2008-10-08,Laâyoune,"Zone Industrielle, N° 282, Route de Sainte Gérard, Laâyoune, Maroc",0524426158,contact@societemaghrebdelogistique12.ma,Actif,10,46
2000,976635303000032,Société Maroc de Laiterie 1 SA,SNC,Agriculture,TPE,4468490.16,1,2011-05-05,Laâyoune,"Zone Industrielle, N° 320, Route de Potier, Laâyoune, Maroc",0524837754,contact@societemarocdelaiterie1.ma,Actif,10,47
