id_souscription,id_entreprise,id_solution,date_souscription,statut,niveau_utilisation
1,1,1,2022-04-06,ACTIF,FAIBLE
2,1,5,2022-02-11,ACTIF,ELEVE
3,2,1,2022-02-17,ACTIF,ELEVE
4,2,2,2022-04-24,ACTIF,MOYEN
5,2,3,2022-08-09,ACTIF,FAIBLE
6,2,4,2022-12-10,ACTIF,MOYEN
7,3,2,2022-02-04,ACTIF,FAIBLE
8,3,4,2022-08-29,ACTIF,ELEVE
9,5,1,2022-06-25,ACTIF,MOYEN
10,5,4,2022-06-21,RESILIE,MOYEN
11,5,5,2022-10-28,RESILIE,ELEVE
12,6,2,2022-08-12,ACTIF,ELEVE
13,6,5,2022-06-22,ACTIF,ELEVE
14,7,3,2022-08-18,ACTIF,FAIBLE
15,8,3,2022-10-12,ACTIF,ELEVE
16,8,5,2022-03-20,ACTIF,MOYEN
17,9,3,2022-02-27,ACTIF,ELEVE
18,10,1,2022-07-30,ACTIF,ELEVE
19,10,2,2022-03-31,ACTIF,FAIBLE
20,11,3,2022-11-03,ACTIF,FAIBLE
21,13,3,2022-01-31,RESILIE,FAIBLE
22,14,1,2022-07-08,ACTIF,ELEVE
23,14,2,2022-04-23,ACTIF,ELEVE
24,14,3,2022-11-24,ACTIF,MOYEN
25,15,2,2022-10-05,ACTIF,ELEVE
26,16,3,2022-10-25,ACTIF,FAIBLE
27,16,5,2022-01-22,ACTIF,MOYEN
28,17,5,2022-11-22,ACTIF,MOYEN
29,18,2,2022-02-27,ACTIF,ELEVE
30,18,5,2022-05-28,ACTIF,FAIBLE
31,19,2,2022-07-16,ACTIF,MOYEN
32,20,2,2022-07-30,ACTIF,MOYEN
33,21,1,2022-05-01,ACTIF,MOYEN
34,21,2,2022-12-13,ACTIF,FAIBLE
35,21,3,2022-11-14,ACTIF,FAIBLE
36,22,3,2022-06-08,ACTIF,MOYEN
37,22,4,2022-09-01,ACTIF,FAIBLE
38,23,1,2022-01-24,ACTIF,FAIBLE
39,25,2,2022-11-13,ACTIF,ELEVE
40,26,2,2022-08-29,ACTIF,FAIBLE
41,27,2,2022-02-13,ACTIF,ELEVE
42,27,5,2022-01-20,ACTIF,ELEVE
43,29,2,2022-12-20,ACTIF,FAIBLE
44,29,3,2022-12-21,ACTIF,ELEVE
45,29,4,2022-04-07,ACTIF,ELEVE
46,30,3,2022-05-07,ACTIF,FAIBLE
47,30,4,2022-08-27,ACTIF,ELEVE
48,30,5,2022-06-17,ACTIF,ELEVE
49,32,2,2022-10-25,ACTIF,FAIBLE
50,32,4,2022-07-01,ACTIF,ELEVE
51,32,5,2022-05-14,ACTIF,MOYEN
52,33,1,2022-09-17,ACTIF,MOYEN
53,33,5,2022-09-30,ACTIF,ELEVE
54,34,1,2022-09-07,ACTIF,MOYEN
55,34,4,2022-10-12,ACTIF,MOYEN
56,35,1,2022-08-31,ACTIF,MOYEN
57,36,2,2022-06-02,ACTIF,ELEVE
58,36,4,2022-07-18,ACTIF,ELEVE
59,37,2,2022-11-18,ACTIF,MOYEN
60,37,5,2022-05-01,ACTIF,MOYEN
61,38,2,2022-03-13,ACTIF,MOYEN
62,38,4,2022-07-02,ACTIF,ELEVE
63,39,1,2022-06-08,ACTIF,FAIBLE
64,39,2,2022-10-20,ACTIF,ELEVE
65,40,2,2022-12-03,ACTIF,ELEVE
66,41,4,2022-04-30,ACTIF,FAIBLE
67,42,1,2022-07-05,ACTIF,FAIBLE
68,42,2,2022-10-12,ACTIF,MOYEN
69,42,4,2022-07-12,ACTIF,MOYEN
70,42,5,2022-01-24,ACTIF,MOYEN
71,43,1,2022-08-05,ACTIF,FAIBLE
72,43,2,2022-06-01,ACTIF,ELEVE
73,44,1,2022-07-05,ACTIF,ELEVE
74,44,4,2022-11-05,ACTIF,FAIBLE
75,46,4,2022-02-28,RESILIE,MOYEN
76,48,2,2022-06-28,ACTIF,ELEVE
77,48,5,2022-05-07,ACTIF,ELEVE
78,49,5,2022-11-24,ACTIF,FAIBLE
79,50,2,2022-10-31,ACTIF,ELEVE
80,50,3,2022-10-01,ACTIF,FAIBLE
81,50,5,2022-11-05,ACTIF,ELEVE
82,51,1,2022-06-22,ACTIF,ELEVE
83,51,2,2022-12-26,ACTIF,FAIBLE
84,52,2,2022-12-11,ACTIF,MOYEN
85,52,5,2022-07-29,ACTIF,MOYEN
86,53,1,2022-01-25,ACTIF,MOYEN
87,53,5,2022-06-21,RESILIE,FAIBLE
88,54,2,2022-09-25,ACTIF,FAIBLE
89,56,4,2022-03-14,ACTIF,MOYEN
90,57,4,2022-07-05,ACTIF,ELEVE
91,58,1,2022-06-12,RESILIE,ELEVE
92,58,2,2022-02-21,ACTIF,ELEVE
93,58,4,2022-07-15,ACTIF,MOYEN
94,59,2,2022-07-10,ACTIF,MOYEN
95,59,5,2022-10-16,ACTIF,MOYEN
96,60,2,2022-12-22,ACTIF,MOYEN
97,61,1,2022-01-25,ACTIF,ELEVE
98,62,2,2022-09-29,ACTIF,FAIBLE
99,62,4,2022-10-14,ACTIF,MOYEN
100,62,5,2022-04-25,ACTIF,MOYEN
101,63,1,2022-12-17,ACTIF,ELEVE
102,63,2,2022-01-25,ACTIF,MOYEN
103,64,2,2022-09-25,ACTIF,ELEVE
104,65,2,2022-07-13,ACTIF,ELEVE
105,65,4,2022-05-06,ACTIF,MOYEN
106,65,5,2022-08-10,ACTIF,FAIBLE
107,66,1,2022-11-23,ACTIF,MOYEN
108,66,2,2022-07-13,ACTIF,ELEVE
109,66,4,2022-03-10,ACTIF,MOYEN
110,67,4,2022-10-21,ACTIF,MOYEN
111,67,5,2022-10-13,ACTIF,MOYEN
112,68,1,2022-04-05,ACTIF,FAIBLE
113,68,2,2022-05-17,ACTIF,ELEVE
114,68,5,2022-12-28,ACTIF,FAIBLE
115,69,1,2022-08-23,RESILIE,MOYEN
116,69,2,2022-12-26,ACTIF,MOYEN
117,69,4,2022-02-14,ACTIF,MOYEN
118,70,1,2022-02-28,ACTIF,FAIBLE
119,70,2,2022-03-11,ACTIF,FAIBLE
120,70,3,2022-04-23,ACTIF,FAIBLE
121,70,5,2022-09-25,ACTIF,ELEVE
122,71,2,2022-12-26,ACTIF,FAIBLE
123,71,5,2022-02-17,ACTIF,ELEVE
124,72,2,2022-12-23,ACTIF,FAIBLE
125,72,5,2022-07-21,ACTIF,ELEVE
126,73,4,2022-04-15,ACTIF,MOYEN
127,74,5,2022-02-19,ACTIF,FAIBLE
128,75,5,2022-03-21,ACTIF,ELEVE
129,76,1,2022-04-11,ACTIF,FAIBLE
130,76,4,2022-07-28,ACTIF,FAIBLE
131,77,4,2022-07-05,ACTIF,ELEVE
132,77,5,2022-06-28,RESILIE,MOYEN
133,78,2,2022-07-25,ACTIF,ELEVE
134,78,5,2022-02-24,ACTIF,FAIBLE
135,80,1,2022-07-30,ACTIF,MOYEN
136,80,4,2022-05-01,ACTIF,ELEVE
137,81,1,2022-11-15,ACTIF,FAIBLE
138,81,4,2022-03-08,ACTIF,ELEVE
139,81,5,2022-09-27,ACTIF,FAIBLE
140,82,2,2022-02-23,ACTIF,MOYEN
141,82,4,2022-06-01,ACTIF,FAIBLE
142,82,5,2022-08-30,ACTIF,FAIBLE
143,83,2,2022-01-16,ACTIF,ELEVE
144,84,3,2022-08-19,ACTIF,ELEVE
145,85,1,2022-09-11,ACTIF,MOYEN
146,85,3,2022-08-19,ACTIF,ELEVE
147,86,1,2022-03-05,ACTIF,MOYEN
148,86,2,2022-10-11,ACTIF,ELEVE
149,86,3,2022-06-18,ACTIF,FAIBLE
150,86,5,2022-05-11,ACTIF,ELEVE
151,87,4,2022-08-23,ACTIF,MOYEN
152,88,1,2022-02-03,ACTIF,MOYEN
153,88,5,2022-05-24,ACTIF,ELEVE
154,89,4,2022-06-17,ACTIF,FAIBLE
155,90,1,2022-11-17,ACTIF,MOYEN
156,90,2,2022-02-20,ACTIF,ELEVE
157,90,4,2022-08-07,ACTIF,ELEVE
158,90,5,2022-01-21,ACTIF,MOYEN
159,91,1,2022-07-05,ACTIF,FAIBLE
160,91,2,2022-08-07,ACTIF,ELEVE
161,91,5,2022-01-17,ACTIF,FAIBLE
162,93,2,2022-01-21,ACTIF,FAIBLE
163,93,4,2022-07-23,ACTIF,ELEVE
164,94,1,2022-12-31,ACTIF,ELEVE
165,94,2,2022-07-20,ACTIF,MOYEN
166,95,1,2022-05-25,ACTIF,MOYEN
167,95,4,2022-04-09,ACTIF,ELEVE
168,95,5,2022-03-02,ACTIF,FAIBLE
169,96,1,2022-03-01,ACTIF,ELEVE
170,97,1,2022-05-08,ACTIF,MOYEN
171,98,3,2022-07-11,ACTIF,MOYEN
172,99,1,2022-03-23,ACTIF,MOYEN
173,99,3,2022-03-04,ACTIF,MOYEN
174,101,1,2022-10-28,ACTIF,MOYEN
175,101,2,2022-09-10,ACTIF,ELEVE
176,101,3,2022-08-02,ACTIF,MOYEN
177,101,4,2022-12-17,ACTIF,ELEVE
178,103,2,2022-05-12,ACTIF,FAIBLE
179,104,2,2022-09-28,RESILIE,MOYEN
180,104,5,2022-06-08,ACTIF,ELEVE
181,105,5,2022-03-16,ACTIF,ELEVE
182,106,1,2022-01-26,ACTIF,MOYEN
183,106,2,2022-02-11,ACTIF,MOYEN
184,106,5,2022-11-08,ACTIF,ELEVE
185,107,2,2022-03-17,ACTIF,FAIBLE
186,108,1,2022-09-03,ACTIF,MOYEN
187,109,2,2022-08-02,ACTIF,ELEVE
188,110,5,2023-01-01,ACTIF,MOYEN
189,111,1,2022-08-17,ACTIF,FAIBLE
190,111,2,2022-11-14,ACTIF,ELEVE
191,112,2,2022-03-24,ACTIF,MOYEN
192,113,5,2022-12-16,ACTIF,FAIBLE
193,114,2,2022-07-27,ACTIF,FAIBLE
194,115,2,2022-02-28,ACTIF,FAIBLE
195,115,5,2022-10-26,ACTIF,ELEVE
196,116,1,2022-02-01,ACTIF,MOYEN
197,116,4,2022-04-09,ACTIF,FAIBLE
198,117,1,2022-03-30,ACTIF,FAIBLE
199,118,5,2022-05-28,ACTIF,ELEVE
200,119,2,2022-07-11,ACTIF,ELEVE
201,119,5,2022-03-28,ACTIF,ELEVE
202,120,1,2022-07-10,ACTIF,FAIBLE
203,120,3,2022-07-30,ACTIF,MOYEN
204,121,1,2022-09-18,ACTIF,MOYEN
205,121,2,2022-11-08,ACTIF,ELEVE
206,121,5,2022-07-20,RESILIE,MOYEN
207,122,3,2022-05-22,ACTIF,MOYEN
208,125,1,2022-11-14,ACTIF,FAIBLE
209,125,2,2022-02-23,ACTIF,MOYEN
210,126,1,2022-08-09,ACTIF,MOYEN
211,128,1,2022-02-24,ACTIF,MOYEN
212,128,5,2022-03-14,ACTIF,MOYEN
213,129,2,2022-03-15,ACTIF,MOYEN
214,129,3,2022-04-19,ACTIF,ELEVE
215,129,4,2022-01-18,ACTIF,FAIBLE
216,130,1,2022-09-22,ACTIF,MOYEN
217,130,2,2022-01-26,ACTIF,FAIBLE
218,130,5,2022-09-23,ACTIF,MOYEN
219,131,2,2022-06-06,ACTIF,ELEVE
220,131,3,2022-02-19,ACTIF,FAIBLE
221,131,4,2022-08-16,ACTIF,FAIBLE
222,131,5,2022-01-25,ACTIF,FAIBLE
223,132,4,2022-02-11,ACTIF,FAIBLE
224,132,5,2022-09-19,ACTIF,ELEVE
225,133,1,2022-10-20,ACTIF,FAIBLE
226,133,5,2022-05-17,ACTIF,ELEVE
227,134,3,2022-02-10,ACTIF,FAIBLE
228,135,1,2022-03-25,ACTIF,MOYEN
229,135,2,2022-12-21,ACTIF,ELEVE
230,136,1,2022-02-07,ACTIF,ELEVE
231,136,2,2022-11-23,ACTIF,MOYEN
232,136,3,2022-03-23,ACTIF,MOYEN
233,136,4,2022-03-18,ACTIF,ELEVE
234,137,2,2022-04-02,ACTIF,ELEVE
235,137,3,2022-06-02,ACTIF,ELEVE
236,137,4,2022-09-17,ACTIF,ELEVE
237,137,5,2022-03-09,ACTIF,MOYEN
238,138,5,2022-05-04,ACTIF,ELEVE
239,139,1,2022-11-19,RESILIE,FAIBLE
240,140,2,2022-06-23,ACTIF,FAIBLE
241,141,1,2022-03-23,ACTIF,MOYEN
242,141,5,2022-12-16,RESILIE,ELEVE
243,142,4,2022-12-12,ACTIF,MOYEN
244,143,1,2022-05-28,ACTIF,MOYEN
245,143,2,2022-12-04,ACTIF,MOYEN
246,144,4,2022-08-11,ACTIF,ELEVE
247,144,5,2022-10-08,ACTIF,ELEVE
248,145,5,2022-10-16,ACTIF,ELEVE
249,146,1,2022-06-15,ACTIF,MOYEN
250,146,2,2022-02-10,ACTIF,ELEVE
251,146,3,2022-06-11,ACTIF,FAIBLE
252,146,5,2022-05-12,ACTIF,MOYEN
253,147,1,2022-04-11,ACTIF,MOYEN
254,147,4,2022-07-22,ACTIF,MOYEN
255,148,1,2022-11-18,ACTIF,FAIBLE
256,148,4,2022-12-04,ACTIF,FAIBLE
257,149,1,2022-05-19,ACTIF,FAIBLE
258,149,2,2022-09-08,ACTIF,FAIBLE
259,149,5,2022-07-03,ACTIF,MOYEN
260,150,5,2022-11-24,ACTIF,FAIBLE
261,151,1,2022-10-13,ACTIF,ELEVE
262,151,3,2022-11-06,ACTIF,ELEVE
263,152,2,2022-08-17,ACTIF,ELEVE
264,153,1,2022-07-15,ACTIF,FAIBLE
265,153,2,2022-04-12,ACTIF,FAIBLE
266,154,2,2022-01-21,ACTIF,FAIBLE
267,154,3,2022-10-31,ACTIF,FAIBLE
268,156,1,2022-09-04,ACTIF,ELEVE
269,156,4,2022-12-19,ACTIF,FAIBLE
270,156,5,2022-12-10,ACTIF,FAIBLE
271,158,2,2022-06-02,ACTIF,ELEVE
272,158,3,2022-05-14,ACTIF,ELEVE
273,158,5,2022-05-04,ACTIF,ELEVE
274,159,2,2022-07-12,ACTIF,FAIBLE
275,159,4,2022-09-06,ACTIF,FAIBLE
276,160,5,2022-07-09,ACTIF,FAIBLE
277,161,2,2022-04-18,ACTIF,FAIBLE
278,161,3,2022-04-17,ACTIF,FAIBLE
279,161,5,2022-12-06,ACTIF,ELEVE
280,162,1,2022-09-07,ACTIF,FAIBLE
281,162,2,2022-02-07,ACTIF,MOYEN
282,162,4,2022-03-24,ACTIF,MOYEN
283,162,5,2022-03-02,ACTIF,MOYEN
284,163,1,2022-09-28,ACTIF,FAIBLE
285,163,5,2022-04-03,ACTIF,FAIBLE
286,164,5,2022-11-15,ACTIF,ELEVE
287,165,3,2022-05-15,ACTIF,ELEVE
288,165,4,2022-09-21,ACTIF,ELEVE
289,165,5,2022-05-23,RESILIE,ELEVE
290,166,1,2022-01-26,ACTIF,MOYEN
291,166,2,2022-06-23,RESILIE,ELEVE
292,167,2,2022-09-27,ACTIF,MOYEN
293,167,5,2022-05-14,RESILIE,FAIBLE
294,168,2,2022-06-07,ACTIF,MOYEN
295,169,1,2022-02-23,ACTIF,ELEVE
296,169,5,2022-06-26,ACTIF,FAIBLE
297,170,2,2022-02-22,ACTIF,MOYEN
298,170,3,2022-06-25,ACTIF,ELEVE
299,171,2,2022-09-01,ACTIF,MOYEN
300,173,1,2022-02-25,ACTIF,MOYEN
301,173,2,2022-03-06,ACTIF,FAIBLE
302,174,2,2022-11-16,ACTIF,FAIBLE
303,175,2,2022-10-10,ACTIF,FAIBLE
304,176,1,2023-01-01,ACTIF,MOYEN
305,176,3,2022-07-14,ACTIF,ELEVE
306,176,5,2022-08-08,ACTIF,ELEVE
307,177,1,2022-09-18,ACTIF,FAIBLE
308,177,2,2022-04-05,ACTIF,ELEVE
309,178,1,2022-12-24,ACTIF,MOYEN
310,178,5,2022-09-11,ACTIF,ELEVE
311,179,4,2022-08-08,ACTIF,ELEVE
312,181,1,2022-06-10,ACTIF,ELEVE
313,181,2,2022-02-25,ACTIF,MOYEN
314,181,4,2022-08-26,ACTIF,MOYEN
315,182,2,2022-10-30,ACTIF,MOYEN
316,182,4,2022-06-20,ACTIF,MOYEN
317,182,5,2022-11-23,ACTIF,MOYEN
318,183,1,2022-06-20,ACTIF,FAIBLE
319,183,2,2022-02-09,ACTIF,ELEVE
320,183,5,2022-02-01,ACTIF,FAIBLE
321,184,2,2022-07-04,ACTIF,FAIBLE
322,185,1,2022-04-28,ACTIF,FAIBLE
323,185,5,2022-08-16,ACTIF,FAIBLE
324,186,3,2022-03-09,ACTIF,FAIBLE
325,186,4,2022-07-26,ACTIF,MOYEN
326,186,5,2022-02-14,ACTIF,MOYEN
327,187,4,2022-10-31,ACTIF,ELEVE
328,188,4,2022-10-04,ACTIF,MOYEN
329,188,5,2022-08-04,ACTIF,FAIBLE
330,189,4,2022-12-25,ACTIF,FAIBLE
331,190,1,2022-06-25,ACTIF,FAIBLE
332,190,4,2022-06-07,ACTIF,FAIBLE
333,191,2,2022-06-03,ACTIF,MOYEN
334,191,3,2022-11-29,ACTIF,MOYEN
335,192,2,2022-07-07,ACTIF,FAIBLE
336,192,5,2022-03-22,ACTIF,FAIBLE
337,193,1,2022-06-11,ACTIF,FAIBLE
338,194,1,2022-02-25,ACTIF,ELEVE
339,194,3,2022-05-30,ACTIF,FAIBLE
340,194,5,2022-10-02,ACTIF,FAIBLE
341,195,2,2022-10-20,ACTIF,FAIBLE
342,195,4,2022-10-12,ACTIF,ELEVE
343,195,5,2022-12-07,ACTIF,ELEVE
344,197,5,2022-06-20,ACTIF,FAIBLE
345,198,1,2022-05-28,ACTIF,ELEVE
346,198,2,2022-10-21,ACTIF,MOYEN
347,198,3,2022-09-09,ACTIF,FAIBLE
348,198,4,2022-02-06,ACTIF,FAIBLE
349,199,3,2022-04-04,ACTIF,MOYEN
350,200,4,2022-11-05,ACTIF,MOYEN
351,200,5,2022-05-31,ACTIF,MOYEN
352,204,4,2022-02-08,ACTIF,FAIBLE
353,204,5,2022-04-27,ACTIF,FAIBLE
354,205,1,2022-10-30,ACTIF,ELEVE
355,205,2,2022-07-10,ACTIF,FAIBLE
356,205,4,2022-03-16,ACTIF,MOYEN
357,206,1,2022-09-03,ACTIF,FAIBLE
358,206,2,2022-11-05,ACTIF,ELEVE
359,206,3,2022-08-01,ACTIF,MOYEN
360,207,2,2022-04-27,ACTIF,FAIBLE
361,207,5,2022-06-26,ACTIF,MOYEN
362,208,2,2022-12-20,ACTIF,MOYEN
363,208,5,2022-05-09,ACTIF,FAIBLE
364,209,2,2022-11-28,ACTIF,ELEVE
365,209,5,2022-05-13,ACTIF,FAIBLE
366,210,2,2022-11-26,ACTIF,MOYEN
367,210,5,2022-01-18,ACTIF,MOYEN
368,211,1,2022-09-03,ACTIF,MOYEN
369,211,2,2022-12-12,ACTIF,ELEVE
370,211,5,2023-01-01,ACTIF,FAIBLE
371,212,4,2022-03-05,ACTIF,FAIBLE
372,212,5,2022-08-02,ACTIF,MOYEN
373,213,1,2022-06-13,ACTIF,ELEVE
374,214,4,2022-02-20,ACTIF,MOYEN
375,215,2,2022-02-12,ACTIF,MOYEN
376,215,3,2022-02-21,ACTIF,MOYEN
377,216,2,2022-06-23,ACTIF,ELEVE
378,216,5,2022-10-13,ACTIF,FAIBLE
379,217,2,2022-11-05,ACTIF,ELEVE
380,217,5,2022-01-28,ACTIF,FAIBLE
381,218,1,2022-06-15,ACTIF,FAIBLE
382,218,5,2022-05-12,ACTIF,FAIBLE
383,219,2,2022-11-01,ACTIF,ELEVE
384,220,1,2022-03-12,ACTIF,MOYEN
385,220,2,2022-05-04,ACTIF,ELEVE
386,220,4,2022-02-13,ACTIF,MOYEN
387,221,2,2022-08-10,ACTIF,MOYEN
388,221,4,2022-11-26,ACTIF,MOYEN
389,222,1,2022-09-05,RESILIE,FAIBLE
390,222,5,2022-10-02,ACTIF,MOYEN
391,223,1,2022-04-26,ACTIF,ELEVE
392,223,5,2022-12-20,ACTIF,FAIBLE
393,224,1,2022-09-18,ACTIF,ELEVE
394,224,4,2022-02-25,ACTIF,FAIBLE
395,224,5,2022-03-20,ACTIF,MOYEN
396,226,1,2022-05-13,ACTIF,MOYEN
397,226,2,2022-03-19,ACTIF,MOYEN
398,226,3,2022-11-12,ACTIF,ELEVE
399,226,5,2022-05-30,ACTIF,MOYEN
400,227,1,2022-11-15,ACTIF,ELEVE
401,227,2,2022-03-09,ACTIF,MOYEN
402,228,2,2022-05-17,ACTIF,MOYEN
403,228,5,2022-10-19,ACTIF,MOYEN
404,229,4,2022-12-14,ACTIF,FAIBLE
405,230,1,2022-02-12,ACTIF,FAIBLE
406,230,2,2022-03-13,ACTIF,ELEVE
407,230,3,2022-07-02,ACTIF,MOYEN
408,230,4,2022-11-11,ACTIF,MOYEN
409,230,5,2022-05-25,ACTIF,ELEVE
410,231,2,2022-03-01,ACTIF,FAIBLE
411,231,5,2022-04-24,ACTIF,ELEVE
412,232,2,2022-11-05,ACTIF,ELEVE
413,233,4,2022-05-07,ACTIF,FAIBLE
414,235,1,2022-08-15,RESILIE,MOYEN
415,235,3,2022-03-27,RESILIE,FAIBLE
416,236,1,2022-03-28,ACTIF,FAIBLE
417,237,1,2022-07-31,ACTIF,FAIBLE
418,237,5,2022-08-15,ACTIF,MOYEN
419,238,2,2022-05-18,ACTIF,MOYEN
420,239,2,2022-06-05,ACTIF,FAIBLE
421,239,3,2022-11-07,ACTIF,ELEVE
422,239,5,2022-04-17,ACTIF,MOYEN
423,240,2,2022-12-07,ACTIF,MOYEN
424,240,4,2022-11-20,ACTIF,FAIBLE
425,240,5,2022-12-01,ACTIF,ELEVE
426,241,5,2022-05-27,ACTIF,MOYEN
427,243,4,2022-03-16,ACTIF,FAIBLE
428,244,1,2022-08-22,ACTIF,MOYEN
429,244,3,2022-10-30,ACTIF,MOYEN
430,244,5,2022-07-13,ACTIF,ELEVE
431,245,2,2022-12-09,ACTIF,MOYEN
432,245,3,2022-09-19,ACTIF,ELEVE
433,245,5,2022-07-17,ACTIF,ELEVE
434,246,1,2022-06-01,RESILIE,MOYEN
435,246,2,2022-03-16,ACTIF,MOYEN
436,247,1,2022-04-23,ACTIF,MOYEN
437,247,2,2022-01-19,ACTIF,FAIBLE
438,249,1,2022-07-18,ACTIF,MOYEN
439,249,2,2022-07-12,ACTIF,FAIBLE
440,249,4,2022-09-04,ACTIF,MOYEN
441,249,5,2022-09-18,ACTIF,ELEVE
442,250,3,2022-10-13,ACTIF,MOYEN
443,251,2,2022-03-09,ACTIF,FAIBLE
444,251,5,2022-05-02,ACTIF,FAIBLE
445,252,2,2022-05-23,ACTIF,FAIBLE
446,252,4,2022-04-11,ACTIF,ELEVE
447,253,1,2022-09-11,RESILIE,FAIBLE
448,253,3,2022-03-13,ACTIF,FAIBLE
449,254,1,2022-04-13,ACTIF,ELEVE
450,254,5,2022-07-13,ACTIF,FAIBLE
451,255,2,2022-11-27,ACTIF,MOYEN
452,255,4,2022-09-13,ACTIF,MOYEN
453,255,5,2022-12-31,ACTIF,ELEVE
454,256,2,2022-05-03,ACTIF,ELEVE
455,256,3,2022-12-01,ACTIF,ELEVE
456,256,5,2022-01-25,RESILIE,FAIBLE
457,257,2,2022-03-15,ACTIF,ELEVE
458,257,4,2022-03-22,ACTIF,FAIBLE
459,257,5,2022-02-09,ACTIF,FAIBLE
460,258,1,2022-09-04,ACTIF,FAIBLE
461,258,2,2022-04-04,ACTIF,ELEVE
462,258,5,2022-06-04,ACTIF,ELEVE
463,259,2,2022-09-06,ACTIF,MOYEN
464,260,1,2022-10-29,ACTIF,FAIBLE
465,260,2,2022-08-16,ACTIF,ELEVE
466,260,3,2022-08-22,ACTIF,ELEVE
467,261,1,2022-05-23,ACTIF,FAIBLE
468,261,2,2022-06-07,ACTIF,MOYEN
469,261,3,2022-03-07,ACTIF,MOYEN
470,261,5,2022-10-22,ACTIF,MOYEN
471,262,3,2022-12-17,ACTIF,FAIBLE
472,262,4,2022-11-09,ACTIF,MOYEN
473,262,5,2022-01-17,ACTIF,ELEVE
474,263,1,2022-07-18,ACTIF,FAIBLE
475,263,2,2022-11-24,ACTIF,MOYEN
476,264,2,2022-04-09,ACTIF,ELEVE
477,264,3,2022-05-21,ACTIF,ELEVE
478,265,2,2022-10-23,RESILIE,FAIBLE
479,265,5,2022-06-03,ACTIF,ELEVE
480,267,4,2022-03-11,ACTIF,FAIBLE
481,267,5,2022-04-07,ACTIF,MOYEN
482,269,1,2022-02-05,ACTIF,FAIBLE
483,269,2,2022-10-15,ACTIF,ELEVE
484,269,4,2022-07-18,ACTIF,ELEVE
485,270,3,2022-10-21,ACTIF,MOYEN
486,271,2,2022-11-23,ACTIF,FAIBLE
487,272,2,2022-04-18,ACTIF,FAIBLE
488,272,5,2022-08-31,ACTIF,MOYEN
489,273,2,2022-12-30,ACTIF,FAIBLE
490,273,5,2022-06-21,ACTIF,MOYEN
491,274,2,2022-05-24,ACTIF,MOYEN
492,274,4,2022-08-03,ACTIF,FAIBLE
493,275,5,2022-03-12,ACTIF,MOYEN
494,276,2,2022-05-01,ACTIF,FAIBLE
495,276,5,2022-10-06,ACTIF,FAIBLE
496,277,3,2022-10-02,ACTIF,ELEVE
497,278,1,2022-09-26,ACTIF,MOYEN
498,278,2,2022-03-16,ACTIF,ELEVE
499,281,1,2022-10-09,ACTIF,ELEVE
500,284,2,2022-05-20,ACTIF,FAIBLE
501,284,4,2022-01-18,ACTIF,MOYEN
502,286,1,2022-06-06,ACTIF,MOYEN
503,286,5,2022-03-13,ACTIF,FAIBLE
504,287,4,2022-12-09,ACTIF,MOYEN
505,287,5,2022-09-04,RESILIE,MOYEN
506,288,1,2022-08-04,ACTIF,FAIBLE
507,289,1,2022-11-24,ACTIF,ELEVE
508,289,5,2022-11-22,ACTIF,ELEVE
509,290,2,2022-06-25,ACTIF,MOYEN
510,290,5,2022-12-22,ACTIF,ELEVE
511,291,2,2022-05-07,ACTIF,MOYEN
512,291,5,2022-08-30,ACTIF,ELEVE
513,293,4,2022-12-02,ACTIF,FAIBLE
514,294,2,2022-04-23,ACTIF,FAIBLE
515,294,4,2022-05-16,ACTIF,FAIBLE
516,295,1,2022-10-26,ACTIF,MOYEN
517,295,2,2022-04-21,ACTIF,FAIBLE
518,295,4,2022-12-31,ACTIF,MOYEN
519,295,5,2022-05-17,ACTIF,MOYEN
520,296,5,2022-02-12,ACTIF,FAIBLE
521,297,1,2022-06-02,ACTIF,MOYEN
522,297,2,2022-11-25,ACTIF,MOYEN
523,297,5,2022-07-11,ACTIF,ELEVE
524,298,3,2022-02-05,ACTIF,MOYEN
525,298,4,2022-04-25,RESILIE,MOYEN
526,298,5,2022-07-19,ACTIF,ELEVE
527,299,2,2022-04-07,ACTIF,FAIBLE
528,299,5,2022-12-07,ACTIF,FAIBLE
529,300,4,2022-08-28,ACTIF,ELEVE
530,301,1,2022-04-02,ACTIF,ELEVE
531,301,5,2022-08-18,ACTIF,ELEVE
532,302,1,2022-01-18,ACTIF,MOYEN
533,302,2,2022-07-09,ACTIF,ELEVE
534,302,3,2022-08-12,ACTIF,FAIBLE
535,303,4,2022-05-06,ACTIF,FAIBLE
536,304,2,2022-11-19,ACTIF,FAIBLE
537,304,4,2022-10-09,ACTIF,FAIBLE
538,305,2,2022-12-20,ACTIF,FAIBLE
539,305,5,2022-04-20,ACTIF,FAIBLE
540,307,2,2022-09-09,ACTIF,FAIBLE
541,307,3,2022-07-09,ACTIF,ELEVE
542,307,4,2022-05-02,ACTIF,ELEVE
543,307,5,2022-11-25,ACTIF,FAIBLE
544,309,2,2022-05-17,ACTIF,ELEVE
545,310,2,2022-07-28,ACTIF,ELEVE
546,310,3,2022-07-07,ACTIF,FAIBLE
547,310,4,2022-04-14,ACTIF,MOYEN
548,310,5,2022-10-29,ACTIF,FAIBLE
549,311,4,2022-09-05,ACTIF,FAIBLE
550,312,1,2022-10-20,ACTIF,ELEVE
551,312,5,2022-04-25,ACTIF,FAIBLE
552,313,4,2022-02-25,ACTIF,FAIBLE
553,314,1,2022-06-14,ACTIF,MOYEN
554,314,2,2022-09-30,ACTIF,ELEVE
555,314,4,2022-08-13,ACTIF,FAIBLE
556,314,5,2022-01-25,ACTIF,ELEVE
557,315,2,2022-04-05,ACTIF,ELEVE
558,315,5,2022-09-09,ACTIF,FAIBLE
559,316,2,2022-09-26,ACTIF,ELEVE
560,317,2,2022-06-27,ACTIF,MOYEN
561,317,4,2022-08-26,ACTIF,FAIBLE
562,318,2,2022-04-04,ACTIF,ELEVE
563,318,4,2022-11-18,ACTIF,FAIBLE
564,319,3,2022-12-11,ACTIF,MOYEN
565,319,5,2022-04-26,ACTIF,MOYEN
566,320,2,2022-07-06,ACTIF,MOYEN
567,321,1,2022-12-10,ACTIF,MOYEN
568,321,5,2022-02-17,ACTIF,FAIBLE
569,323,1,2023-01-01,ACTIF,MOYEN
570,323,2,2022-06-03,ACTIF,FAIBLE
571,323,4,2022-11-21,RESILIE,FAIBLE
572,324,1,2022-01-26,ACTIF,ELEVE
573,324,3,2022-01-16,ACTIF,ELEVE
574,324,5,2022-03-09,ACTIF,MOYEN
575,325,4,2022-06-11,ACTIF,FAIBLE
576,325,5,2022-10-23,ACTIF,ELEVE
577,326,2,2022-04-03,ACTIF,ELEVE
578,326,5,2022-02-19,ACTIF,FAIBLE
579,327,3,2022-09-13,ACTIF,FAIBLE
580,328,1,2022-04-16,ACTIF,FAIBLE
581,328,2,2022-12-22,ACTIF,MOYEN
582,328,3,2022-12-02,ACTIF,FAIBLE
583,328,5,2022-01-22,ACTIF,ELEVE
584,329,2,2022-12-01,ACTIF,ELEVE
585,330,2,2022-05-13,ACTIF,ELEVE
586,331,1,2022-04-11,ACTIF,MOYEN
587,331,5,2022-12-14,ACTIF,FAIBLE
588,332,1,2022-06-10,ACTIF,FAIBLE
589,332,4,2022-12-30,ACTIF,MOYEN
590,333,1,2022-09-07,ACTIF,ELEVE
591,333,5,2022-11-05,ACTIF,ELEVE
592,334,2,2022-12-28,ACTIF,MOYEN
593,334,3,2022-10-14,ACTIF,MOYEN
594,335,3,2022-07-20,ACTIF,ELEVE
595,336,1,2022-06-04,ACTIF,ELEVE
596,336,5,2022-08-09,ACTIF,FAIBLE
597,337,1,2022-07-17,ACTIF,MOYEN
598,337,2,2022-11-01,ACTIF,ELEVE
599,337,4,2022-07-26,ACTIF,FAIBLE
600,338,2,2022-03-16,ACTIF,FAIBLE
601,338,3,2022-10-08,ACTIF,MOYEN
602,339,1,2022-12-28,ACTIF,MOYEN
603,340,2,2022-07-17,ACTIF,ELEVE
604,340,4,2022-12-19,ACTIF,MOYEN
605,340,5,2022-06-05,ACTIF,ELEVE
606,341,3,2022-04-05,ACTIF,FAIBLE
607,341,5,2022-11-27,ACTIF,MOYEN
608,342,1,2022-07-06,ACTIF,MOYEN
609,343,5,2022-02-17,ACTIF,MOYEN
610,344,5,2022-06-15,ACTIF,FAIBLE
611,345,5,2022-09-15,ACTIF,FAIBLE
612,346,2,2022-09-28,ACTIF,MOYEN
613,346,5,2022-04-18,ACTIF,MOYEN
614,347,2,2022-09-30,ACTIF,ELEVE
615,348,2,2022-06-07,ACTIF,MOYEN
616,349,1,2022-01-18,ACTIF,FAIBLE
617,349,3,2022-11-09,RESILIE,ELEVE
618,350,1,2022-07-03,ACTIF,ELEVE
619,351,2,2022-05-23,ACTIF,ELEVE
620,351,3,2022-06-07,ACTIF,ELEVE
621,351,4,2022-11-21,ACTIF,FAIBLE
622,352,1,2022-03-17,RESILIE,FAIBLE
623,352,2,2022-08-09,ACTIF,FAIBLE
624,352,4,2022-02-16,ACTIF,MOYEN
625,352,5,2022-11-26,ACTIF,MOYEN
626,353,3,2022-02-02,ACTIF,FAIBLE
627,354,1,2022-02-12,ACTIF,FAIBLE
628,354,3,2022-12-15,ACTIF,ELEVE
629,355,2,2022-06-17,ACTIF,MOYEN
630,355,4,2022-02-17,ACTIF,FAIBLE
631,355,5,2022-10-21,ACTIF,ELEVE
632,356,2,2022-09-22,ACTIF,ELEVE
633,356,3,2022-08-06,ACTIF,MOYEN
634,356,5,2022-11-30,ACTIF,ELEVE
635,357,2,2022-08-25,ACTIF,MOYEN
636,357,5,2022-12-03,ACTIF,ELEVE
637,358,1,2022-03-28,ACTIF,FAIBLE
638,358,5,2022-02-06,ACTIF,MOYEN
639,359,2,2022-11-22,ACTIF,ELEVE
640,359,3,2022-09-29,RESILIE,FAIBLE
641,360,2,2022-04-04,ACTIF,FAIBLE
642,360,5,2022-11-27,ACTIF,ELEVE
643,361,2,2022-04-11,ACTIF,FAIBLE
644,361,4,2022-08-25,ACTIF,MOYEN
645,362,1,2022-08-30,ACTIF,ELEVE
646,362,2,2022-08-22,ACTIF,ELEVE
647,362,4,2022-03-30,ACTIF,ELEVE
648,362,5,2022-01-30,ACTIF,ELEVE
649,363,1,2022-09-20,ACTIF,MOYEN
650,363,4,2022-01-19,ACTIF,MOYEN
651,364,2,2022-12-06,ACTIF,MOYEN
652,365,2,2022-08-21,ACTIF,FAIBLE
653,366,4,2022-07-04,ACTIF,FAIBLE
654,366,5,2022-11-11,ACTIF,MOYEN
655,368,1,2022-07-11,ACTIF,MOYEN
656,368,2,2022-04-09,ACTIF,MOYEN
657,368,4,2022-07-10,ACTIF,MOYEN
658,368,5,2022-11-21,ACTIF,ELEVE
659,370,2,2022-03-10,ACTIF,MOYEN
660,370,5,2022-11-10,ACTIF,MOYEN
661,371,2,2022-12-12,ACTIF,MOYEN
662,372,2,2022-06-07,ACTIF,ELEVE
663,372,5,2022-05-12,ACTIF,FAIBLE
664,373,1,2022-02-21,ACTIF,ELEVE
665,374,2,2022-08-20,ACTIF,FAIBLE
666,375,5,2022-08-15,ACTIF,FAIBLE
667,376,2,2022-02-28,ACTIF,FAIBLE
668,376,3,2022-05-21,ACTIF,ELEVE
669,376,5,2022-10-01,ACTIF,MOYEN
670,377,2,2022-05-10,ACTIF,FAIBLE
671,377,4,2022-10-23,ACTIF,FAIBLE
672,378,2,2022-05-07,ACTIF,FAIBLE
673,378,4,2022-08-10,ACTIF,MOYEN
674,379,2,2022-09-08,RESILIE,FAIBLE
675,379,5,2022-11-29,ACTIF,MOYEN
676,380,5,2022-07-10,ACTIF,ELEVE
677,381,2,2022-07-10,ACTIF,MOYEN
678,381,5,2022-12-05,ACTIF,FAIBLE
679,382,1,2022-07-21,ACTIF,MOYEN
680,383,1,2022-12-21,ACTIF,MOYEN
681,384,4,2022-12-14,ACTIF,MOYEN
682,384,5,2022-12-04,ACTIF,ELEVE
683,385,1,2022-07-26,ACTIF,MOYEN
684,385,2,2022-04-02,ACTIF,FAIBLE
685,385,3,2022-12-22,ACTIF,FAIBLE
686,386,1,2022-04-29,ACTIF,FAIBLE
687,386,3,2022-02-14,ACTIF,FAIBLE
688,387,1,2022-03-03,ACTIF,FAIBLE
689,387,2,2022-06-11,ACTIF,FAIBLE
690,387,3,2022-04-28,ACTIF,MOYEN
691,388,1,2022-05-24,ACTIF,FAIBLE
692,388,5,2022-12-19,ACTIF,FAIBLE
693,389,3,2022-01-29,ACTIF,MOYEN
694,390,1,2022-12-17,ACTIF,FAIBLE
695,390,2,2022-08-12,ACTIF,FAIBLE
696,390,4,2022-03-15,ACTIF,FAIBLE
697,391,2,2022-09-30,ACTIF,ELEVE
698,391,3,2022-05-05,ACTIF,ELEVE
699,392,2,2022-08-16,ACTIF,FAIBLE
700,392,5,2022-03-16,ACTIF,FAIBLE
701,393,1,2022-03-01,ACTIF,ELEVE
702,393,4,2022-06-13,ACTIF,ELEVE
703,394,1,2022-10-12,ACTIF,ELEVE
704,394,4,2022-07-29,ACTIF,ELEVE
705,395,1,2022-03-16,ACTIF,ELEVE
706,395,5,2022-05-07,ACTIF,FAIBLE
707,396,4,2022-04-03,ACTIF,FAIBLE
708,398,2,2022-09-20,ACTIF,FAIBLE
709,399,1,2022-03-15,ACTIF,ELEVE
710,399,3,2022-01-31,ACTIF,FAIBLE
711,399,4,2022-04-07,ACTIF,FAIBLE
712,400,1,2022-05-30,ACTIF,ELEVE
713,400,2,2022-09-25,ACTIF,FAIBLE
714,400,5,2022-09-26,ACTIF,MOYEN
715,401,2,2022-12-16,ACTIF,MOYEN
716,401,3,2022-07-28,ACTIF,ELEVE
717,402,4,2022-12-15,ACTIF,ELEVE
718,403,1,2022-08-29,RESILIE,FAIBLE
719,404,1,2022-08-08,ACTIF,MOYEN
720,404,2,2022-11-23,ACTIF,MOYEN
721,404,5,2022-11-21,ACTIF,FAIBLE
722,405,1,2022-05-22,ACTIF,FAIBLE
723,405,2,2022-09-25,ACTIF,FAIBLE
724,406,3,2022-12-17,ACTIF,FAIBLE
725,406,4,2022-04-19,ACTIF,FAIBLE
726,407,2,2022-10-16,ACTIF,MOYEN
727,408,1,2022-12-15,ACTIF,FAIBLE
728,408,2,2022-01-18,ACTIF,ELEVE
729,408,3,2022-07-01,ACTIF,ELEVE
730,408,4,2022-07-26,ACTIF,ELEVE
731,409,3,2022-11-29,ACTIF,FAIBLE
732,410,4,2022-05-16,ACTIF,MOYEN
733,411,1,2022-09-23,ACTIF,FAIBLE
734,411,4,2022-05-19,ACTIF,ELEVE
735,411,5,2022-05-16,ACTIF,MOYEN
736,412,2,2022-08-19,ACTIF,MOYEN
737,412,5,2022-08-05,ACTIF,FAIBLE
738,413,1,2022-02-04,ACTIF,MOYEN
739,413,2,2022-07-11,ACTIF,FAIBLE
740,413,4,2022-05-29,ACTIF,MOYEN
741,413,5,2022-03-09,ACTIF,FAIBLE
742,414,1,2022-02-25,ACTIF,MOYEN
743,415,2,2022-10-18,ACTIF,MOYEN
744,416,2,2022-10-07,ACTIF,ELEVE
745,416,4,2022-07-05,ACTIF,MOYEN
746,417,2,2022-05-28,ACTIF,FAIBLE
747,417,4,2022-10-02,ACTIF,MOYEN
748,418,4,2022-06-01,ACTIF,FAIBLE
749,420,2,2022-08-21,ACTIF,FAIBLE
750,420,5,2022-08-15,RESILIE,ELEVE
751,421,1,2022-04-02,RESILIE,FAIBLE
752,421,2,2022-11-12,ACTIF,MOYEN
753,422,5,2022-10-14,ACTIF,FAIBLE
754,423,4,2022-12-29,ACTIF,ELEVE
755,424,2,2022-11-21,ACTIF,ELEVE
756,424,5,2022-03-15,ACTIF,FAIBLE
757,426,1,2022-10-13,ACTIF,ELEVE
758,426,2,2022-09-15,ACTIF,MOYEN
759,426,4,2022-09-22,ACTIF,ELEVE
760,427,1,2022-03-20,ACTIF,MOYEN
761,427,4,2022-08-02,ACTIF,MOYEN
762,427,5,2022-02-28,ACTIF,ELEVE
763,428,5,2022-07-10,ACTIF,FAIBLE
764,429,2,2022-02-19,RESILIE,ELEVE
765,429,4,2022-11-08,ACTIF,ELEVE
766,430,1,2022-04-20,ACTIF,FAIBLE
767,430,2,2022-08-13,ACTIF,ELEVE
768,430,4,2022-06-07,ACTIF,ELEVE
769,431,1,2022-12-31,ACTIF,FAIBLE
770,431,2,2022-09-11,RESILIE,ELEVE
771,431,3,2022-12-31,ACTIF,ELEVE
772,431,5,2022-08-11,ACTIF,FAIBLE
773,432,1,2022-06-03,ACTIF,ELEVE
774,432,2,2022-06-12,ACTIF,FAIBLE
775,433,1,2022-07-14,ACTIF,FAIBLE
776,433,4,2022-05-05,ACTIF,MOYEN
777,434,2,2022-08-11,ACTIF,ELEVE
778,434,4,2022-05-02,ACTIF,FAIBLE
779,434,5,2022-07-01,ACTIF,MOYEN
780,435,3,2022-02-27,ACTIF,MOYEN
781,435,4,2022-02-18,ACTIF,ELEVE
782,436,5,2022-01-17,ACTIF,MOYEN
783,437,1,2022-08-17,ACTIF,FAIBLE
784,438,4,2022-11-07,ACTIF,MOYEN
785,438,5,2022-06-19,ACTIF,MOYEN
786,440,1,2022-04-20,ACTIF,FAIBLE
787,440,4,2022-12-27,ACTIF,ELEVE
788,440,5,2022-09-13,ACTIF,ELEVE
789,441,1,2022-04-01,ACTIF,MOYEN
790,441,2,2022-03-05,ACTIF,FAIBLE
791,442,2,2022-04-10,ACTIF,MOYEN
792,442,4,2022-08-13,ACTIF,ELEVE
793,443,1,2022-08-24,ACTIF,MOYEN
794,443,4,2022-11-04,RESILIE,ELEVE
795,444,2,2022-12-24,ACTIF,ELEVE
796,444,3,2022-01-16,ACTIF,FAIBLE
797,445,4,2022-02-08,ACTIF,FAIBLE
798,447,4,2022-09-28,ACTIF,ELEVE
799,448,2,2022-10-01,ACTIF,MOYEN
800,449,1,2022-08-29,ACTIF,MOYEN
801,449,2,2022-08-13,ACTIF,MOYEN
802,449,4,2022-06-02,ACTIF,MOYEN
803,449,5,2022-08-22,ACTIF,MOYEN
804,450,2,2022-11-18,ACTIF,ELEVE
805,450,3,2022-11-12,ACTIF,MOYEN
806,450,5,2022-02-05,ACTIF,FAIBLE
807,451,3,2022-08-27,ACTIF,FAIBLE
808,451,5,2022-05-06,ACTIF,FAIBLE
809,452,4,2022-07-25,ACTIF,MOYEN
810,452,5,2022-02-01,ACTIF,MOYEN
811,453,3,2022-07-30,ACTIF,FAIBLE
812,453,5,2022-12-13,ACTIF,FAIBLE
813,454,3,2022-07-10,ACTIF,ELEVE
814,455,2,2022-07-18,ACTIF,FAIBLE
815,456,1,2022-09-25,ACTIF,MOYEN
816,456,3,2022-10-15,ACTIF,MOYEN
817,456,4,2022-10-09,ACTIF,FAIBLE
818,457,4,2022-07-07,ACTIF,ELEVE
819,457,5,2022-05-13,ACTIF,ELEVE
820,458,4,2022-11-11,ACTIF,MOYEN
821,458,5,2022-02-02,ACTIF,FAIBLE
822,459,1,2022-04-27,ACTIF,FAIBLE
823,460,2,2022-06-08,ACTIF,MOYEN
824,460,4,2022-07-19,ACTIF,ELEVE
825,461,2,2022-05-08,ACTIF,MOYEN
826,462,3,2022-08-19,ACTIF,ELEVE
827,463,2,2022-07-24,ACTIF,ELEVE
828,463,5,2022-07-23,ACTIF,MOYEN
829,464,2,2022-11-29,ACTIF,ELEVE
830,464,4,2022-03-31,ACTIF,ELEVE
831,464,5,2022-11-20,ACTIF,MOYEN
832,465,2,2022-03-24,RESILIE,ELEVE
833,465,5,2022-11-20,ACTIF,MOYEN
834,466,5,2022-05-04,ACTIF,FAIBLE
835,467,1,2022-04-10,ACTIF,FAIBLE
836,467,2,2022-11-09,ACTIF,ELEVE
837,467,5,2023-01-01,ACTIF,ELEVE
838,468,1,2022-08-06,ACTIF,MOYEN
839,469,1,2022-12-12,ACTIF,MOYEN
840,469,2,2022-08-17,ACTIF,MOYEN
841,470,2,2022-11-10,ACTIF,MOYEN
842,470,3,2022-01-16,ACTIF,FAIBLE
843,470,4,2022-04-01,ACTIF,MOYEN
844,470,5,2022-07-01,ACTIF,MOYEN
845,471,4,2022-12-28,ACTIF,MOYEN
846,472,4,2022-10-31,ACTIF,MOYEN
847,473,2,2022-12-21,ACTIF,ELEVE
848,473,3,2022-02-14,ACTIF,ELEVE
849,473,4,2022-04-02,ACTIF,ELEVE
850,473,5,2022-03-31,ACTIF,ELEVE
851,474,2,2022-12-25,ACTIF,MOYEN
852,474,4,2022-08-03,ACTIF,ELEVE
853,474,5,2022-04-21,ACTIF,FAIBLE
854,475,1,2022-10-01,ACTIF,MOYEN
855,475,2,2022-02-18,ACTIF,MOYEN
856,475,3,2022-03-06,ACTIF,ELEVE
857,475,5,2022-10-08,ACTIF,MOYEN
858,476,2,2022-08-30,RESILIE,FAIBLE
859,476,5,2022-09-02,ACTIF,ELEVE
860,477,2,2022-09-13,ACTIF,ELEVE
861,477,5,2022-08-24,ACTIF,FAIBLE
862,478,2,2022-04-27,ACTIF,MOYEN
863,479,2,2022-10-29,ACTIF,FAIBLE
864,479,5,2022-06-04,ACTIF,MOYEN
865,480,2,2022-09-25,ACTIF,FAIBLE
866,481,5,2022-09-29,ACTIF,ELEVE
867,482,1,2022-08-27,ACTIF,MOYEN
868,482,2,2022-04-23,ACTIF,MOYEN
869,482,5,2022-11-15,ACTIF,ELEVE
870,483,2,2022-08-31,ACTIF,MOYEN
871,483,4,2022-08-10,ACTIF,ELEVE
872,483,5,2022-02-05,ACTIF,MOYEN
873,484,1,2022-04-02,ACTIF,FAIBLE
874,484,5,2022-08-05,RESILIE,ELEVE
875,485,1,2022-05-09,ACTIF,MOYEN
876,485,2,2022-05-24,ACTIF,ELEVE
877,485,5,2022-03-09,ACTIF,ELEVE
878,486,1,2022-05-16,ACTIF,ELEVE
879,486,2,2022-10-22,ACTIF,FAIBLE
880,486,5,2022-08-22,ACTIF,FAIBLE
881,487,2,2022-09-17,ACTIF,MOYEN
882,488,1,2022-02-26,ACTIF,MOYEN
883,488,2,2022-07-08,RESILIE,FAIBLE
884,490,2,2022-10-31,ACTIF,ELEVE
885,490,4,2022-06-25,ACTIF,ELEVE
886,490,5,2022-07-25,ACTIF,FAIBLE
887,491,4,2022-05-10,ACTIF,ELEVE
888,492,2,2022-11-12,ACTIF,MOYEN
889,492,5,2022-01-31,ACTIF,FAIBLE
890,493,1,2022-07-16,ACTIF,MOYEN
891,493,5,2022-12-16,ACTIF,FAIBLE
892,494,3,2022-08-09,ACTIF,ELEVE
893,495,1,2022-11-06,ACTIF,FAIBLE
894,496,2,2022-08-25,ACTIF,ELEVE
895,497,2,2022-04-30,ACTIF,ELEVE
896,499,2,2022-08-20,ACTIF,FAIBLE
897,499,4,2022-03-28,ACTIF,FAIBLE
898,499,5,2022-07-15,RESILIE,FAIBLE
899,500,1,2022-05-31,ACTIF,FAIBLE
900,501,2,2022-07-20,ACTIF,ELEVE
901,501,5,2022-01-19,ACTIF,MOYEN
902,502,1,2022-04-18,ACTIF,MOYEN
903,503,5,2022-09-24,ACTIF,ELEVE
904,504,1,2022-10-26,ACTIF,MOYEN
905,505,1,2022-12-24,ACTIF,ELEVE
906,505,2,2022-12-29,ACTIF,ELEVE
907,505,4,2022-04-19,ACTIF,MOYEN
908,506,4,2022-08-23,ACTIF,FAIBLE
909,507,2,2022-08-24,ACTIF,ELEVE
910,508,1,2022-01-26,ACTIF,ELEVE
911,509,2,2022-07-11,ACTIF,FAIBLE
912,509,3,2022-02-10,ACTIF,FAIBLE
913,509,4,2022-03-19,ACTIF,MOYEN
914,510,4,2022-08-12,ACTIF,FAIBLE
915,511,3,2022-02-04,ACTIF,ELEVE
916,511,4,2022-10-31,ACTIF,MOYEN
917,512,3,2022-12-30,ACTIF,ELEVE
918,513,2,2022-09-06,ACTIF,MOYEN
919,515,1,2022-06-05,ACTIF,FAIBLE
920,515,4,2022-07-18,ACTIF,MOYEN
921,516,2,2022-06-26,ACTIF,FAIBLE
922,516,4,2022-08-11,ACTIF,MOYEN
923,517,2,2022-03-06,ACTIF,MOYEN
924,518,2,2022-06-15,ACTIF,ELEVE
925,518,4,2022-01-23,RESILIE,FAIBLE
926,519,5,2022-08-03,ACTIF,MOYEN
927,520,2,2022-01-20,ACTIF,FAIBLE
928,520,4,2022-08-08,ACTIF,ELEVE
929,521,2,2022-12-15,ACTIF,FAIBLE
930,521,4,2022-09-27,ACTIF,ELEVE
931,522,1,2022-02-17,ACTIF,MOYEN
932,522,3,2022-03-01,ACTIF,ELEVE
933,522,4,2022-06-05,RESILIE,FAIBLE
934,522,5,2022-07-09,ACTIF,ELEVE
935,523,1,2022-10-09,ACTIF,MOYEN
936,524,2,2022-02-13,ACTIF,MOYEN
937,524,3,2022-07-19,ACTIF,ELEVE
938,525,1,2022-03-17,ACTIF,ELEVE
939,525,3,2022-11-25,ACTIF,ELEVE
940,525,5,2022-03-21,ACTIF,ELEVE
941,526,1,2022-11-21,ACTIF,FAIBLE
942,527,1,2022-03-12,ACTIF,MOYEN
943,527,3,2022-01-31,ACTIF,ELEVE
944,527,5,2022-04-26,ACTIF,ELEVE
945,529,1,2022-04-02,ACTIF,FAIBLE
946,529,2,2022-10-14,ACTIF,FAIBLE
947,530,3,2022-03-12,ACTIF,ELEVE
948,530,4,2022-12-30,ACTIF,ELEVE
949,531,1,2022-08-13,RESILIE,MOYEN
950,532,2,2022-09-15,RESILIE,MOYEN
951,534,1,2022-09-25,ACTIF,ELEVE
952,534,2,2022-04-21,ACTIF,FAIBLE
953,534,4,2022-09-11,ACTIF,ELEVE
954,535,2,2022-05-23,ACTIF,MOYEN
955,535,5,2022-09-14,ACTIF,FAIBLE
956,536,1,2022-08-07,ACTIF,MOYEN
957,537,2,2022-09-29,ACTIF,MOYEN
958,537,4,2022-09-14,ACTIF,MOYEN
959,538,5,2022-07-25,ACTIF,ELEVE
960,539,1,2022-12-18,ACTIF,ELEVE
961,539,5,2022-05-30,ACTIF,FAIBLE
962,540,2,2022-08-02,ACTIF,FAIBLE
963,540,4,2022-11-17,ACTIF,MOYEN
964,540,5,2022-09-09,ACTIF,MOYEN
965,541,1,2022-02-20,ACTIF,ELEVE
966,541,3,2022-03-19,ACTIF,ELEVE
967,541,4,2022-05-20,ACTIF,MOYEN
968,542,1,2022-08-25,ACTIF,ELEVE
969,542,2,2022-02-08,ACTIF,ELEVE
970,542,4,2022-06-19,ACTIF,ELEVE
971,542,5,2022-10-20,ACTIF,ELEVE
972,543,2,2022-02-20,ACTIF,ELEVE
973,544,5,2022-07-22,ACTIF,ELEVE
974,545,2,2022-09-06,RESILIE,MOYEN
975,545,4,2022-06-12,ACTIF,ELEVE
976,546,1,2022-03-17,ACTIF,FAIBLE
977,546,2,2022-11-20,ACTIF,MOYEN
978,546,3,2022-08-28,ACTIF,FAIBLE
979,546,4,2022-03-17,ACTIF,MOYEN
980,547,5,2022-09-14,ACTIF,ELEVE
981,548,1,2022-09-08,ACTIF,FAIBLE
982,548,2,2022-07-15,ACTIF,MOYEN
983,549,1,2022-10-24,ACTIF,FAIBLE
984,549,5,2022-11-09,ACTIF,FAIBLE
985,551,2,2022-05-29,ACTIF,ELEVE
986,551,4,2022-01-21,ACTIF,MOYEN
987,551,5,2022-11-12,ACTIF,MOYEN
988,552,2,2022-08-09,ACTIF,MOYEN
989,553,2,2022-04-29,ACTIF,MOYEN
990,554,4,2022-10-09,ACTIF,ELEVE
991,555,2,2022-05-29,ACTIF,FAIBLE
992,556,2,2022-01-25,ACTIF,MOYEN
993,556,4,2022-07-27,ACTIF,MOYEN
994,557,1,2022-08-14,ACTIF,ELEVE
995,557,2,2022-07-20,RESILIE,ELEVE
996,557,5,2022-05-28,ACTIF,FAIBLE
997,558,1,2022-11-05,ACTIF,FAIBLE
998,558,2,2022-08-13,ACTIF,FAIBLE
999,558,5,2022-08-08,ACTIF,MOYEN
1000,560,1,2022-06-23,ACTIF,FAIBLE
1001,560,3,2022-07-12,ACTIF,FAIBLE
1002,560,5,2022-10-23,ACTIF,ELEVE
1003,561,1,2022-08-25,ACTIF,MOYEN
1004,561,2,2022-11-23,ACTIF,ELEVE
1005,561,5,2022-01-30,ACTIF,FAIBLE
1006,562,1,2022-11-24,ACTIF,FAIBLE
1007,562,3,2022-06-09,ACTIF,FAIBLE
1008,562,5,2022-11-28,ACTIF,FAIBLE
1009,563,1,2022-11-11,ACTIF,ELEVE
1010,563,2,2022-10-11,ACTIF,MOYEN
1011,564,1,2022-09-08,ACTIF,ELEVE
1012,564,2,2022-12-03,ACTIF,ELEVE
1013,565,1,2022-12-20,ACTIF,FAIBLE
1014,565,5,2022-09-04,RESILIE,FAIBLE
1015,566,2,2022-02-08,ACTIF,FAIBLE
1016,566,5,2022-04-14,ACTIF,FAIBLE
1017,567,4,2022-06-01,ACTIF,MOYEN
1018,568,5,2022-04-26,ACTIF,FAIBLE
1019,569,2,2022-03-16,ACTIF,ELEVE
1020,569,4,2022-09-11,ACTIF,ELEVE
1021,570,1,2022-08-15,ACTIF,FAIBLE
1022,571,5,2022-10-11,ACTIF,MOYEN
1023,574,4,2022-09-27,ACTIF,FAIBLE
1024,574,5,2022-09-23,ACTIF,MOYEN
1025,575,5,2022-05-31,ACTIF,ELEVE
1026,576,4,2022-11-10,ACTIF,ELEVE
1027,576,5,2022-02-25,ACTIF,MOYEN
1028,577,5,2022-06-28,ACTIF,ELEVE
1029,578,2,2022-07-21,ACTIF,FAIBLE
1030,578,3,2022-12-13,ACTIF,FAIBLE
1031,578,4,2022-10-11,ACTIF,ELEVE
1032,579,2,2022-01-29,ACTIF,FAIBLE
1033,579,4,2022-02-01,ACTIF,MOYEN
1034,579,5,2022-10-15,ACTIF,FAIBLE
1035,580,4,2022-11-22,ACTIF,FAIBLE
1036,581,1,2022-10-11,ACTIF,FAIBLE
1037,581,2,2022-01-30,ACTIF,MOYEN
1038,582,1,2022-01-16,ACTIF,ELEVE
1039,582,2,2022-05-27,ACTIF,FAIBLE
1040,582,3,2022-03-29,ACTIF,MOYEN
1041,582,4,2022-10-15,ACTIF,MOYEN
1042,582,5,2022-04-29,ACTIF,MOYEN
1043,584,4,2022-03-26,ACTIF,MOYEN
1044,585,2,2022-07-06,ACTIF,ELEVE
1045,585,3,2022-11-06,ACTIF,MOYEN
1046,585,4,2022-03-02,ACTIF,FAIBLE
1047,586,1,2022-10-16,ACTIF,FAIBLE
1048,586,3,2022-06-18,ACTIF,ELEVE
1049,587,2,2022-04-26,ACTIF,FAIBLE
1050,587,3,2022-03-01,ACTIF,MOYEN
1051,587,5,2022-12-17,ACTIF,MOYEN
1052,589,5,2022-04-21,ACTIF,MOYEN
1053,590,5,2022-02-28,ACTIF,ELEVE
1054,591,3,2022-04-07,ACTIF,ELEVE
1055,591,5,2022-03-05,ACTIF,FAIBLE
1056,592,1,2022-09-24,ACTIF,MOYEN
1057,593,1,2022-05-02,ACTIF,FAIBLE
1058,594,2,2022-11-08,ACTIF,FAIBLE
1059,595,4,2022-09-26,RESILIE,FAIBLE
1060,596,5,2022-04-26,ACTIF,FAIBLE
1061,598,3,2022-06-14,ACTIF,MOYEN
1062,599,2,2022-09-04,ACTIF,ELEVE
1063,600,2,2022-02-27,ACTIF,MOYEN
1064,601,1,2022-05-29,ACTIF,MOYEN
1065,602,2,2022-04-21,ACTIF,ELEVE
1066,602,5,2022-07-10,ACTIF,FAIBLE
1067,603,2,2022-07-20,ACTIF,FAIBLE
1068,603,4,2022-03-23,ACTIF,ELEVE
1069,604,2,2022-01-26,ACTIF,ELEVE
1070,604,3,2022-05-21,ACTIF,MOYEN
1071,604,5,2022-01-17,ACTIF,FAIBLE
1072,605,4,2022-02-15,ACTIF,FAIBLE
1073,605,5,2022-04-09,ACTIF,FAIBLE
1074,606,4,2022-07-02,ACTIF,FAIBLE
1075,606,5,2022-02-25,ACTIF,ELEVE
1076,607,1,2022-02-04,ACTIF,ELEVE
1077,607,3,2022-02-13,ACTIF,MOYEN
1078,607,4,2022-02-01,ACTIF,ELEVE
1079,608,2,2022-10-14,ACTIF,MOYEN
1080,608,5,2022-09-21,ACTIF,ELEVE
1081,609,1,2022-10-12,ACTIF,ELEVE
1082,609,5,2022-03-10,ACTIF,MOYEN
1083,610,4,2022-10-06,ACTIF,FAIBLE
1084,610,5,2022-03-24,ACTIF,ELEVE
1085,611,3,2022-07-20,ACTIF,MOYEN
1086,612,3,2022-07-08,ACTIF,ELEVE
1087,612,4,2022-10-05,ACTIF,FAIBLE
1088,613,4,2022-09-29,ACTIF,MOYEN
1089,614,1,2022-06-15,ACTIF,ELEVE
1090,614,3,2022-07-01,ACTIF,ELEVE
1091,615,1,2022-06-13,ACTIF,FAIBLE
1092,615,2,2022-08-31,ACTIF,MOYEN
1093,617,5,2022-07-03,ACTIF,MOYEN
1094,618,4,2022-11-06,ACTIF,FAIBLE
1095,619,1,2022-05-07,ACTIF,ELEVE
1096,619,5,2022-11-17,ACTIF,MOYEN
1097,620,1,2022-02-16,ACTIF,ELEVE
1098,620,2,2022-07-21,RESILIE,ELEVE
1099,620,4,2022-08-17,ACTIF,MOYEN
1100,621,2,2022-08-22,ACTIF,FAIBLE
1101,622,2,2022-07-21,ACTIF,ELEVE
1102,623,2,2022-01-26,ACTIF,MOYEN
1103,624,4,2022-02-17,ACTIF,MOYEN
1104,625,2,2022-03-09,ACTIF,MOYEN
1105,625,4,2022-07-08,RESILIE,MOYEN
1106,625,5,2022-05-19,ACTIF,MOYEN
1107,626,2,2022-07-21,ACTIF,MOYEN
1108,627,2,2022-07-25,ACTIF,ELEVE
1109,627,5,2022-02-12,ACTIF,ELEVE
1110,629,1,2022-08-17,ACTIF,ELEVE
1111,629,2,2022-09-15,ACTIF,FAIBLE
1112,629,5,2022-04-07,ACTIF,FAIBLE
1113,633,3,2022-03-02,ACTIF,FAIBLE
1114,634,2,2022-07-24,ACTIF,FAIBLE
1115,634,3,2022-06-10,ACTIF,FAIBLE
1116,636,1,2022-01-17,ACTIF,ELEVE
1117,636,2,2022-10-29,ACTIF,ELEVE
1118,636,3,2022-12-17,ACTIF,FAIBLE
1119,637,1,2022-09-03,ACTIF,ELEVE
1120,637,5,2022-06-04,ACTIF,FAIBLE
1121,638,2,2022-03-04,ACTIF,FAIBLE
1122,638,5,2022-06-07,ACTIF,FAIBLE
1123,639,2,2022-01-31,ACTIF,MOYEN
1124,640,4,2022-11-16,ACTIF,ELEVE
1125,640,5,2022-10-24,ACTIF,MOYEN
1126,641,2,2022-11-02,ACTIF,FAIBLE
1127,641,5,2022-05-27,ACTIF,MOYEN
1128,642,1,2022-11-03,ACTIF,ELEVE
1129,642,2,2022-07-02,ACTIF,MOYEN
1130,642,5,2022-06-07,ACTIF,FAIBLE
1131,643,4,2022-10-27,ACTIF,ELEVE
1132,643,5,2022-11-13,ACTIF,MOYEN
1133,644,3,2022-03-19,RESILIE,ELEVE
1134,644,4,2022-03-28,ACTIF,ELEVE
1135,644,5,2022-12-22,ACTIF,ELEVE
1136,645,2,2022-07-31,ACTIF,ELEVE
1137,645,3,2022-02-11,ACTIF,FAIBLE
1138,645,4,2022-10-28,ACTIF,MOYEN
1139,645,5,2022-02-17,ACTIF,FAIBLE
1140,646,2,2022-10-09,ACTIF,MOYEN
1141,647,1,2022-08-01,ACTIF,ELEVE
1142,647,5,2022-12-23,ACTIF,MOYEN
1143,648,2,2022-12-28,ACTIF,FAIBLE
1144,648,4,2022-03-24,ACTIF,MOYEN
1145,649,4,2022-08-16,ACTIF,FAIBLE
1146,649,5,2022-08-14,ACTIF,FAIBLE
1147,650,2,2022-05-24,ACTIF,MOYEN
1148,650,3,2022-04-03,RESILIE,FAIBLE
1149,650,5,2022-09-06,ACTIF,ELEVE
1150,651,2,2022-07-01,ACTIF,FAIBLE
1151,651,3,2022-10-13,ACTIF,MOYEN
1152,652,4,2022-10-23,ACTIF,MOYEN
1153,652,5,2022-05-30,ACTIF,FAIBLE
1154,654,3,2022-09-23,ACTIF,ELEVE
1155,655,1,2022-04-30,ACTIF,ELEVE
1156,655,2,2022-10-01,RESILIE,ELEVE
1157,655,5,2022-04-03,ACTIF,FAIBLE
1158,656,2,2022-12-17,ACTIF,MOYEN
1159,657,1,2022-03-24,ACTIF,MOYEN
1160,657,2,2022-11-27,ACTIF,ELEVE
1161,657,5,2022-09-30,ACTIF,FAIBLE
1162,658,2,2022-09-20,ACTIF,MOYEN
1163,658,5,2022-08-23,ACTIF,FAIBLE
1164,659,4,2022-10-24,ACTIF,ELEVE
1165,659,5,2022-04-28,ACTIF,MOYEN
1166,660,2,2022-04-05,ACTIF,FAIBLE
1167,660,3,2022-03-21,ACTIF,MOYEN
1168,660,5,2022-08-21,ACTIF,MOYEN
1169,661,2,2022-04-29,ACTIF,MOYEN
1170,662,2,2022-09-05,ACTIF,MOYEN
1171,662,3,2022-09-06,ACTIF,FAIBLE
1172,662,5,2022-09-15,ACTIF,ELEVE
1173,663,2,2022-01-19,ACTIF,FAIBLE
1174,664,2,2022-09-22,ACTIF,FAIBLE
1175,664,3,2022-09-09,ACTIF,FAIBLE
1176,664,5,2022-10-10,ACTIF,FAIBLE
1177,665,4,2022-05-19,ACTIF,MOYEN
1178,665,5,2022-05-13,ACTIF,ELEVE
1179,666,1,2022-07-24,ACTIF,MOYEN
1180,667,2,2022-02-13,ACTIF,MOYEN
1181,667,3,2022-03-12,ACTIF,ELEVE
1182,667,4,2022-06-03,ACTIF,FAIBLE
1183,667,5,2022-10-13,ACTIF,MOYEN
1184,668,4,2022-02-02,ACTIF,MOYEN
1185,669,2,2022-06-21,ACTIF,ELEVE
1186,669,4,2022-11-22,ACTIF,FAIBLE
1187,669,5,2022-07-21,ACTIF,ELEVE
1188,670,2,2022-05-17,ACTIF,FAIBLE
1189,670,5,2022-09-11,ACTIF,ELEVE
1190,671,1,2022-10-19,ACTIF,MOYEN
1191,671,5,2022-12-09,ACTIF,ELEVE
1192,672,2,2022-06-03,ACTIF,MOYEN
1193,674,5,2022-10-19,ACTIF,MOYEN
1194,675,1,2022-07-28,ACTIF,ELEVE
1195,675,2,2022-11-21,ACTIF,FAIBLE
1196,676,1,2022-02-20,ACTIF,FAIBLE
1197,678,1,2022-07-27,ACTIF,MOYEN
1198,678,2,2022-11-20,ACTIF,ELEVE
1199,678,4,2022-07-14,ACTIF,ELEVE
1200,679,5,2022-04-29,ACTIF,MOYEN
1201,680,5,2022-05-29,ACTIF,MOYEN
1202,681,1,2022-10-18,ACTIF,ELEVE
1203,681,2,2022-04-19,ACTIF,MOYEN
1204,681,4,2022-01-29,RESILIE,FAIBLE
1205,682,4,2022-10-30,ACTIF,MOYEN
1206,683,2,2022-11-22,ACTIF,FAIBLE
1207,683,3,2022-12-14,ACTIF,FAIBLE
1208,683,5,2022-10-27,ACTIF,FAIBLE
1209,684,1,2022-04-26,ACTIF,FAIBLE
1210,684,2,2022-04-12,ACTIF,ELEVE
1211,685,2,2022-09-24,ACTIF,MOYEN
1212,685,3,2022-12-25,ACTIF,ELEVE
1213,686,2,2022-10-31,ACTIF,MOYEN
1214,687,1,2022-01-30,ACTIF,MOYEN
1215,688,2,2022-11-15,ACTIF,FAIBLE
1216,689,2,2022-05-18,ACTIF,ELEVE
1217,690,5,2022-07-17,ACTIF,FAIBLE
1218,692,2,2022-03-23,ACTIF,ELEVE
1219,692,4,2022-09-03,ACTIF,MOYEN
1220,694,2,2022-10-17,ACTIF,FAIBLE
1221,695,1,2022-03-31,ACTIF,FAIBLE
1222,695,3,2022-07-29,ACTIF,MOYEN
1223,695,5,2022-09-24,ACTIF,FAIBLE
1224,696,4,2022-05-18,ACTIF,ELEVE
1225,697,1,2022-10-27,ACTIF,MOYEN
1226,697,2,2022-12-10,ACTIF,MOYEN
1227,698,2,2022-07-04,ACTIF,FAIBLE
1228,698,3,2022-03-26,ACTIF,ELEVE
1229,699,1,2022-10-01,ACTIF,FAIBLE
1230,700,1,2022-07-23,ACTIF,FAIBLE
1231,700,3,2022-03-22,ACTIF,FAIBLE
1232,700,4,2022-12-12,ACTIF,MOYEN
1233,700,5,2022-01-20,ACTIF,FAIBLE
1234,701,1,2022-08-28,ACTIF,MOYEN
1235,701,3,2022-07-01,ACTIF,MOYEN
1236,702,2,2022-06-18,ACTIF,FAIBLE
1237,702,3,2022-06-19,ACTIF,FAIBLE
1238,702,4,2022-07-14,ACTIF,FAIBLE
1239,703,1,2022-07-04,ACTIF,MOYEN
1240,703,3,2022-09-08,ACTIF,FAIBLE
1241,703,4,2022-02-02,ACTIF,ELEVE
1242,703,5,2022-07-26,ACTIF,MOYEN
1243,704,2,2022-11-25,ACTIF,MOYEN
1244,704,5,2022-09-08,ACTIF,FAIBLE
1245,705,2,2022-08-08,ACTIF,ELEVE
1246,706,1,2022-03-11,ACTIF,FAIBLE
1247,706,2,2022-06-18,ACTIF,FAIBLE
1248,706,5,2022-04-24,ACTIF,MOYEN
1249,707,2,2022-01-16,ACTIF,FAIBLE
1250,708,5,2022-04-05,ACTIF,ELEVE
1251,710,2,2022-03-02,ACTIF,MOYEN
1252,710,3,2022-04-22,ACTIF,MOYEN
1253,712,2,2022-07-06,ACTIF,MOYEN
1254,712,4,2022-04-17,ACTIF,FAIBLE
1255,712,5,2022-05-24,ACTIF,MOYEN
1256,713,2,2022-05-23,ACTIF,ELEVE
1257,714,1,2022-06-16,ACTIF,FAIBLE
1258,714,2,2022-02-16,ACTIF,ELEVE
1259,714,4,2023-01-01,ACTIF,FAIBLE
1260,714,5,2022-02-10,ACTIF,FAIBLE
1261,715,3,2022-11-07,ACTIF,MOYEN
1262,715,4,2022-03-25,ACTIF,FAIBLE
1263,716,1,2022-04-16,ACTIF,FAIBLE
1264,716,2,2022-12-06,ACTIF,FAIBLE
1265,716,5,2022-11-22,ACTIF,MOYEN
1266,717,2,2022-07-06,ACTIF,MOYEN
1267,717,4,2022-08-04,ACTIF,MOYEN
1268,717,5,2022-10-08,RESILIE,MOYEN
1269,719,1,2022-03-16,ACTIF,MOYEN
1270,719,2,2022-07-26,ACTIF,ELEVE
1271,719,3,2022-02-15,ACTIF,ELEVE
1272,719,5,2022-04-17,ACTIF,FAIBLE
1273,720,2,2022-03-09,ACTIF,ELEVE
1274,720,5,2022-03-14,ACTIF,MOYEN
1275,721,1,2022-02-28,ACTIF,FAIBLE
1276,722,1,2022-03-18,ACTIF,MOYEN
1277,722,2,2022-04-04,ACTIF,FAIBLE
1278,722,5,2022-09-03,ACTIF,MOYEN
1279,723,1,2022-11-29,ACTIF,ELEVE
1280,724,2,2022-12-01,ACTIF,MOYEN
1281,724,4,2022-04-21,ACTIF,ELEVE
1282,726,1,2022-06-04,ACTIF,ELEVE
1283,726,2,2022-06-25,ACTIF,FAIBLE
1284,726,5,2022-03-05,ACTIF,FAIBLE
1285,728,2,2022-05-16,ACTIF,MOYEN
1286,728,5,2022-03-21,ACTIF,FAIBLE
1287,730,1,2022-05-20,ACTIF,FAIBLE
1288,730,2,2022-05-22,ACTIF,MOYEN
1289,730,5,2022-09-02,ACTIF,MOYEN
1290,731,1,2022-03-25,ACTIF,ELEVE
1291,731,2,2022-12-06,ACTIF,ELEVE
1292,732,4,2022-10-19,ACTIF,ELEVE
1293,733,2,2022-02-05,ACTIF,MOYEN
1294,733,3,2022-06-14,ACTIF,ELEVE
1295,733,4,2022-05-07,ACTIF,ELEVE
1296,734,2,2022-12-26,ACTIF,ELEVE
1297,734,5,2022-09-09,ACTIF,FAIBLE
1298,735,1,2022-07-12,ACTIF,MOYEN
1299,735,2,2022-12-23,ACTIF,ELEVE
1300,735,4,2022-08-26,RESILIE,ELEVE
1301,736,1,2022-10-25,ACTIF,MOYEN
1302,736,2,2022-12-18,ACTIF,FAIBLE
1303,736,3,2022-10-04,ACTIF,ELEVE
1304,736,5,2022-12-25,ACTIF,ELEVE
1305,737,4,2022-02-05,ACTIF,MOYEN
1306,738,4,2022-10-09,ACTIF,ELEVE
1307,739,1,2022-02-26,ACTIF,ELEVE
1308,739,3,2022-02-26,ACTIF,ELEVE
1309,739,4,2022-09-12,ACTIF,ELEVE
1310,739,5,2022-09-13,ACTIF,ELEVE
1311,740,2,2022-10-28,ACTIF,ELEVE
1312,742,5,2022-01-21,ACTIF,MOYEN
1313,744,1,2022-04-13,ACTIF,FAIBLE
1314,744,4,2022-04-22,ACTIF,ELEVE
1315,744,5,2022-02-19,ACTIF,MOYEN
1316,745,2,2022-07-16,ACTIF,FAIBLE
1317,745,5,2022-08-14,ACTIF,MOYEN
1318,746,1,2022-05-13,ACTIF,MOYEN
1319,746,4,2022-07-06,ACTIF,ELEVE
1320,746,5,2022-05-17,ACTIF,MOYEN
1321,747,2,2022-05-29,ACTIF,FAIBLE
1322,748,3,2022-04-27,ACTIF,ELEVE
1323,749,1,2022-02-26,ACTIF,MOYEN
1324,750,2,2022-06-22,ACTIF,ELEVE
1325,751,2,2022-04-08,ACTIF,MOYEN
1326,752,3,2022-06-21,ACTIF,ELEVE
1327,752,4,2022-03-10,RESILIE,FAIBLE
1328,753,1,2022-05-19,ACTIF,FAIBLE
1329,754,2,2022-05-16,ACTIF,ELEVE
1330,754,4,2022-08-17,ACTIF,MOYEN
1331,754,5,2022-03-04,ACTIF,ELEVE
1332,755,1,2022-02-19,ACTIF,ELEVE
1333,755,2,2022-05-25,ACTIF,FAIBLE
1334,755,4,2022-05-30,ACTIF,MOYEN
1335,756,2,2022-12-05,ACTIF,FAIBLE
1336,756,3,2022-11-02,ACTIF,ELEVE
1337,757,1,2022-03-22,ACTIF,FAIBLE
1338,757,4,2022-04-30,ACTIF,MOYEN
1339,757,5,2022-08-14,ACTIF,MOYEN
1340,758,1,2022-01-26,ACTIF,MOYEN
1341,758,2,2022-01-22,ACTIF,ELEVE
1342,758,3,2022-05-16,ACTIF,MOYEN
1343,759,1,2022-02-09,ACTIF,ELEVE
1344,759,3,2022-12-30,ACTIF,FAIBLE
1345,759,5,2022-09-10,ACTIF,FAIBLE
1346,760,3,2022-10-10,ACTIF,ELEVE
1347,761,5,2022-08-28,ACTIF,MOYEN
1348,762,1,2022-09-18,ACTIF,MOYEN
1349,762,2,2022-05-05,ACTIF,ELEVE
1350,763,3,2022-10-02,ACTIF,MOYEN
1351,763,4,2022-03-16,ACTIF,ELEVE
1352,763,5,2022-09-29,ACTIF,MOYEN
1353,764,2,2022-09-06,ACTIF,ELEVE
1354,764,3,2022-10-27,ACTIF,ELEVE
1355,765,2,2022-12-28,ACTIF,FAIBLE
1356,765,4,2022-09-21,ACTIF,MOYEN
1357,766,2,2022-10-19,ACTIF,ELEVE
1358,766,5,2022-06-07,ACTIF,MOYEN
1359,767,5,2022-01-31,ACTIF,MOYEN
1360,768,1,2022-08-19,ACTIF,MOYEN
1361,768,5,2022-07-16,ACTIF,FAIBLE
1362,769,2,2022-07-12,ACTIF,MOYEN
1363,769,5,2022-06-28,ACTIF,MOYEN
1364,770,2,2022-10-07,ACTIF,ELEVE
1365,771,5,2022-03-26,ACTIF,FAIBLE
1366,772,1,2022-02-04,ACTIF,MOYEN
1367,772,3,2022-06-06,ACTIF,FAIBLE
1368,773,4,2022-03-11,ACTIF,ELEVE
1369,774,2,2022-06-08,ACTIF,FAIBLE
1370,774,3,2022-06-24,ACTIF,ELEVE
1371,775,1,2022-06-04,RESILIE,FAIBLE
1372,775,2,2022-06-14,ACTIF,MOYEN
1373,775,4,2022-05-28,ACTIF,ELEVE
1374,776,1,2022-01-24,ACTIF,FAIBLE
1375,776,2,2022-01-23,ACTIF,FAIBLE
1376,777,2,2022-01-30,ACTIF,MOYEN
1377,777,5,2022-10-14,RESILIE,ELEVE
1378,779,3,2022-05-12,RESILIE,ELEVE
1379,779,5,2022-11-16,ACTIF,ELEVE
1380,780,2,2022-08-10,ACTIF,ELEVE
1381,780,4,2022-10-13,ACTIF,FAIBLE
1382,781,1,2022-03-04,ACTIF,ELEVE
1383,781,4,2022-05-31,ACTIF,MOYEN
1384,782,1,2022-03-20,ACTIF,FAIBLE
1385,782,5,2022-06-03,ACTIF,FAIBLE
1386,783,2,2022-04-05,ACTIF,MOYEN
1387,783,5,2022-07-04,ACTIF,FAIBLE
1388,784,1,2022-12-14,ACTIF,ELEVE
1389,784,2,2022-07-07,ACTIF,MOYEN
1390,784,3,2022-11-15,ACTIF,FAIBLE
1391,784,4,2022-01-21,ACTIF,MOYEN
1392,785,2,2022-02-01,ACTIF,MOYEN
1393,785,3,2022-12-27,ACTIF,MOYEN
1394,785,5,2022-08-28,RESILIE,ELEVE
1395,786,1,2022-07-22,ACTIF,FAIBLE
1396,786,5,2022-08-13,RESILIE,FAIBLE
1397,787,1,2022-11-30,ACTIF,ELEVE
1398,787,2,2022-03-29,ACTIF,MOYEN
1399,787,3,2022-06-05,ACTIF,MOYEN
1400,788,3,2022-10-14,ACTIF,FAIBLE
1401,788,5,2022-03-11,ACTIF,MOYEN
1402,789,4,2022-04-24,ACTIF,FAIBLE
1403,791,4,2022-10-08,ACTIF,FAIBLE
1404,792,2,2022-09-27,ACTIF,ELEVE
1405,792,3,2022-12-04,ACTIF,MOYEN
1406,793,4,2022-09-15,ACTIF,MOYEN
1407,793,5,2022-06-05,ACTIF,ELEVE
1408,794,2,2022-06-21,ACTIF,MOYEN
1409,794,3,2022-08-26,ACTIF,FAIBLE
1410,795,1,2022-06-17,ACTIF,ELEVE
1411,795,5,2022-05-02,ACTIF,MOYEN
1412,796,1,2022-10-30,ACTIF,MOYEN
1413,797,1,2022-01-27,ACTIF,MOYEN
1414,797,2,2022-07-19,ACTIF,MOYEN
1415,797,4,2022-08-26,ACTIF,FAIBLE
1416,797,5,2022-11-05,ACTIF,ELEVE
1417,798,2,2022-12-05,ACTIF,ELEVE
1418,798,3,2022-10-31,ACTIF,FAIBLE
1419,798,4,2022-12-24,ACTIF,FAIBLE
1420,798,5,2022-03-20,ACTIF,ELEVE
1421,799,1,2022-03-24,ACTIF,MOYEN
1422,800,1,2022-12-27,ACTIF,ELEVE
1423,800,4,2022-04-05,ACTIF,MOYEN
1424,800,5,2022-05-20,ACTIF,MOYEN
1425,801,5,2022-06-21,ACTIF,ELEVE
1426,803,1,2022-09-02,ACTIF,ELEVE
1427,803,2,2022-06-12,ACTIF,ELEVE
1428,803,4,2022-03-11,ACTIF,ELEVE
1429,804,2,2022-01-28,ACTIF,FAIBLE
1430,805,1,2022-08-02,ACTIF,FAIBLE
1431,805,4,2022-12-23,RESILIE,MOYEN
1432,805,5,2022-08-03,ACTIF,MOYEN
1433,806,1,2022-04-09,ACTIF,ELEVE
1434,806,5,2022-03-26,ACTIF,ELEVE
1435,807,1,2022-11-20,ACTIF,FAIBLE
1436,808,1,2022-10-12,ACTIF,ELEVE
1437,808,2,2022-08-19,ACTIF,MOYEN
1438,808,4,2022-05-03,ACTIF,MOYEN
1439,808,5,2022-05-13,RESILIE,ELEVE
1440,809,3,2022-08-29,RESILIE,ELEVE
1441,810,2,2022-07-11,ACTIF,FAIBLE
1442,810,3,2022-01-16,ACTIF,MOYEN
1443,810,4,2022-05-27,ACTIF,FAIBLE
1444,812,4,2022-09-27,ACTIF,FAIBLE
1445,812,5,2022-05-23,RESILIE,FAIBLE
1446,813,2,2022-11-02,ACTIF,ELEVE
1447,813,4,2022-12-22,RESILIE,ELEVE
1448,813,5,2022-11-30,ACTIF,FAIBLE
1449,814,4,2022-03-23,ACTIF,ELEVE
1450,814,5,2022-06-05,ACTIF,FAIBLE
1451,815,2,2022-04-07,ACTIF,ELEVE
1452,817,1,2022-02-15,ACTIF,MOYEN
1453,817,2,2022-12-17,ACTIF,ELEVE
1454,817,5,2022-11-11,ACTIF,MOYEN
1455,818,1,2022-12-11,ACTIF,ELEVE
1456,818,2,2022-02-04,ACTIF,FAIBLE
1457,818,3,2022-07-02,ACTIF,ELEVE
1458,819,2,2022-09-08,ACTIF,MOYEN
1459,819,4,2022-04-26,ACTIF,FAIBLE
1460,820,5,2022-02-19,ACTIF,MOYEN
1461,821,1,2022-06-08,ACTIF,FAIBLE
1462,821,3,2022-10-05,ACTIF,ELEVE
1463,821,5,2022-09-21,ACTIF,MOYEN
1464,822,3,2022-07-08,ACTIF,ELEVE
1465,822,4,2022-02-07,ACTIF,MOYEN
1466,823,1,2022-05-23,ACTIF,MOYEN
1467,823,2,2022-08-05,ACTIF,FAIBLE
1468,823,5,2022-03-20,ACTIF,MOYEN
1469,824,1,2022-06-22,ACTIF,FAIBLE
1470,824,2,2022-12-21,ACTIF,MOYEN
1471,825,1,2022-09-22,ACTIF,MOYEN
1472,825,2,2022-06-16,ACTIF,ELEVE
1473,825,5,2022-07-28,ACTIF,MOYEN
1474,826,1,2022-10-27,ACTIF,ELEVE
1475,827,5,2022-11-29,RESILIE,FAIBLE
1476,828,1,2022-08-06,ACTIF,ELEVE
1477,828,2,2022-12-10,RESILIE,FAIBLE
1478,828,4,2022-09-02,ACTIF,ELEVE
1479,829,5,2022-04-07,ACTIF,MOYEN
1480,830,2,2022-06-01,ACTIF,MOYEN
1481,831,1,2022-05-22,ACTIF,MOYEN
1482,831,2,2022-01-17,ACTIF,MOYEN
1483,831,4,2022-07-11,ACTIF,FAIBLE
1484,832,3,2022-08-25,ACTIF,ELEVE
1485,832,4,2022-02-10,ACTIF,FAIBLE
1486,833,1,2022-05-02,ACTIF,MOYEN
1487,833,2,2022-07-21,ACTIF,MOYEN
1488,833,5,2022-05-23,ACTIF,FAIBLE
1489,834,2,2022-10-02,ACTIF,ELEVE
1490,834,5,2022-06-21,ACTIF,FAIBLE
1491,835,2,2022-11-09,ACTIF,ELEVE
1492,835,5,2022-09-24,ACTIF,ELEVE
1493,836,2,2022-05-01,ACTIF,FAIBLE
1494,836,4,2022-05-21,ACTIF,ELEVE
1495,837,1,2022-10-06,ACTIF,MOYEN
1496,838,5,2022-09-28,ACTIF,FAIBLE
1497,839,1,2022-06-04,ACTIF,MOYEN
1498,839,2,2022-05-18,ACTIF,FAIBLE
1499,839,3,2022-02-11,ACTIF,MOYEN
1500,839,4,2022-12-20,RESILIE,MOYEN
1501,840,1,2022-08-02,ACTIF,ELEVE
1502,840,5,2022-09-30,ACTIF,ELEVE
1503,841,1,2022-02-25,ACTIF,MOYEN
1504,842,1,2022-07-26,ACTIF,ELEVE
1505,842,2,2022-04-02,ACTIF,MOYEN
1506,842,4,2022-06-05,ACTIF,FAIBLE
1507,842,5,2022-05-15,ACTIF,ELEVE
1508,843,1,2022-11-21,ACTIF,ELEVE
1509,843,2,2022-05-02,ACTIF,ELEVE
1510,843,4,2022-04-08,ACTIF,FAIBLE
1511,843,5,2022-11-11,ACTIF,ELEVE
1512,844,2,2022-06-25,ACTIF,ELEVE
1513,844,3,2022-03-19,ACTIF,FAIBLE
1514,844,4,2022-01-19,ACTIF,MOYEN
1515,845,1,2022-07-14,ACTIF,MOYEN
1516,845,3,2022-12-23,ACTIF,MOYEN
1517,846,2,2022-06-26,ACTIF,MOYEN
1518,847,5,2022-12-23,ACTIF,MOYEN
1519,848,2,2022-09-15,ACTIF,ELEVE
1520,848,4,2022-08-05,ACTIF,FAIBLE
1521,848,5,2022-09-29,ACTIF,ELEVE
1522,849,1,2022-12-10,ACTIF,FAIBLE
1523,849,2,2022-06-29,ACTIF,FAIBLE
1524,849,4,2022-12-01,ACTIF,ELEVE
1525,850,5,2022-06-06,ACTIF,FAIBLE
1526,851,5,2022-11-22,ACTIF,FAIBLE
1527,853,1,2022-02-16,ACTIF,MOYEN
1528,853,2,2022-08-16,ACTIF,MOYEN
1529,853,3,2022-04-09,ACTIF,FAIBLE
1530,853,4,2022-03-02,ACTIF,ELEVE
1531,854,2,2022-01-26,ACTIF,FAIBLE
1532,854,3,2022-10-03,ACTIF,MOYEN
1533,854,5,2022-10-15,ACTIF,MOYEN
1534,855,2,2022-06-13,ACTIF,MOYEN
1535,855,5,2022-08-14,ACTIF,ELEVE
1536,856,1,2022-09-05,RESILIE,ELEVE
1537,856,2,2022-02-22,RESILIE,MOYEN
1538,856,4,2022-09-29,ACTIF,MOYEN
1539,856,5,2022-05-19,ACTIF,MOYEN
1540,857,2,2022-11-28,RESILIE,MOYEN
1541,859,2,2022-12-16,ACTIF,ELEVE
1542,861,2,2022-05-31,ACTIF,MOYEN
1543,862,1,2022-04-26,ACTIF,MOYEN
1544,862,4,2022-10-11,ACTIF,MOYEN
1545,863,2,2022-09-19,ACTIF,ELEVE
1546,863,5,2022-01-18,ACTIF,FAIBLE
1547,864,5,2022-11-29,ACTIF,MOYEN
1548,865,4,2022-12-20,ACTIF,MOYEN
1549,866,1,2022-07-22,ACTIF,ELEVE
1550,866,2,2022-06-05,ACTIF,MOYEN
1551,867,2,2022-04-19,ACTIF,FAIBLE
1552,867,5,2022-05-16,ACTIF,ELEVE
1553,868,2,2022-04-05,ACTIF,MOYEN
1554,868,3,2022-03-22,ACTIF,MOYEN
1555,869,1,2022-02-12,ACTIF,ELEVE
1556,869,2,2022-11-16,ACTIF,ELEVE
1557,869,3,2022-06-05,ACTIF,FAIBLE
1558,870,1,2022-07-12,ACTIF,FAIBLE
1559,870,2,2022-11-19,ACTIF,FAIBLE
1560,870,4,2022-02-12,ACTIF,ELEVE
1561,871,2,2022-03-28,ACTIF,MOYEN
1562,871,5,2022-11-29,ACTIF,FAIBLE
1563,872,1,2022-10-28,ACTIF,FAIBLE
1564,872,2,2022-05-19,ACTIF,FAIBLE
1565,872,5,2022-08-27,ACTIF,MOYEN
1566,873,2,2022-03-22,ACTIF,MOYEN
1567,873,5,2022-03-11,ACTIF,MOYEN
1568,874,1,2022-08-03,ACTIF,MOYEN
1569,874,2,2022-12-31,ACTIF,FAIBLE
1570,875,2,2022-02-11,RESILIE,FAIBLE
1571,875,5,2022-05-26,ACTIF,FAIBLE
1572,876,2,2022-09-14,ACTIF,ELEVE
1573,877,5,2022-11-01,ACTIF,FAIBLE
1574,878,3,2022-09-03,ACTIF,FAIBLE
1575,878,4,2022-08-30,ACTIF,MOYEN
1576,879,2,2022-12-23,ACTIF,FAIBLE
1577,879,4,2022-03-02,ACTIF,MOYEN
1578,879,5,2022-04-16,ACTIF,FAIBLE
1579,880,5,2022-01-17,ACTIF,ELEVE
1580,881,1,2022-08-05,ACTIF,MOYEN
1581,881,2,2022-06-13,ACTIF,MOYEN
1582,881,3,2022-10-31,ACTIF,MOYEN
1583,881,4,2022-04-06,ACTIF,ELEVE
1584,882,1,2022-02-13,ACTIF,MOYEN
1585,882,2,2022-08-30,ACTIF,MOYEN
1586,882,4,2022-10-03,ACTIF,FAIBLE
1587,883,2,2022-10-22,ACTIF,MOYEN
1588,883,3,2022-11-20,ACTIF,FAIBLE
1589,883,5,2022-01-23,ACTIF,FAIBLE
1590,884,5,2022-08-21,RESILIE,ELEVE
1591,885,5,2022-09-18,ACTIF,FAIBLE
1592,886,1,2022-09-09,ACTIF,ELEVE
1593,886,2,2022-08-19,ACTIF,ELEVE
1594,886,3,2022-06-11,ACTIF,MOYEN
1595,887,5,2022-06-16,ACTIF,ELEVE
1596,888,1,2022-03-18,ACTIF,MOYEN
1597,888,2,2022-02-19,ACTIF,ELEVE
1598,889,2,2022-11-01,ACTIF,MOYEN
1599,889,5,2022-12-09,ACTIF,FAIBLE
1600,890,2,2022-04-19,ACTIF,ELEVE
1601,891,1,2022-10-31,ACTIF,FAIBLE
1602,891,5,2022-09-18,ACTIF,ELEVE
1603,892,2,2022-12-10,ACTIF,FAIBLE
1604,892,4,2022-02-20,ACTIF,MOYEN
1605,892,5,2022-05-05,ACTIF,FAIBLE
1606,893,2,2022-02-24,ACTIF,FAIBLE
1607,893,3,2022-11-14,ACTIF,ELEVE
1608,893,4,2022-04-28,ACTIF,MOYEN
1609,893,5,2022-12-25,ACTIF,FAIBLE
1610,894,1,2022-12-08,ACTIF,MOYEN
1611,894,5,2022-08-05,ACTIF,FAIBLE
1612,895,1,2022-08-25,ACTIF,ELEVE
1613,897,3,2022-08-28,ACTIF,ELEVE
1614,897,4,2022-08-24,ACTIF,MOYEN
1615,897,5,2022-10-30,ACTIF,FAIBLE
1616,898,2,2022-11-01,ACTIF,ELEVE
1617,899,3,2022-07-02,ACTIF,MOYEN
1618,900,1,2022-09-17,ACTIF,FAIBLE
1619,900,4,2022-03-30,ACTIF,MOYEN
1620,901,5,2022-10-19,ACTIF,ELEVE
1621,902,1,2022-02-13,ACTIF,ELEVE
1622,902,2,2022-04-24,ACTIF,ELEVE
1623,902,4,2022-08-24,ACTIF,MOYEN
1624,902,5,2022-03-08,ACTIF,MOYEN
1625,903,2,2022-02-09,ACTIF,MOYEN
1626,905,2,2022-05-24,ACTIF,ELEVE
1627,905,4,2022-05-21,ACTIF,ELEVE
1628,906,3,2022-08-22,ACTIF,ELEVE
1629,906,5,2022-12-23,ACTIF,MOYEN
1630,908,3,2022-11-08,ACTIF,ELEVE
1631,909,4,2022-09-25,RESILIE,ELEVE
1632,909,5,2022-11-24,ACTIF,ELEVE
1633,910,1,2022-12-26,ACTIF,FAIBLE
1634,910,3,2022-05-06,ACTIF,FAIBLE
1635,910,5,2022-12-03,ACTIF,FAIBLE
1636,911,1,2022-04-03,ACTIF,FAIBLE
1637,911,2,2022-08-06,ACTIF,ELEVE
1638,911,4,2022-01-18,ACTIF,ELEVE
1639,911,5,2022-09-21,ACTIF,FAIBLE
1640,912,1,2022-11-16,ACTIF,MOYEN
1641,912,2,2022-03-14,ACTIF,FAIBLE
1642,913,1,2022-09-06,ACTIF,MOYEN
1643,913,2,2022-11-06,ACTIF,ELEVE
1644,913,3,2022-01-18,ACTIF,ELEVE
1645,915,1,2022-04-15,ACTIF,MOYEN
1646,915,4,2022-10-04,ACTIF,MOYEN
1647,916,1,2022-09-25,ACTIF,MOYEN
1648,916,2,2022-09-11,ACTIF,ELEVE
1649,916,5,2022-09-20,ACTIF,FAIBLE
1650,917,1,2022-02-01,ACTIF,MOYEN
1651,918,4,2022-11-02,ACTIF,ELEVE
1652,919,1,2022-07-29,ACTIF,ELEVE
1653,919,2,2022-11-19,ACTIF,ELEVE
1654,919,4,2022-05-15,ACTIF,FAIBLE
1655,920,1,2022-09-03,ACTIF,MOYEN
1656,920,2,2022-02-06,ACTIF,FAIBLE
1657,920,3,2022-08-27,ACTIF,MOYEN
1658,920,5,2022-05-06,ACTIF,FAIBLE
1659,921,2,2022-02-27,ACTIF,MOYEN
1660,921,3,2022-08-25,ACTIF,MOYEN
1661,921,5,2022-03-26,ACTIF,ELEVE
1662,922,1,2022-07-05,ACTIF,FAIBLE
1663,922,5,2022-01-24,ACTIF,FAIBLE
1664,923,2,2022-09-20,ACTIF,ELEVE
1665,923,4,2022-01-27,ACTIF,MOYEN
1666,923,5,2022-04-27,ACTIF,FAIBLE
1667,924,1,2022-02-23,ACTIF,FAIBLE
1668,924,2,2022-06-30,ACTIF,MOYEN
1669,924,4,2022-10-23,ACTIF,MOYEN
1670,925,1,2022-09-27,ACTIF,ELEVE
1671,925,2,2022-09-24,ACTIF,FAIBLE
1672,926,2,2022-12-19,ACTIF,MOYEN
1673,926,5,2022-01-19,ACTIF,FAIBLE
1674,927,1,2022-04-11,ACTIF,MOYEN
1675,928,2,2022-10-23,ACTIF,FAIBLE
1676,928,4,2022-04-06,ACTIF,FAIBLE
1677,928,5,2022-08-22,ACTIF,FAIBLE
1678,929,2,2022-11-28,ACTIF,ELEVE
1679,929,3,2022-06-20,ACTIF,FAIBLE
1680,929,4,2022-12-27,ACTIF,MOYEN
1681,930,2,2022-02-24,ACTIF,ELEVE
1682,930,3,2022-08-05,ACTIF,MOYEN
1683,932,1,2022-05-26,ACTIF,FAIBLE
1684,932,3,2022-12-06,ACTIF,MOYEN
1685,932,4,2022-05-22,RESILIE,ELEVE
1686,933,3,2022-06-05,ACTIF,MOYEN
1687,934,2,2022-02-21,ACTIF,ELEVE
1688,934,3,2022-11-01,ACTIF,MOYEN
1689,934,4,2022-02-04,ACTIF,ELEVE
1690,934,5,2022-08-20,ACTIF,MOYEN
1691,935,5,2022-04-04,ACTIF,ELEVE
1692,936,1,2022-07-14,ACTIF,FAIBLE
1693,936,3,2022-09-08,ACTIF,ELEVE
1694,937,1,2022-07-15,ACTIF,ELEVE
1695,938,2,2022-09-30,ACTIF,MOYEN
1696,938,4,2022-11-23,ACTIF,FAIBLE
1697,939,4,2022-05-26,ACTIF,FAIBLE
1698,940,2,2022-08-20,ACTIF,FAIBLE
1699,940,4,2022-07-31,ACTIF,MOYEN
1700,940,5,2022-12-28,ACTIF,MOYEN
1701,941,2,2022-08-05,ACTIF,ELEVE
1702,942,5,2022-05-23,RESILIE,MOYEN
1703,944,2,2022-03-10,ACTIF,MOYEN
1704,944,5,2022-03-25,ACTIF,FAIBLE
1705,945,2,2022-07-10,RESILIE,FAIBLE
1706,946,2,2022-05-07,ACTIF,FAIBLE
1707,946,3,2022-06-06,ACTIF,MOYEN
1708,946,5,2022-12-16,ACTIF,MOYEN
1709,947,3,2022-03-10,ACTIF,MOYEN
1710,947,5,2022-11-02,ACTIF,MOYEN
1711,948,1,2022-02-26,ACTIF,ELEVE
1712,948,3,2022-12-02,ACTIF,MOYEN
1713,949,1,2022-12-01,ACTIF,FAIBLE
1714,951,2,2022-08-29,ACTIF,ELEVE
1715,952,2,2022-12-12,ACTIF,ELEVE
1716,952,5,2022-06-26,ACTIF,FAIBLE
1717,953,4,2022-06-07,ACTIF,MOYEN
1718,953,5,2022-05-16,ACTIF,FAIBLE
1719,954,3,2022-07-01,ACTIF,ELEVE
1720,954,4,2022-09-30,ACTIF,FAIBLE
1721,954,5,2022-06-18,ACTIF,FAIBLE
1722,955,5,2022-02-09,ACTIF,ELEVE
1723,956,1,2022-08-16,ACTIF,FAIBLE
1724,956,4,2022-01-29,ACTIF,MOYEN
1725,958,1,2022-02-17,ACTIF,ELEVE
1726,958,4,2022-07-08,ACTIF,FAIBLE
1727,959,1,2022-02-27,ACTIF,MOYEN
1728,959,2,2022-04-10,ACTIF,MOYEN
1729,959,4,2022-08-16,ACTIF,FAIBLE
1730,959,5,2022-02-11,ACTIF,FAIBLE
1731,961,4,2022-04-14,ACTIF,FAIBLE
1732,962,1,2022-11-27,ACTIF,ELEVE
1733,962,2,2022-09-09,ACTIF,ELEVE
1734,963,4,2022-02-16,ACTIF,ELEVE
1735,963,5,2022-06-03,ACTIF,FAIBLE
1736,964,1,2022-09-16,ACTIF,FAIBLE
1737,964,2,2022-10-16,ACTIF,MOYEN
1738,964,5,2022-06-29,ACTIF,ELEVE
1739,965,2,2022-06-30,ACTIF,ELEVE
1740,966,3,2022-05-13,ACTIF,FAIBLE
1741,967,5,2022-08-26,ACTIF,FAIBLE
1742,968,2,2022-07-23,ACTIF,ELEVE
1743,968,5,2022-01-18,ACTIF,MOYEN
1744,969,1,2022-02-13,ACTIF,FAIBLE
1745,970,5,2022-01-23,ACTIF,ELEVE
1746,972,1,2022-02-26,ACTIF,FAIBLE
1747,972,2,2022-06-13,ACTIF,FAIBLE
1748,973,1,2022-03-10,ACTIF,ELEVE
1749,973,5,2022-09-29,RESILIE,MOYEN
1750,974,2,2022-08-11,ACTIF,MOYEN
1751,974,3,2022-06-06,ACTIF,ELEVE
1752,975,2,2022-09-01,ACTIF,ELEVE
1753,976,1,2022-05-10,ACTIF,MOYEN
1754,976,2,2022-07-15,ACTIF,ELEVE
1755,976,3,2022-02-23,ACTIF,FAIBLE
1756,977,2,2022-09-07,ACTIF,ELEVE
1757,977,3,2022-12-19,ACTIF,MOYEN
1758,978,4,2022-06-05,ACTIF,ELEVE
1759,980,5,2022-05-10,ACTIF,ELEVE
1760,981,1,2022-08-28,ACTIF,FAIBLE
1761,981,2,2022-03-02,ACTIF,MOYEN
1762,981,3,2022-03-22,ACTIF,MOYEN
1763,981,5,2022-06-28,ACTIF,FAIBLE
1764,982,2,2022-04-29,ACTIF,ELEVE
1765,982,5,2022-04-08,ACTIF,ELEVE
1766,983,1,2022-03-23,ACTIF,ELEVE
1767,983,2,2022-06-03,ACTIF,FAIBLE
1768,983,3,2022-08-07,ACTIF,FAIBLE
1769,983,5,2022-10-12,ACTIF,ELEVE
1770,984,2,2022-10-09,ACTIF,FAIBLE
1771,985,1,2022-05-07,ACTIF,ELEVE
1772,985,2,2022-11-25,ACTIF,FAIBLE
1773,985,5,2022-05-21,RESILIE,FAIBLE
1774,986,3,2022-07-26,ACTIF,MOYEN
1775,986,5,2022-08-18,ACTIF,ELEVE
1776,988,1,2022-09-14,ACTIF,ELEVE
1777,988,4,2022-11-09,ACTIF,FAIBLE
1778,990,1,2022-08-17,ACTIF,MOYEN
1779,990,2,2022-06-24,ACTIF,MOYEN
1780,990,5,2022-10-01,ACTIF,FAIBLE
1781,992,1,2022-02-10,ACTIF,FAIBLE
1782,992,2,2022-06-26,ACTIF,MOYEN
1783,993,1,2022-05-23,ACTIF,FAIBLE
1784,994,1,2022-12-17,ACTIF,ELEVE
1785,994,3,2022-01-27,ACTIF,FAIBLE
1786,994,4,2022-03-27,ACTIF,MOYEN
1787,994,5,2022-03-11,ACTIF,MOYEN
1788,995,1,2022-06-17,ACTIF,MOYEN
1789,995,3,2022-08-19,ACTIF,MOYEN
1790,995,4,2022-05-26,ACTIF,ELEVE
1791,996,4,2022-06-09,ACTIF,FAIBLE
1792,996,5,2022-09-17,ACTIF,FAIBLE
1793,997,2,2022-07-19,ACTIF,ELEVE
1794,997,5,2022-10-22,ACTIF,FAIBLE
1795,998,4,2022-12-24,ACTIF,ELEVE
1796,999,2,2022-02-27,ACTIF,MOYEN
1797,1000,2,2022-08-05,RESILIE,ELEVE
1798,1001,1,2022-11-11,ACTIF,FAIBLE
1799,1001,2,2022-07-24,ACTIF,FAIBLE
1800,1001,3,2022-10-12,ACTIF,MOYEN
1801,1001,5,2022-01-20,ACTIF,FAIBLE
1802,1002,5,2023-01-01,ACTIF,MOYEN
1803,1003,5,2022-03-30,RESILIE,ELEVE
1804,1004,5,2022-06-23,ACTIF,ELEVE
1805,1005,5,2022-08-20,ACTIF,FAIBLE
1806,1006,1,2022-03-07,ACTIF,FAIBLE
1807,1006,2,2022-09-22,ACTIF,ELEVE
1808,1006,5,2022-06-02,ACTIF,MOYEN
1809,1007,4,2022-09-30,ACTIF,ELEVE
1810,1009,1,2022-03-03,ACTIF,MOYEN
1811,1009,2,2022-08-04,ACTIF,ELEVE
1812,1009,3,2022-07-18,ACTIF,ELEVE
1813,1009,5,2022-08-16,ACTIF,ELEVE
1814,1010,2,2022-11-10,RESILIE,MOYEN
1815,1011,2,2022-01-23,ACTIF,MOYEN
1816,1011,4,2022-08-15,ACTIF,FAIBLE
1817,1011,5,2022-05-02,ACTIF,ELEVE
1818,1012,2,2022-05-29,ACTIF,MOYEN
1819,1013,1,2022-03-22,ACTIF,FAIBLE
1820,1016,3,2022-08-21,ACTIF,FAIBLE
1821,1016,4,2022-12-03,ACTIF,FAIBLE
1822,1016,5,2022-11-04,ACTIF,FAIBLE
1823,1017,1,2022-10-31,ACTIF,ELEVE
1824,1017,2,2022-05-16,ACTIF,FAIBLE
1825,1017,3,2022-06-09,ACTIF,MOYEN
1826,1017,5,2022-09-22,ACTIF,MOYEN
1827,1018,1,2022-11-22,ACTIF,FAIBLE
1828,1019,1,2022-10-11,ACTIF,MOYEN
1829,1019,2,2022-08-02,ACTIF,FAIBLE
1830,1019,3,2022-04-24,ACTIF,FAIBLE
1831,1020,2,2022-09-05,ACTIF,MOYEN
1832,1020,4,2022-11-23,ACTIF,ELEVE
1833,1020,5,2022-06-17,ACTIF,FAIBLE
1834,1021,2,2022-04-07,ACTIF,MOYEN
1835,1021,4,2022-10-11,ACTIF,FAIBLE
1836,1021,5,2022-07-30,ACTIF,FAIBLE
1837,1022,1,2022-12-31,ACTIF,ELEVE
1838,1022,2,2022-08-15,ACTIF,FAIBLE
1839,1022,5,2022-05-20,ACTIF,ELEVE
1840,1023,5,2022-12-23,RESILIE,MOYEN
1841,1024,3,2022-12-14,ACTIF,ELEVE
1842,1024,5,2022-04-09,ACTIF,ELEVE
1843,1025,3,2022-05-03,ACTIF,ELEVE
1844,1025,5,2022-12-15,ACTIF,ELEVE
1845,1026,1,2022-04-15,ACTIF,ELEVE
1846,1026,2,2022-08-16,ACTIF,MOYEN
1847,1026,4,2022-04-28,ACTIF,ELEVE
1848,1026,5,2022-04-14,ACTIF,ELEVE
1849,1027,1,2022-01-31,ACTIF,FAIBLE
1850,1027,2,2022-12-06,ACTIF,ELEVE
1851,1027,5,2022-05-24,ACTIF,ELEVE
1852,1028,2,2022-07-03,ACTIF,MOYEN
1853,1028,3,2022-12-05,ACTIF,MOYEN
1854,1029,1,2022-07-24,ACTIF,MOYEN
1855,1029,4,2022-08-07,ACTIF,MOYEN
1856,1030,5,2022-11-18,ACTIF,ELEVE
1857,1031,2,2022-01-18,ACTIF,ELEVE
1858,1031,3,2022-11-12,ACTIF,MOYEN
1859,1032,1,2022-02-28,ACTIF,MOYEN
1860,1032,2,2022-07-12,ACTIF,FAIBLE
1861,1033,2,2022-11-02,ACTIF,ELEVE
1862,1034,1,2022-03-24,ACTIF,ELEVE
1863,1034,4,2022-12-25,ACTIF,ELEVE
1864,1035,1,2022-09-18,ACTIF,MOYEN
1865,1035,2,2022-05-17,ACTIF,ELEVE
1866,1035,5,2022-02-02,ACTIF,ELEVE
1867,1037,2,2022-05-02,ACTIF,ELEVE
1868,1037,5,2022-11-14,ACTIF,FAIBLE
1869,1038,1,2022-03-16,ACTIF,ELEVE
1870,1038,2,2022-12-08,ACTIF,MOYEN
1871,1038,5,2022-05-13,ACTIF,MOYEN
1872,1039,5,2022-03-28,ACTIF,FAIBLE
1873,1041,2,2022-11-07,ACTIF,ELEVE
1874,1041,5,2022-04-09,ACTIF,FAIBLE
1875,1042,2,2022-05-24,ACTIF,ELEVE
1876,1043,2,2022-12-04,ACTIF,ELEVE
1877,1044,1,2022-04-25,ACTIF,ELEVE
1878,1045,2,2022-05-24,ACTIF,ELEVE
1879,1045,5,2022-08-21,ACTIF,ELEVE
1880,1046,4,2022-07-16,RESILIE,ELEVE
1881,1046,5,2022-03-20,ACTIF,FAIBLE
1882,1047,1,2022-03-05,RESILIE,FAIBLE
1883,1047,5,2022-06-04,ACTIF,MOYEN
1884,1048,5,2022-03-03,ACTIF,MOYEN
1885,1049,5,2022-02-21,ACTIF,ELEVE
1886,1051,1,2022-08-29,ACTIF,ELEVE
1887,1051,2,2022-09-27,ACTIF,MOYEN
1888,1052,2,2022-11-21,ACTIF,MOYEN
1889,1052,3,2022-10-14,ACTIF,MOYEN
1890,1052,5,2022-05-08,ACTIF,FAIBLE
1891,1053,2,2022-03-21,ACTIF,ELEVE
1892,1053,5,2022-12-04,ACTIF,FAIBLE
1893,1054,3,2022-07-15,ACTIF,ELEVE
1894,1055,1,2022-11-07,ACTIF,MOYEN
1895,1055,2,2022-11-01,ACTIF,MOYEN
1896,1056,1,2022-03-28,ACTIF,FAIBLE
1897,1056,5,2022-08-24,RESILIE,FAIBLE
1898,1057,2,2022-10-11,ACTIF,ELEVE
1899,1058,3,2022-05-04,ACTIF,ELEVE
1900,1059,2,2022-12-24,ACTIF,ELEVE
1901,1059,3,2022-03-08,ACTIF,ELEVE
1902,1059,4,2022-11-03,ACTIF,ELEVE
1903,1060,2,2022-01-20,ACTIF,FAIBLE
1904,1061,2,2022-06-23,ACTIF,ELEVE
1905,1061,4,2022-03-10,ACTIF,FAIBLE
1906,1062,1,2022-08-28,ACTIF,MOYEN
1907,1062,2,2022-02-21,ACTIF,ELEVE
1908,1063,2,2022-02-02,ACTIF,FAIBLE
1909,1063,3,2022-08-31,ACTIF,MOYEN
1910,1063,4,2022-07-18,ACTIF,ELEVE
1911,1064,1,2022-01-22,ACTIF,FAIBLE
1912,1064,2,2022-09-23,ACTIF,ELEVE
1913,1064,5,2022-11-17,ACTIF,MOYEN
1914,1065,1,2022-06-30,ACTIF,MOYEN
1915,1065,2,2022-04-22,ACTIF,MOYEN
1916,1065,5,2022-07-21,ACTIF,FAIBLE
1917,1066,1,2022-05-13,ACTIF,MOYEN
1918,1066,2,2022-08-31,ACTIF,ELEVE
1919,1067,2,2022-06-30,ACTIF,FAIBLE
1920,1068,1,2022-03-14,ACTIF,ELEVE
1921,1068,2,2022-03-09,ACTIF,FAIBLE
1922,1069,2,2022-06-28,ACTIF,MOYEN
1923,1069,5,2022-07-23,ACTIF,FAIBLE
1924,1071,2,2022-02-19,ACTIF,ELEVE
1925,1071,5,2022-09-21,ACTIF,MOYEN
1926,1072,2,2022-12-02,ACTIF,MOYEN
1927,1073,4,2022-12-01,ACTIF,MOYEN
1928,1074,2,2022-06-27,ACTIF,MOYEN
1929,1075,3,2022-12-09,ACTIF,FAIBLE
1930,1077,2,2022-04-08,ACTIF,ELEVE
1931,1078,5,2022-05-06,ACTIF,ELEVE
1932,1079,1,2022-10-27,ACTIF,MOYEN
1933,1079,2,2022-10-29,ACTIF,MOYEN
1934,1079,5,2022-04-22,ACTIF,FAIBLE
1935,1080,1,2022-11-04,ACTIF,MOYEN
1936,1081,1,2022-01-16,ACTIF,MOYEN
1937,1081,2,2022-11-08,ACTIF,MOYEN
1938,1081,3,2022-09-29,ACTIF,MOYEN
1939,1081,5,2022-10-19,ACTIF,ELEVE
1940,1082,4,2022-05-29,ACTIF,FAIBLE
1941,1082,5,2022-08-09,ACTIF,FAIBLE
1942,1083,2,2022-04-03,ACTIF,MOYEN
1943,1083,4,2022-11-25,ACTIF,FAIBLE
1944,1083,5,2022-10-22,ACTIF,MOYEN
1945,1084,1,2022-09-30,ACTIF,ELEVE
1946,1084,3,2022-04-01,ACTIF,ELEVE
1947,1084,4,2022-08-17,ACTIF,FAIBLE
1948,1084,5,2022-10-17,ACTIF,MOYEN
1949,1085,2,2022-08-28,ACTIF,MOYEN
1950,1086,1,2022-01-26,ACTIF,ELEVE
1951,1086,2,2022-08-28,ACTIF,FAIBLE
1952,1086,5,2022-12-22,ACTIF,FAIBLE
1953,1087,1,2022-04-29,ACTIF,FAIBLE
1954,1087,4,2022-04-06,ACTIF,ELEVE
1955,1088,2,2022-05-02,ACTIF,ELEVE
1956,1088,4,2022-06-10,ACTIF,ELEVE
1957,1089,2,2022-05-18,ACTIF,MOYEN
1958,1090,1,2022-03-05,ACTIF,FAIBLE
1959,1090,4,2022-07-27,ACTIF,MOYEN
1960,1091,1,2022-06-05,ACTIF,MOYEN
1961,1091,2,2022-06-13,ACTIF,FAIBLE
1962,1092,2,2022-11-06,ACTIF,MOYEN
1963,1093,2,2022-07-30,RESILIE,ELEVE
1964,1093,4,2022-12-19,ACTIF,FAIBLE
1965,1093,5,2022-01-19,ACTIF,MOYEN
1966,1094,1,2022-03-10,ACTIF,MOYEN
1967,1094,3,2022-12-06,ACTIF,ELEVE
1968,1094,5,2022-03-25,ACTIF,MOYEN
1969,1095,2,2022-12-02,ACTIF,MOYEN
1970,1096,1,2022-04-01,ACTIF,FAIBLE
1971,1096,2,2022-04-16,ACTIF,ELEVE
1972,1097,1,2022-05-26,ACTIF,FAIBLE
1973,1097,4,2022-09-10,ACTIF,FAIBLE
1974,1097,5,2022-04-12,ACTIF,FAIBLE
1975,1098,1,2022-07-12,ACTIF,ELEVE
1976,1098,2,2022-08-21,ACTIF,MOYEN
1977,1099,4,2022-09-06,ACTIF,ELEVE
1978,1099,5,2022-02-18,ACTIF,FAIBLE
1979,1100,3,2022-11-08,ACTIF,FAIBLE
1980,1100,5,2022-12-25,ACTIF,ELEVE
1981,1101,2,2022-10-03,ACTIF,ELEVE
1982,1101,4,2022-08-29,ACTIF,MOYEN
1983,1101,5,2022-04-06,ACTIF,MOYEN
1984,1102,1,2022-02-08,ACTIF,MOYEN
1985,1102,5,2022-11-19,ACTIF,FAIBLE
1986,1103,2,2022-05-22,ACTIF,ELEVE
1987,1103,5,2022-05-24,ACTIF,ELEVE
1988,1104,1,2022-05-18,ACTIF,ELEVE
1989,1105,5,2022-05-03,ACTIF,ELEVE
1990,1106,1,2022-10-30,ACTIF,MOYEN
1991,1106,2,2022-05-11,ACTIF,FAIBLE
1992,1106,5,2022-08-14,ACTIF,ELEVE
1993,1107,1,2022-12-14,ACTIF,FAIBLE
1994,1107,4,2022-06-04,ACTIF,ELEVE
1995,1108,1,2022-11-11,ACTIF,FAIBLE
1996,1108,2,2022-03-21,ACTIF,FAIBLE
1997,1108,3,2022-02-15,ACTIF,ELEVE
1998,1108,4,2022-05-27,ACTIF,MOYEN
1999,1108,5,2022-03-11,ACTIF,ELEVE
2000,1109,1,2022-05-24,ACTIF,ELEVE
2001,1109,2,2022-05-27,ACTIF,MOYEN
2002,1109,5,2022-10-14,ACTIF,MOYEN
2003,1111,4,2022-07-28,ACTIF,ELEVE
2004,1111,5,2022-09-13,ACTIF,MOYEN
2005,1112,1,2022-03-11,ACTIF,ELEVE
2006,1112,2,2022-11-16,ACTIF,FAIBLE
2007,1112,3,2022-03-24,ACTIF,ELEVE
2008,1112,5,2022-06-21,ACTIF,FAIBLE
2009,1113,2,2022-01-25,ACTIF,FAIBLE
2010,1115,2,2022-03-07,ACTIF,MOYEN
2011,1115,4,2022-06-26,ACTIF,FAIBLE
2012,1116,1,2022-07-08,ACTIF,FAIBLE
2013,1116,3,2022-10-06,ACTIF,FAIBLE
2014,1116,4,2022-05-03,ACTIF,ELEVE
2015,1116,5,2022-11-18,ACTIF,MOYEN
2016,1117,3,2022-12-16,RESILIE,ELEVE
2017,1117,4,2022-11-19,ACTIF,ELEVE
2018,1118,1,2022-01-31,ACTIF,FAIBLE
2019,1118,5,2022-07-03,ACTIF,MOYEN
2020,1119,1,2022-12-16,ACTIF,MOYEN
2021,1119,2,2022-11-13,ACTIF,ELEVE
2022,1119,5,2022-06-23,ACTIF,MOYEN
2023,1120,5,2022-08-01,ACTIF,FAIBLE
2024,1121,1,2022-04-28,ACTIF,ELEVE
2025,1121,2,2022-05-01,ACTIF,MOYEN
2026,1122,4,2022-12-27,RESILIE,MOYEN
2027,1122,5,2022-12-01,ACTIF,ELEVE
2028,1123,1,2022-09-15,ACTIF,ELEVE
2029,1124,2,2022-02-19,ACTIF,ELEVE
2030,1124,5,2022-06-28,ACTIF,ELEVE
2031,1125,1,2022-05-22,ACTIF,MOYEN
2032,1125,2,2022-05-31,ACTIF,ELEVE
2033,1127,3,2022-03-30,ACTIF,ELEVE
2034,1127,4,2022-09-24,ACTIF,ELEVE
2035,1128,3,2022-11-07,ACTIF,ELEVE
2036,1128,5,2022-12-08,ACTIF,ELEVE
2037,1129,2,2022-10-29,ACTIF,MOYEN
2038,1129,3,2022-05-12,ACTIF,FAIBLE
2039,1129,4,2022-09-06,ACTIF,MOYEN
2040,1130,2,2022-09-25,ACTIF,FAIBLE
2041,1130,3,2022-11-30,ACTIF,MOYEN
2042,1131,1,2022-06-21,ACTIF,FAIBLE
2043,1131,5,2022-02-08,ACTIF,FAIBLE
2044,1132,2,2022-08-20,RESILIE,MOYEN
2045,1132,3,2022-11-22,ACTIF,MOYEN
2046,1133,1,2022-10-30,ACTIF,ELEVE
2047,1133,2,2022-06-21,ACTIF,FAIBLE
2048,1133,4,2022-11-13,ACTIF,ELEVE
2049,1136,1,2022-06-06,ACTIF,MOYEN
2050,1136,2,2022-09-09,ACTIF,ELEVE
2051,1136,5,2022-12-23,ACTIF,MOYEN
2052,1138,1,2022-12-13,ACTIF,ELEVE
2053,1138,5,2022-06-30,ACTIF,FAIBLE
2054,1139,1,2022-12-07,ACTIF,FAIBLE
2055,1139,4,2022-04-06,ACTIF,MOYEN
2056,1140,1,2022-03-18,ACTIF,FAIBLE
2057,1140,2,2022-08-07,ACTIF,MOYEN
2058,1140,3,2022-01-16,ACTIF,MOYEN
2059,1140,4,2022-09-02,RESILIE,ELEVE
2060,1141,2,2022-05-05,RESILIE,ELEVE
2061,1141,3,2022-06-16,RESILIE,FAIBLE
2062,1142,2,2022-06-15,ACTIF,FAIBLE
2063,1143,2,2022-04-11,ACTIF,MOYEN
2064,1143,4,2022-02-21,ACTIF,MOYEN
2065,1144,2,2022-06-23,ACTIF,MOYEN
2066,1144,5,2022-06-09,ACTIF,MOYEN
2067,1145,4,2022-04-30,ACTIF,MOYEN
2068,1145,5,2022-03-12,ACTIF,MOYEN
2069,1146,2,2022-04-20,ACTIF,MOYEN
2070,1146,4,2022-12-01,ACTIF,MOYEN
2071,1147,1,2022-12-26,ACTIF,FAIBLE
2072,1148,1,2022-01-18,ACTIF,MOYEN
2073,1149,2,2022-11-01,ACTIF,MOYEN
2074,1149,4,2022-09-29,ACTIF,ELEVE
2075,1149,5,2022-10-24,ACTIF,ELEVE
2076,1150,2,2022-10-08,RESILIE,FAIBLE
2077,1150,4,2022-05-10,ACTIF,MOYEN
2078,1150,5,2022-10-28,ACTIF,ELEVE
2079,1151,1,2022-07-05,ACTIF,MOYEN
2080,1151,2,2022-03-18,ACTIF,FAIBLE
2081,1151,5,2022-09-27,ACTIF,FAIBLE
2082,1153,2,2022-03-04,ACTIF,FAIBLE
2083,1155,1,2022-08-07,ACTIF,ELEVE
2084,1155,2,2022-06-25,ACTIF,MOYEN
2085,1155,4,2022-12-22,ACTIF,MOYEN
2086,1155,5,2022-11-12,ACTIF,MOYEN
2087,1156,5,2022-07-06,ACTIF,FAIBLE
2088,1157,2,2022-04-27,ACTIF,MOYEN
2089,1158,1,2022-02-18,RESILIE,ELEVE
2090,1158,2,2022-04-07,ACTIF,FAIBLE
2091,1158,5,2022-12-31,ACTIF,MOYEN
2092,1159,1,2022-08-24,ACTIF,MOYEN
2093,1159,3,2022-12-27,ACTIF,MOYEN
2094,1159,5,2022-12-28,ACTIF,ELEVE
2095,1160,2,2022-10-13,ACTIF,ELEVE
2096,1161,2,2022-10-27,ACTIF,ELEVE
2097,1161,4,2022-06-19,ACTIF,ELEVE
2098,1163,4,2022-01-23,ACTIF,ELEVE
2099,1163,5,2022-10-20,ACTIF,ELEVE
2100,1164,1,2022-12-17,ACTIF,ELEVE
2101,1164,2,2022-01-24,ACTIF,FAIBLE
2102,1164,4,2022-02-02,ACTIF,ELEVE
2103,1164,5,2022-02-09,ACTIF,MOYEN
2104,1165,2,2022-12-10,ACTIF,ELEVE
2105,1166,1,2022-04-20,ACTIF,FAIBLE
2106,1166,3,2022-08-16,ACTIF,ELEVE
2107,1166,4,2022-03-27,ACTIF,ELEVE
2108,1168,1,2022-03-15,ACTIF,FAIBLE
2109,1168,5,2022-04-07,ACTIF,FAIBLE
2110,1169,5,2022-06-29,ACTIF,ELEVE
2111,1170,1,2022-01-18,ACTIF,ELEVE
2112,1170,2,2022-02-25,ACTIF,ELEVE
2113,1171,5,2022-09-24,ACTIF,ELEVE
2114,1172,1,2022-06-11,ACTIF,ELEVE
2115,1173,2,2022-03-08,ACTIF,MOYEN
2116,1173,3,2022-08-01,ACTIF,FAIBLE
2117,1174,1,2022-03-23,ACTIF,FAIBLE
2118,1174,2,2022-04-01,ACTIF,MOYEN
2119,1175,1,2022-04-21,ACTIF,MOYEN
2120,1175,2,2022-11-03,ACTIF,MOYEN
2121,1175,5,2022-10-21,ACTIF,MOYEN
2122,1176,4,2022-05-21,ACTIF,MOYEN
2123,1176,5,2022-05-08,ACTIF,MOYEN
2124,1177,2,2022-03-29,ACTIF,ELEVE
2125,1178,3,2022-11-25,ACTIF,MOYEN
2126,1178,5,2022-12-22,ACTIF,ELEVE
2127,1179,1,2022-09-07,ACTIF,MOYEN
2128,1179,2,2022-08-16,ACTIF,ELEVE
2129,1179,5,2022-05-26,ACTIF,FAIBLE
2130,1180,5,2022-09-13,ACTIF,ELEVE
2131,1181,2,2022-03-25,ACTIF,ELEVE
2132,1182,1,2022-03-23,ACTIF,ELEVE
2133,1182,3,2022-08-01,ACTIF,ELEVE
2134,1182,4,2022-09-05,ACTIF,FAIBLE
2135,1183,1,2022-12-10,ACTIF,MOYEN
2136,1183,3,2022-05-07,ACTIF,FAIBLE
2137,1183,5,2022-10-13,ACTIF,MOYEN
2138,1186,1,2022-02-11,ACTIF,ELEVE
2139,1186,2,2022-02-16,ACTIF,MOYEN
2140,1186,4,2022-09-12,ACTIF,ELEVE
2141,1186,5,2022-02-28,ACTIF,ELEVE
2142,1187,5,2022-06-09,ACTIF,FAIBLE
2143,1188,1,2022-05-11,ACTIF,ELEVE
2144,1188,2,2022-07-19,ACTIF,MOYEN
2145,1188,5,2022-09-01,ACTIF,ELEVE
2146,1189,1,2022-03-11,ACTIF,ELEVE
2147,1189,4,2022-06-09,ACTIF,ELEVE
2148,1190,1,2022-07-28,ACTIF,FAIBLE
2149,1191,3,2022-01-24,ACTIF,ELEVE
2150,1191,4,2022-07-04,ACTIF,ELEVE
2151,1192,2,2022-12-21,ACTIF,ELEVE
2152,1192,5,2022-07-31,ACTIF,ELEVE
2153,1193,2,2022-11-13,ACTIF,FAIBLE
2154,1193,5,2022-06-27,ACTIF,MOYEN
2155,1197,2,2022-05-11,ACTIF,ELEVE
2156,1197,5,2022-11-11,ACTIF,FAIBLE
2157,1198,1,2022-10-29,ACTIF,MOYEN
2158,1198,2,2022-12-05,RESILIE,MOYEN
2159,1198,3,2022-11-28,ACTIF,MOYEN
2160,1199,1,2022-12-27,ACTIF,FAIBLE
2161,1199,5,2022-10-31,ACTIF,ELEVE
2162,1201,3,2022-10-24,ACTIF,ELEVE
2163,1201,4,2022-01-31,ACTIF,FAIBLE
2164,1201,5,2022-08-12,ACTIF,ELEVE
2165,1202,1,2022-04-19,ACTIF,MOYEN
2166,1202,4,2022-11-10,ACTIF,FAIBLE
2167,1202,5,2022-03-07,ACTIF,ELEVE
2168,1203,4,2022-05-31,ACTIF,ELEVE
2169,1204,2,2022-04-06,ACTIF,ELEVE
2170,1204,5,2022-11-13,ACTIF,MOYEN
2171,1205,2,2022-06-17,ACTIF,ELEVE
2172,1205,3,2022-07-11,ACTIF,FAIBLE
2173,1205,5,2022-07-04,ACTIF,FAIBLE
2174,1206,1,2022-05-27,ACTIF,FAIBLE
2175,1206,2,2022-05-14,ACTIF,MOYEN
2176,1207,1,2022-03-23,ACTIF,MOYEN
2177,1207,5,2022-12-22,ACTIF,FAIBLE
2178,1208,4,2022-09-13,ACTIF,MOYEN
2179,1209,3,2022-08-15,ACTIF,FAIBLE
2180,1210,2,2022-08-05,ACTIF,MOYEN
2181,1211,2,2022-03-03,ACTIF,MOYEN
2182,1211,4,2022-05-13,ACTIF,MOYEN
2183,1212,4,2022-07-13,ACTIF,FAIBLE
2184,1213,2,2022-03-30,ACTIF,MOYEN
2185,1213,5,2022-05-01,ACTIF,MOYEN
2186,1214,3,2022-02-13,ACTIF,ELEVE
2187,1214,5,2022-11-16,ACTIF,MOYEN
2188,1215,2,2022-08-16,ACTIF,ELEVE
2189,1215,4,2022-07-28,ACTIF,FAIBLE
2190,1216,2,2022-08-11,ACTIF,ELEVE
2191,1216,3,2022-11-05,ACTIF,MOYEN
2192,1216,5,2022-08-05,ACTIF,ELEVE
2193,1217,1,2022-02-04,ACTIF,ELEVE
2194,1218,1,2022-01-24,ACTIF,FAIBLE
2195,1218,2,2022-03-31,ACTIF,ELEVE
2196,1218,4,2022-12-29,ACTIF,FAIBLE
2197,1218,5,2022-10-04,ACTIF,MOYEN
2198,1219,4,2022-06-18,ACTIF,ELEVE
2199,1219,5,2022-12-16,ACTIF,MOYEN
2200,1220,2,2022-09-16,ACTIF,ELEVE
2201,1220,4,2022-08-16,ACTIF,MOYEN
2202,1221,2,2022-11-16,ACTIF,MOYEN
2203,1222,1,2022-07-19,ACTIF,MOYEN
2204,1224,1,2022-10-24,RESILIE,FAIBLE
2205,1224,3,2022-12-18,ACTIF,FAIBLE
2206,1224,4,2022-03-10,RESILIE,FAIBLE
2207,1224,5,2022-11-04,ACTIF,FAIBLE
2208,1225,1,2022-01-26,ACTIF,FAIBLE
2209,1225,2,2022-10-22,ACTIF,ELEVE
2210,1226,4,2022-12-02,ACTIF,ELEVE
2211,1227,2,2022-02-28,ACTIF,MOYEN
2212,1228,1,2022-05-08,ACTIF,ELEVE
2213,1228,4,2022-09-24,ACTIF,ELEVE
2214,1229,2,2022-12-23,ACTIF,FAIBLE
2215,1229,5,2022-05-10,ACTIF,FAIBLE
2216,1230,1,2022-08-28,ACTIF,ELEVE
2217,1230,2,2022-04-25,ACTIF,MOYEN
2218,1231,1,2022-10-12,ACTIF,ELEVE
2219,1231,4,2022-07-19,ACTIF,MOYEN
2220,1232,2,2022-01-21,RESILIE,FAIBLE
2221,1232,5,2022-10-22,ACTIF,FAIBLE
2222,1233,2,2022-06-23,ACTIF,MOYEN
2223,1233,5,2022-01-22,ACTIF,MOYEN
2224,1234,1,2022-10-30,ACTIF,ELEVE
2225,1235,1,2022-09-28,ACTIF,MOYEN
2226,1235,2,2022-10-15,ACTIF,ELEVE
2227,1235,4,2022-07-31,ACTIF,ELEVE
2228,1236,1,2022-05-08,ACTIF,FAIBLE
2229,1236,2,2022-06-06,ACTIF,ELEVE
2230,1236,4,2022-09-18,ACTIF,ELEVE
2231,1236,5,2022-08-24,ACTIF,FAIBLE
2232,1237,2,2022-01-16,ACTIF,FAIBLE
2233,1238,1,2022-06-25,ACTIF,FAIBLE
2234,1238,2,2022-11-19,ACTIF,MOYEN
2235,1238,4,2022-09-15,ACTIF,FAIBLE
2236,1238,5,2022-09-17,ACTIF,ELEVE
2237,1239,1,2022-02-23,ACTIF,MOYEN
2238,1239,5,2022-01-24,ACTIF,ELEVE
2239,1240,2,2022-03-15,ACTIF,ELEVE
2240,1240,4,2022-05-14,ACTIF,MOYEN
2241,1240,5,2022-08-29,ACTIF,ELEVE
2242,1241,2,2022-06-18,ACTIF,ELEVE
2243,1242,2,2022-03-14,ACTIF,ELEVE
2244,1242,4,2022-11-19,ACTIF,MOYEN
2245,1242,5,2022-11-01,ACTIF,MOYEN
2246,1243,4,2022-12-09,ACTIF,FAIBLE
2247,1243,5,2022-06-05,ACTIF,ELEVE
2248,1244,3,2022-11-29,ACTIF,FAIBLE
2249,1245,2,2022-11-15,ACTIF,ELEVE
2250,1245,4,2022-04-21,ACTIF,ELEVE
2251,1246,2,2022-01-22,ACTIF,MOYEN
2252,1246,5,2022-10-24,ACTIF,MOYEN
2253,1247,1,2022-11-02,ACTIF,FAIBLE
2254,1247,2,2022-04-20,ACTIF,MOYEN
2255,1248,2,2022-05-15,ACTIF,FAIBLE
2256,1249,1,2022-04-29,ACTIF,MOYEN
2257,1249,2,2022-07-23,ACTIF,ELEVE
2258,1250,4,2022-04-21,ACTIF,ELEVE
2259,1251,5,2022-09-13,ACTIF,ELEVE
2260,1253,2,2022-11-13,ACTIF,MOYEN
2261,1255,5,2022-02-13,ACTIF,ELEVE
2262,1256,1,2022-07-21,ACTIF,ELEVE
2263,1256,4,2022-11-24,RESILIE,ELEVE
2264,1257,1,2022-02-26,ACTIF,FAIBLE
2265,1257,5,2022-07-17,ACTIF,FAIBLE
2266,1258,1,2022-06-13,ACTIF,MOYEN
2267,1258,2,2022-06-20,ACTIF,ELEVE
2268,1258,5,2022-08-30,ACTIF,MOYEN
2269,1259,5,2022-12-08,ACTIF,MOYEN
2270,1263,1,2022-12-02,ACTIF,MOYEN
2271,1263,5,2022-09-05,ACTIF,ELEVE
2272,1264,1,2022-02-27,ACTIF,FAIBLE
2273,1264,2,2022-08-16,ACTIF,MOYEN
2274,1264,5,2022-10-23,ACTIF,FAIBLE
2275,1265,3,2022-10-09,ACTIF,MOYEN
2276,1266,2,2022-11-05,ACTIF,FAIBLE
2277,1266,4,2022-05-19,ACTIF,FAIBLE
2278,1266,5,2022-04-24,ACTIF,ELEVE
2279,1267,2,2022-05-06,ACTIF,FAIBLE
2280,1267,5,2022-08-21,ACTIF,ELEVE
2281,1268,2,2022-10-17,ACTIF,MOYEN
2282,1268,4,2022-08-08,ACTIF,MOYEN
2283,1269,1,2022-07-17,ACTIF,MOYEN
2284,1269,5,2022-01-17,ACTIF,MOYEN
2285,1270,5,2022-01-22,ACTIF,MOYEN
2286,1271,1,2022-10-15,ACTIF,ELEVE
2287,1271,3,2022-12-03,ACTIF,ELEVE
2288,1272,1,2022-07-10,ACTIF,MOYEN
2289,1272,5,2022-01-26,ACTIF,FAIBLE
2290,1273,1,2022-06-11,ACTIF,FAIBLE
2291,1273,5,2022-05-21,ACTIF,FAIBLE
2292,1274,1,2022-12-25,ACTIF,FAIBLE
2293,1274,3,2022-07-10,ACTIF,ELEVE
2294,1274,5,2022-05-14,ACTIF,ELEVE
2295,1275,2,2022-12-17,ACTIF,MOYEN
2296,1275,3,2022-06-24,ACTIF,MOYEN
2297,1275,4,2022-12-10,ACTIF,ELEVE
2298,1275,5,2022-09-17,ACTIF,FAIBLE
2299,1276,3,2022-12-15,ACTIF,MOYEN
2300,1277,1,2022-12-14,ACTIF,MOYEN
2301,1277,5,2022-12-29,ACTIF,FAIBLE
2302,1279,1,2022-07-01,ACTIF,ELEVE
2303,1279,2,2022-02-04,ACTIF,ELEVE
2304,1279,4,2022-06-16,ACTIF,ELEVE
2305,1279,5,2022-12-13,ACTIF,ELEVE
2306,1281,1,2022-02-05,ACTIF,ELEVE
2307,1281,2,2022-11-14,ACTIF,ELEVE
2308,1283,2,2022-01-21,ACTIF,ELEVE
2309,1283,3,2022-08-28,ACTIF,FAIBLE
2310,1283,5,2022-02-22,ACTIF,MOYEN
2311,1284,3,2022-08-07,RESILIE,MOYEN
2312,1284,5,2022-01-25,ACTIF,FAIBLE
2313,1285,2,2022-03-12,ACTIF,ELEVE
2314,1285,3,2022-02-12,ACTIF,FAIBLE
2315,1286,2,2022-08-28,ACTIF,FAIBLE
2316,1286,4,2022-03-12,ACTIF,FAIBLE
2317,1287,2,2022-04-08,ACTIF,ELEVE
2318,1288,1,2022-06-08,ACTIF,MOYEN
2319,1288,2,2022-10-31,ACTIF,ELEVE
2320,1288,4,2022-05-14,ACTIF,ELEVE
2321,1289,2,2022-08-21,ACTIF,FAIBLE
2322,1289,3,2022-02-27,ACTIF,MOYEN
2323,1289,5,2022-08-17,ACTIF,MOYEN
2324,1290,1,2022-03-10,ACTIF,MOYEN
2325,1290,2,2022-07-11,ACTIF,ELEVE
2326,1290,4,2022-08-16,ACTIF,ELEVE
2327,1291,2,2022-12-26,ACTIF,ELEVE
2328,1291,3,2022-05-08,ACTIF,ELEVE
2329,1291,5,2022-10-02,ACTIF,MOYEN
2330,1292,1,2022-11-20,ACTIF,FAIBLE
2331,1293,2,2022-04-14,ACTIF,MOYEN
2332,1293,3,2022-09-21,ACTIF,MOYEN
2333,1293,4,2022-08-27,ACTIF,MOYEN
2334,1294,1,2022-04-13,ACTIF,MOYEN
2335,1294,2,2022-04-23,ACTIF,MOYEN
2336,1295,1,2022-08-24,ACTIF,ELEVE
2337,1295,2,2022-10-16,ACTIF,MOYEN
2338,1295,5,2022-01-20,ACTIF,ELEVE
2339,1296,1,2022-03-24,ACTIF,ELEVE
2340,1296,2,2022-09-19,ACTIF,MOYEN
2341,1297,2,2022-10-12,ACTIF,FAIBLE
2342,1297,5,2022-04-22,ACTIF,FAIBLE
2343,1298,2,2022-11-28,ACTIF,FAIBLE
2344,1298,5,2022-08-12,ACTIF,MOYEN
2345,1299,1,2022-04-05,ACTIF,MOYEN
2346,1299,2,2022-08-23,ACTIF,MOYEN
2347,1300,2,2022-12-06,ACTIF,MOYEN
2348,1301,3,2022-11-06,ACTIF,MOYEN
2349,1302,1,2022-09-23,ACTIF,MOYEN
2350,1304,2,2022-08-11,ACTIF,ELEVE
2351,1305,1,2022-02-23,ACTIF,MOYEN
2352,1306,2,2022-06-19,ACTIF,FAIBLE
2353,1306,5,2022-03-09,ACTIF,ELEVE
2354,1307,5,2022-08-10,ACTIF,MOYEN
2355,1308,1,2022-05-23,ACTIF,MOYEN
2356,1308,2,2022-03-18,ACTIF,ELEVE
2357,1309,2,2022-04-25,ACTIF,FAIBLE
2358,1310,3,2022-09-21,ACTIF,FAIBLE
2359,1310,4,2022-06-27,ACTIF,ELEVE
2360,1310,5,2022-07-28,ACTIF,MOYEN
2361,1311,2,2022-07-29,ACTIF,MOYEN
2362,1311,5,2022-12-16,ACTIF,FAIBLE
2363,1312,1,2022-09-26,ACTIF,ELEVE
2364,1312,2,2022-07-07,ACTIF,FAIBLE
2365,1313,3,2022-05-21,ACTIF,MOYEN
2366,1313,5,2022-10-14,ACTIF,MOYEN
2367,1314,1,2022-09-18,ACTIF,ELEVE
2368,1315,2,2022-10-31,ACTIF,ELEVE
2369,1315,5,2022-08-06,ACTIF,MOYEN
2370,1316,1,2022-10-16,ACTIF,FAIBLE
2371,1316,2,2022-08-04,ACTIF,ELEVE
2372,1316,4,2022-06-13,ACTIF,FAIBLE
2373,1316,5,2022-04-26,ACTIF,FAIBLE
2374,1317,2,2022-06-08,ACTIF,FAIBLE
2375,1317,3,2022-01-21,ACTIF,ELEVE
2376,1317,4,2022-02-11,ACTIF,MOYEN
2377,1318,2,2022-02-05,ACTIF,MOYEN
2378,1318,3,2022-12-15,ACTIF,MOYEN
2379,1318,5,2022-12-16,ACTIF,MOYEN
2380,1319,4,2022-04-12,ACTIF,MOYEN
2381,1319,5,2022-07-04,ACTIF,FAIBLE
2382,1320,2,2022-03-26,ACTIF,ELEVE
2383,1320,5,2022-02-04,ACTIF,FAIBLE
2384,1323,2,2022-11-19,ACTIF,MOYEN
2385,1323,3,2022-09-16,ACTIF,ELEVE
2386,1324,1,2022-08-23,ACTIF,FAIBLE
2387,1324,4,2022-07-14,RESILIE,MOYEN
2388,1325,2,2022-07-07,ACTIF,ELEVE
2389,1325,4,2022-09-28,ACTIF,ELEVE
2390,1325,5,2022-11-09,ACTIF,FAIBLE
2391,1326,1,2022-03-31,ACTIF,FAIBLE
2392,1326,2,2022-05-12,RESILIE,MOYEN
2393,1326,4,2022-04-24,ACTIF,FAIBLE
2394,1327,2,2022-08-19,ACTIF,MOYEN
2395,1327,3,2022-06-24,ACTIF,MOYEN
2396,1328,4,2022-08-26,RESILIE,FAIBLE
2397,1330,1,2022-08-01,ACTIF,MOYEN
2398,1330,2,2022-03-16,ACTIF,MOYEN
2399,1330,3,2022-10-24,ACTIF,FAIBLE
2400,1330,4,2022-09-16,ACTIF,FAIBLE
2401,1330,5,2022-11-10,ACTIF,MOYEN
2402,1331,2,2022-07-06,ACTIF,FAIBLE
2403,1332,3,2022-07-05,ACTIF,MOYEN
2404,1332,5,2022-07-18,ACTIF,FAIBLE
2405,1333,2,2022-07-23,ACTIF,FAIBLE
2406,1333,5,2022-05-18,ACTIF,ELEVE
2407,1334,1,2022-04-21,ACTIF,ELEVE
2408,1334,2,2022-03-07,ACTIF,FAIBLE
2409,1334,5,2022-11-09,RESILIE,FAIBLE
2410,1335,2,2022-08-31,ACTIF,MOYEN
2411,1335,4,2022-09-14,ACTIF,FAIBLE
2412,1335,5,2022-03-22,ACTIF,ELEVE
2413,1337,2,2022-03-19,ACTIF,MOYEN
2414,1338,4,2022-10-26,ACTIF,FAIBLE
2415,1339,1,2022-03-15,ACTIF,FAIBLE
2416,1339,2,2022-05-30,ACTIF,FAIBLE
2417,1340,4,2022-12-26,ACTIF,FAIBLE
2418,1341,4,2022-01-16,ACTIF,ELEVE
2419,1342,1,2022-06-27,ACTIF,ELEVE
2420,1342,2,2022-01-18,ACTIF,FAIBLE
2421,1343,2,2022-03-02,ACTIF,MOYEN
2422,1343,3,2022-12-14,ACTIF,FAIBLE
2423,1345,1,2022-04-09,ACTIF,FAIBLE
2424,1346,2,2022-02-17,ACTIF,ELEVE
2425,1347,1,2022-03-23,ACTIF,MOYEN
2426,1348,2,2022-08-19,ACTIF,MOYEN
2427,1348,4,2022-12-20,RESILIE,ELEVE
2428,1348,5,2022-03-19,ACTIF,MOYEN
2429,1349,5,2022-10-13,ACTIF,FAIBLE
2430,1350,2,2022-08-21,ACTIF,MOYEN
2431,1350,3,2022-02-25,ACTIF,MOYEN
2432,1350,4,2022-02-13,ACTIF,FAIBLE
2433,1351,2,2022-12-03,ACTIF,ELEVE
2434,1351,3,2022-06-07,ACTIF,ELEVE
2435,1351,4,2022-02-18,ACTIF,MOYEN
2436,1351,5,2022-04-22,ACTIF,FAIBLE
2437,1352,4,2022-08-24,ACTIF,FAIBLE
2438,1353,1,2022-03-06,ACTIF,ELEVE
2439,1354,2,2022-08-21,ACTIF,ELEVE
2440,1354,4,2023-01-01,ACTIF,FAIBLE
2441,1355,2,2022-09-20,ACTIF,ELEVE
2442,1356,2,2022-10-12,RESILIE,FAIBLE
2443,1356,5,2022-06-07,ACTIF,ELEVE
2444,1357,1,2022-09-28,ACTIF,FAIBLE
2445,1358,2,2022-11-20,ACTIF,MOYEN
2446,1358,5,2022-07-20,ACTIF,FAIBLE
2447,1359,4,2022-05-26,ACTIF,FAIBLE
2448,1359,5,2022-01-25,ACTIF,FAIBLE
2449,1360,1,2022-07-02,ACTIF,ELEVE
2450,1362,1,2022-07-14,ACTIF,MOYEN
2451,1362,2,2022-02-19,ACTIF,ELEVE
2452,1363,2,2022-11-22,ACTIF,ELEVE
2453,1363,3,2022-02-24,ACTIF,MOYEN
2454,1363,4,2022-11-17,ACTIF,MOYEN
2455,1363,5,2022-12-07,ACTIF,MOYEN
2456,1364,4,2022-10-15,ACTIF,ELEVE
2457,1364,5,2022-09-30,ACTIF,FAIBLE
2458,1365,1,2022-12-23,ACTIF,FAIBLE
2459,1365,5,2022-04-08,ACTIF,FAIBLE
2460,1366,1,2022-07-03,ACTIF,MOYEN
2461,1366,2,2022-01-17,ACTIF,ELEVE
2462,1367,2,2022-04-15,ACTIF,ELEVE
2463,1367,3,2022-05-29,ACTIF,FAIBLE
2464,1368,2,2022-04-29,ACTIF,MOYEN
2465,1368,5,2022-03-08,ACTIF,ELEVE
2466,1369,2,2022-05-25,ACTIF,FAIBLE
2467,1369,5,2022-07-24,ACTIF,ELEVE
2468,1370,1,2022-11-27,ACTIF,MOYEN
2469,1370,2,2022-12-21,RESILIE,MOYEN
2470,1370,3,2022-07-03,RESILIE,FAIBLE
2471,1371,1,2022-11-06,ACTIF,MOYEN
2472,1372,5,2022-05-03,ACTIF,MOYEN
2473,1373,2,2022-12-02,ACTIF,FAIBLE
2474,1373,5,2022-04-02,ACTIF,FAIBLE
2475,1374,1,2022-12-19,ACTIF,ELEVE
2476,1374,3,2022-01-31,ACTIF,MOYEN
2477,1375,1,2022-05-29,RESILIE,MOYEN
2478,1375,2,2022-10-11,ACTIF,MOYEN
2479,1375,4,2022-03-28,ACTIF,ELEVE
2480,1375,5,2022-04-13,ACTIF,FAIBLE
2481,1377,1,2022-11-06,ACTIF,MOYEN
2482,1377,3,2022-09-18,RESILIE,FAIBLE
2483,1378,4,2022-05-11,ACTIF,FAIBLE
2484,1379,2,2022-12-14,ACTIF,FAIBLE
2485,1379,5,2022-02-19,ACTIF,MOYEN
2486,1380,1,2022-09-02,ACTIF,ELEVE
2487,1381,2,2022-12-08,RESILIE,MOYEN
2488,1381,5,2022-03-20,ACTIF,FAIBLE
2489,1382,1,2022-02-16,ACTIF,ELEVE
2490,1382,2,2022-04-12,ACTIF,MOYEN
2491,1382,4,2022-09-22,ACTIF,FAIBLE
2492,1383,2,2022-10-02,ACTIF,ELEVE
2493,1383,4,2022-03-08,ACTIF,ELEVE
2494,1385,1,2022-03-26,ACTIF,ELEVE
2495,1385,2,2022-09-19,RESILIE,ELEVE
2496,1386,2,2022-02-20,ACTIF,MOYEN
2497,1386,4,2022-05-16,ACTIF,FAIBLE
2498,1386,5,2022-01-24,ACTIF,MOYEN
2499,1387,5,2022-05-15,ACTIF,FAIBLE
2500,1388,2,2022-08-24,ACTIF,ELEVE
2501,1388,3,2022-11-14,ACTIF,MOYEN
2502,1388,4,2022-11-16,ACTIF,FAIBLE
2503,1389,2,2022-02-14,ACTIF,FAIBLE
2504,1389,5,2022-05-06,ACTIF,MOYEN
2505,1390,2,2022-03-06,ACTIF,ELEVE
2506,1390,5,2022-07-24,ACTIF,ELEVE
2507,1391,5,2022-06-17,ACTIF,FAIBLE
2508,1393,1,2022-08-21,ACTIF,MOYEN
2509,1394,5,2022-09-03,ACTIF,FAIBLE
2510,1395,2,2022-07-11,ACTIF,MOYEN
2511,1396,1,2022-06-29,ACTIF,FAIBLE
2512,1397,5,2022-06-29,ACTIF,MOYEN
2513,1399,2,2022-06-15,ACTIF,FAIBLE
2514,1399,4,2022-12-07,ACTIF,MOYEN
2515,1401,1,2022-10-31,ACTIF,FAIBLE
2516,1402,2,2022-01-28,ACTIF,FAIBLE
2517,1402,5,2022-02-02,ACTIF,MOYEN
2518,1403,2,2022-09-18,ACTIF,FAIBLE
2519,1403,5,2022-08-25,ACTIF,MOYEN
2520,1404,1,2022-02-10,ACTIF,FAIBLE
2521,1404,2,2022-01-27,ACTIF,MOYEN
2522,1406,2,2022-01-25,RESILIE,MOYEN
2523,1407,2,2022-08-31,ACTIF,MOYEN
2524,1408,3,2022-10-02,ACTIF,FAIBLE
2525,1409,2,2022-12-18,ACTIF,MOYEN
2526,1409,5,2022-01-27,ACTIF,MOYEN
2527,1410,1,2022-01-27,ACTIF,MOYEN
2528,1410,3,2022-09-27,ACTIF,MOYEN
2529,1410,5,2022-09-20,ACTIF,ELEVE
2530,1411,4,2022-02-05,RESILIE,ELEVE
2531,1411,5,2022-04-06,ACTIF,ELEVE
2532,1412,2,2022-02-14,ACTIF,FAIBLE
2533,1412,4,2022-10-04,ACTIF,MOYEN
2534,1412,5,2022-11-15,ACTIF,MOYEN
2535,1413,5,2022-06-22,ACTIF,FAIBLE
2536,1414,2,2022-02-19,ACTIF,FAIBLE
2537,1415,1,2022-12-31,ACTIF,ELEVE
2538,1415,5,2022-11-08,ACTIF,MOYEN
2539,1416,1,2022-11-06,ACTIF,FAIBLE
2540,1416,2,2022-06-18,ACTIF,ELEVE
2541,1416,4,2022-01-18,ACTIF,ELEVE
2542,1416,5,2022-10-21,ACTIF,MOYEN
2543,1417,1,2022-11-08,ACTIF,FAIBLE
2544,1417,2,2022-09-30,ACTIF,MOYEN
2545,1417,5,2022-08-07,ACTIF,ELEVE
2546,1418,2,2022-05-26,ACTIF,ELEVE
2547,1418,5,2022-06-05,ACTIF,FAIBLE
2548,1420,2,2022-08-26,ACTIF,MOYEN
2549,1420,5,2022-11-24,ACTIF,FAIBLE
2550,1421,3,2022-05-25,ACTIF,FAIBLE
2551,1422,1,2022-08-26,ACTIF,ELEVE
2552,1422,3,2022-07-16,ACTIF,MOYEN
2553,1423,1,2022-07-26,ACTIF,ELEVE
2554,1424,2,2022-02-08,ACTIF,ELEVE
2555,1426,3,2022-07-21,ACTIF,ELEVE
2556,1426,4,2022-07-23,ACTIF,MOYEN
2557,1426,5,2022-12-09,ACTIF,ELEVE
2558,1427,2,2022-06-30,ACTIF,FAIBLE
2559,1427,4,2022-05-28,ACTIF,MOYEN
2560,1428,5,2022-12-26,ACTIF,MOYEN
2561,1429,4,2022-07-05,RESILIE,FAIBLE
2562,1430,4,2022-09-13,ACTIF,FAIBLE
2563,1431,2,2022-11-04,ACTIF,MOYEN
2564,1433,2,2022-08-10,ACTIF,FAIBLE
2565,1434,2,2022-09-10,ACTIF,MOYEN
2566,1435,4,2022-07-19,ACTIF,FAIBLE
2567,1436,4,2022-09-26,ACTIF,MOYEN
2568,1436,5,2022-06-07,ACTIF,MOYEN
2569,1437,3,2022-03-14,ACTIF,MOYEN
2570,1438,1,2022-09-14,ACTIF,FAIBLE
2571,1438,2,2022-02-03,ACTIF,FAIBLE
2572,1438,3,2022-08-22,ACTIF,ELEVE
2573,1438,4,2022-12-01,ACTIF,ELEVE
2574,1438,5,2022-12-24,ACTIF,FAIBLE
2575,1439,1,2022-05-06,ACTIF,ELEVE
2576,1439,3,2022-05-02,ACTIF,MOYEN
2577,1439,4,2022-08-25,ACTIF,ELEVE
2578,1439,5,2022-06-07,ACTIF,ELEVE
2579,1440,2,2022-07-29,ACTIF,ELEVE
2580,1440,5,2022-12-12,ACTIF,ELEVE
2581,1441,2,2022-05-30,ACTIF,FAIBLE
2582,1443,1,2022-02-27,ACTIF,ELEVE
2583,1444,5,2022-08-25,ACTIF,ELEVE
2584,1445,1,2022-11-05,ACTIF,MOYEN
2585,1446,4,2022-09-29,ACTIF,MOYEN
2586,1447,2,2022-10-24,ACTIF,ELEVE
2587,1447,3,2022-05-20,ACTIF,FAIBLE
2588,1448,2,2022-02-25,ACTIF,MOYEN
2589,1448,5,2022-07-03,ACTIF,MOYEN
2590,1449,3,2022-12-17,ACTIF,ELEVE
2591,1450,2,2022-10-28,ACTIF,ELEVE
2592,1450,5,2022-10-04,ACTIF,ELEVE
2593,1451,3,2022-04-13,RESILIE,ELEVE
2594,1452,5,2022-06-15,ACTIF,FAIBLE
2595,1453,3,2022-07-28,RESILIE,ELEVE
2596,1453,5,2022-06-09,ACTIF,FAIBLE
2597,1454,2,2022-10-06,ACTIF,FAIBLE
2598,1454,4,2022-01-20,ACTIF,MOYEN
2599,1455,1,2022-06-08,ACTIF,FAIBLE
2600,1455,2,2022-02-13,ACTIF,FAIBLE
2601,1455,5,2022-08-06,ACTIF,FAIBLE
2602,1456,1,2022-02-25,ACTIF,ELEVE
2603,1456,2,2022-02-17,ACTIF,ELEVE
2604,1457,2,2022-05-11,ACTIF,FAIBLE
2605,1458,4,2022-04-23,ACTIF,FAIBLE
2606,1459,2,2022-09-28,ACTIF,FAIBLE
2607,1460,4,2022-11-16,ACTIF,MOYEN
2608,1461,1,2022-01-18,ACTIF,FAIBLE
2609,1461,5,2022-10-25,ACTIF,ELEVE
2610,1462,2,2022-12-28,ACTIF,MOYEN
2611,1462,3,2022-02-24,ACTIF,FAIBLE
2612,1463,3,2022-12-14,ACTIF,MOYEN
2613,1463,5,2022-07-09,ACTIF,ELEVE
2614,1464,3,2022-10-28,ACTIF,ELEVE
2615,1464,5,2022-06-20,ACTIF,MOYEN
2616,1466,1,2022-12-03,ACTIF,MOYEN
2617,1466,5,2022-06-05,RESILIE,MOYEN
2618,1467,2,2022-07-02,ACTIF,MOYEN
2619,1467,5,2022-09-14,ACTIF,MOYEN
2620,1468,1,2022-04-17,ACTIF,MOYEN
2621,1468,2,2022-02-14,ACTIF,MOYEN
2622,1469,5,2022-03-11,ACTIF,ELEVE
2623,1470,4,2022-10-28,ACTIF,FAIBLE
2624,1470,5,2022-10-27,ACTIF,FAIBLE
2625,1472,2,2022-10-23,ACTIF,MOYEN
2626,1472,4,2022-06-03,ACTIF,ELEVE
2627,1473,2,2022-03-27,RESILIE,ELEVE
2628,1473,4,2022-08-11,ACTIF,MOYEN
2629,1473,5,2022-10-18,ACTIF,FAIBLE
2630,1474,2,2022-03-20,ACTIF,FAIBLE
2631,1475,1,2022-10-04,ACTIF,MOYEN
2632,1475,4,2022-05-26,ACTIF,FAIBLE
2633,1476,2,2022-01-18,RESILIE,MOYEN
2634,1476,4,2022-12-16,ACTIF,FAIBLE
2635,1477,2,2022-07-19,ACTIF,ELEVE
2636,1477,4,2022-12-15,ACTIF,MOYEN
2637,1478,2,2022-03-19,ACTIF,MOYEN
2638,1478,4,2022-09-26,ACTIF,MOYEN
2639,1479,2,2022-03-13,ACTIF,ELEVE
2640,1479,4,2022-09-02,ACTIF,MOYEN
2641,1479,5,2022-06-10,ACTIF,MOYEN
2642,1481,5,2022-04-16,ACTIF,ELEVE
2643,1482,1,2022-03-17,ACTIF,MOYEN
2644,1482,4,2022-07-20,ACTIF,FAIBLE
2645,1482,5,2022-07-21,ACTIF,ELEVE
2646,1483,1,2022-08-20,ACTIF,MOYEN
2647,1483,2,2022-02-12,ACTIF,ELEVE
2648,1483,3,2022-02-08,ACTIF,MOYEN
2649,1485,3,2022-12-25,ACTIF,FAIBLE
2650,1485,5,2022-10-15,ACTIF,FAIBLE
2651,1486,4,2022-09-24,ACTIF,ELEVE
2652,1486,5,2022-08-10,ACTIF,ELEVE
2653,1487,1,2022-12-16,ACTIF,MOYEN
2654,1487,2,2022-05-11,ACTIF,MOYEN
2655,1488,1,2022-08-04,ACTIF,MOYEN
2656,1490,2,2022-02-12,ACTIF,FAIBLE
2657,1491,1,2022-03-30,ACTIF,FAIBLE
2658,1491,2,2022-06-06,ACTIF,MOYEN
2659,1491,5,2022-11-26,ACTIF,MOYEN
2660,1492,4,2022-12-14,ACTIF,ELEVE
2661,1492,5,2022-10-17,ACTIF,FAIBLE
2662,1493,1,2022-03-17,RESILIE,FAIBLE
2663,1493,4,2022-06-14,ACTIF,ELEVE
2664,1494,5,2022-01-29,ACTIF,FAIBLE
2665,1495,1,2022-06-25,ACTIF,ELEVE
2666,1495,2,2022-10-16,ACTIF,ELEVE
2667,1495,5,2022-06-06,ACTIF,ELEVE
2668,1496,2,2022-12-01,ACTIF,FAIBLE
2669,1496,5,2022-06-26,ACTIF,ELEVE
2670,1497,1,2022-05-30,ACTIF,MOYEN
2671,1497,4,2022-09-06,ACTIF,MOYEN
2672,1497,5,2022-04-22,ACTIF,FAIBLE
2673,1498,2,2022-12-04,ACTIF,FAIBLE
2674,1498,3,2022-12-01,ACTIF,ELEVE
2675,1499,1,2022-05-03,ACTIF,ELEVE
2676,1499,2,2022-06-09,ACTIF,FAIBLE
2677,1499,3,2022-04-07,ACTIF,ELEVE
2678,1499,5,2022-04-09,ACTIF,MOYEN
2679,1500,1,2022-07-24,ACTIF,ELEVE
2680,1500,3,2022-07-24,ACTIF,FAIBLE
2681,1500,5,2022-02-26,ACTIF,FAIBLE
2682,1501,2,2022-07-11,ACTIF,FAIBLE
2683,1501,3,2022-11-30,ACTIF,ELEVE
2684,1502,1,2022-01-28,ACTIF,MOYEN
2685,1502,3,2022-01-27,ACTIF,ELEVE
2686,1502,4,2022-05-28,ACTIF,ELEVE
2687,1503,2,2022-07-04,ACTIF,MOYEN
2688,1503,4,2022-04-04,ACTIF,MOYEN
2689,1504,2,2022-11-04,ACTIF,ELEVE
2690,1505,1,2022-04-03,ACTIF,ELEVE
2691,1505,5,2022-08-15,ACTIF,FAIBLE
2692,1506,1,2022-02-26,ACTIF,FAIBLE
2693,1506,3,2022-09-17,ACTIF,FAIBLE
2694,1506,4,2022-03-01,ACTIF,FAIBLE
2695,1507,5,2022-04-23,ACTIF,MOYEN
2696,1508,2,2022-04-25,ACTIF,FAIBLE
2697,1511,2,2022-12-16,ACTIF,FAIBLE
2698,1512,2,2022-12-26,ACTIF,FAIBLE
2699,1512,3,2022-04-05,ACTIF,FAIBLE
2700,1512,4,2022-10-08,ACTIF,ELEVE
2701,1512,5,2022-12-20,ACTIF,ELEVE
2702,1513,2,2022-11-24,ACTIF,ELEVE
2703,1513,3,2022-01-24,ACTIF,MOYEN
2704,1513,5,2022-10-22,ACTIF,MOYEN
2705,1514,2,2022-02-05,ACTIF,MOYEN
2706,1515,5,2022-01-30,ACTIF,MOYEN
2707,1516,2,2022-02-14,ACTIF,ELEVE
2708,1516,4,2022-04-23,ACTIF,FAIBLE
2709,1516,5,2022-11-23,ACTIF,ELEVE
2710,1517,1,2022-09-28,ACTIF,FAIBLE
2711,1517,2,2022-03-07,ACTIF,ELEVE
2712,1517,4,2022-10-31,ACTIF,ELEVE
2713,1519,2,2022-12-14,ACTIF,ELEVE
2714,1519,5,2022-01-23,ACTIF,MOYEN
2715,1520,5,2022-04-07,ACTIF,MOYEN
2716,1521,1,2022-04-09,ACTIF,MOYEN
2717,1521,5,2022-10-22,ACTIF,FAIBLE
2718,1522,2,2022-06-11,ACTIF,FAIBLE
2719,1523,1,2022-03-20,ACTIF,FAIBLE
2720,1524,2,2022-05-28,ACTIF,MOYEN
2721,1524,5,2022-06-04,ACTIF,ELEVE
2722,1525,1,2022-06-27,ACTIF,ELEVE
2723,1525,5,2022-04-19,ACTIF,FAIBLE
2724,1526,3,2022-08-20,ACTIF,ELEVE
2725,1526,4,2022-06-28,ACTIF,ELEVE
2726,1527,2,2022-12-09,ACTIF,FAIBLE
2727,1527,4,2022-05-04,ACTIF,MOYEN
2728,1528,2,2022-05-19,ACTIF,MOYEN
2729,1529,2,2022-02-26,ACTIF,MOYEN
2730,1530,1,2022-08-29,ACTIF,FAIBLE
2731,1530,2,2022-04-11,ACTIF,FAIBLE
2732,1530,5,2022-09-19,ACTIF,ELEVE
2733,1531,2,2022-04-26,ACTIF,FAIBLE
2734,1532,1,2022-12-14,ACTIF,ELEVE
2735,1532,2,2022-02-01,ACTIF,ELEVE
2736,1532,3,2022-08-29,ACTIF,ELEVE
2737,1532,5,2022-01-22,ACTIF,FAIBLE
2738,1533,2,2022-08-01,ACTIF,FAIBLE
2739,1534,2,2022-03-21,ACTIF,MOYEN
2740,1534,4,2022-05-30,ACTIF,MOYEN
2741,1534,5,2022-09-05,ACTIF,FAIBLE
2742,1535,2,2022-09-10,ACTIF,FAIBLE
2743,1535,5,2022-08-25,ACTIF,ELEVE
2744,1536,1,2022-05-29,ACTIF,FAIBLE
2745,1536,2,2022-05-15,ACTIF,ELEVE
2746,1536,4,2022-05-17,ACTIF,ELEVE
2747,1536,5,2022-10-17,ACTIF,ELEVE
2748,1537,2,2022-07-18,ACTIF,ELEVE
2749,1537,5,2022-10-31,ACTIF,MOYEN
2750,1538,2,2022-07-19,ACTIF,MOYEN
2751,1539,1,2022-09-24,ACTIF,ELEVE
2752,1539,5,2022-09-19,ACTIF,FAIBLE
2753,1540,1,2022-08-08,ACTIF,FAIBLE
2754,1540,2,2022-08-23,ACTIF,MOYEN
2755,1540,5,2022-08-26,ACTIF,FAIBLE
2756,1541,4,2022-11-17,ACTIF,FAIBLE
2757,1541,5,2022-12-22,ACTIF,ELEVE
2758,1542,1,2022-06-24,ACTIF,ELEVE
2759,1542,2,2022-09-15,ACTIF,ELEVE
2760,1542,4,2022-09-24,ACTIF,ELEVE
2761,1543,3,2022-12-13,ACTIF,MOYEN
2762,1543,5,2022-12-27,ACTIF,ELEVE
2763,1544,2,2022-04-27,ACTIF,FAIBLE
2764,1544,4,2022-08-14,ACTIF,MOYEN
2765,1545,3,2022-09-02,ACTIF,FAIBLE
2766,1545,5,2022-02-18,ACTIF,FAIBLE
2767,1546,1,2022-12-24,ACTIF,MOYEN
2768,1546,2,2022-02-02,ACTIF,FAIBLE
2769,1546,3,2022-09-07,ACTIF,MOYEN
2770,1546,4,2022-06-23,ACTIF,ELEVE
2771,1547,2,2022-08-24,ACTIF,ELEVE
2772,1548,1,2022-09-24,ACTIF,ELEVE
2773,1548,2,2022-08-14,ACTIF,FAIBLE
2774,1548,5,2022-10-24,ACTIF,ELEVE
2775,1549,1,2022-11-18,ACTIF,ELEVE
2776,1549,5,2022-05-29,ACTIF,ELEVE
2777,1550,1,2022-06-30,RESILIE,FAIBLE
2778,1550,5,2022-05-12,ACTIF,FAIBLE
2779,1551,1,2022-06-05,ACTIF,ELEVE
2780,1551,5,2022-09-26,ACTIF,MOYEN
2781,1552,1,2022-06-12,ACTIF,FAIBLE
2782,1552,3,2022-06-23,ACTIF,MOYEN
2783,1553,5,2022-09-14,ACTIF,MOYEN
2784,1555,4,2022-06-16,ACTIF,FAIBLE
2785,1555,5,2022-09-03,ACTIF,ELEVE
2786,1556,2,2022-02-01,ACTIF,ELEVE
2787,1556,4,2022-04-14,ACTIF,ELEVE
2788,1557,1,2022-07-29,ACTIF,ELEVE
2789,1557,2,2022-09-30,ACTIF,FAIBLE
2790,1558,4,2022-10-07,ACTIF,ELEVE
2791,1558,5,2022-07-21,ACTIF,MOYEN
2792,1559,2,2022-10-13,ACTIF,ELEVE
2793,1560,2,2022-04-01,ACTIF,FAIBLE
2794,1560,4,2022-09-12,ACTIF,ELEVE
2795,1561,3,2022-05-18,ACTIF,ELEVE
2796,1561,5,2022-09-03,ACTIF,ELEVE
2797,1562,2,2022-07-01,ACTIF,ELEVE
2798,1563,1,2022-10-10,ACTIF,FAIBLE
2799,1563,2,2022-02-21,ACTIF,FAIBLE
2800,1563,4,2022-12-19,ACTIF,ELEVE
2801,1563,5,2022-09-26,ACTIF,ELEVE
2802,1564,1,2022-09-10,RESILIE,ELEVE
2803,1564,2,2022-02-14,ACTIF,MOYEN
2804,1565,5,2022-08-31,ACTIF,MOYEN
2805,1566,1,2022-12-18,ACTIF,FAIBLE
2806,1566,2,2022-04-04,RESILIE,FAIBLE
2807,1566,5,2022-09-24,ACTIF,FAIBLE
2808,1567,4,2022-11-21,ACTIF,ELEVE
2809,1568,1,2022-12-15,ACTIF,FAIBLE
2810,1568,4,2022-11-01,ACTIF,FAIBLE
2811,1568,5,2022-06-06,ACTIF,MOYEN
2812,1570,5,2022-04-01,ACTIF,ELEVE
2813,1571,1,2022-07-15,ACTIF,FAIBLE
2814,1571,5,2022-10-21,RESILIE,ELEVE
2815,1572,2,2022-07-04,ACTIF,ELEVE
2816,1572,4,2022-12-13,ACTIF,MOYEN
2817,1573,1,2022-12-22,ACTIF,FAIBLE
2818,1573,5,2022-08-20,ACTIF,ELEVE
2819,1574,2,2022-02-10,ACTIF,FAIBLE
2820,1574,3,2022-01-26,ACTIF,FAIBLE
2821,1574,5,2022-11-24,ACTIF,ELEVE
2822,1576,2,2022-12-07,ACTIF,FAIBLE
2823,1576,5,2022-12-14,ACTIF,MOYEN
2824,1577,2,2022-05-06,ACTIF,MOYEN
2825,1577,5,2022-10-27,ACTIF,MOYEN
2826,1579,4,2022-10-06,ACTIF,ELEVE
2827,1579,5,2022-03-02,ACTIF,FAIBLE
2828,1580,1,2022-12-24,ACTIF,MOYEN
2829,1580,2,2022-09-24,ACTIF,FAIBLE
2830,1580,3,2022-07-01,ACTIF,MOYEN
2831,1580,5,2022-12-15,ACTIF,MOYEN
2832,1582,2,2022-12-29,RESILIE,ELEVE
2833,1582,5,2022-05-30,ACTIF,ELEVE
2834,1583,1,2022-11-06,ACTIF,ELEVE
2835,1584,5,2022-12-13,ACTIF,MOYEN
2836,1585,3,2022-03-02,ACTIF,ELEVE
2837,1586,1,2022-10-15,ACTIF,MOYEN
2838,1586,5,2022-07-26,ACTIF,MOYEN
2839,1588,4,2022-06-03,ACTIF,FAIBLE
2840,1588,5,2022-02-26,RESILIE,FAIBLE
2841,1589,2,2022-09-05,ACTIF,MOYEN
2842,1590,5,2022-03-28,ACTIF,ELEVE
2843,1591,2,2022-02-15,ACTIF,MOYEN
2844,1592,2,2022-05-20,ACTIF,FAIBLE
2845,1593,1,2022-06-24,ACTIF,ELEVE
2846,1593,2,2022-08-18,ACTIF,FAIBLE
2847,1594,2,2022-01-22,ACTIF,MOYEN
2848,1594,4,2022-10-21,ACTIF,ELEVE
2849,1595,4,2022-04-29,ACTIF,FAIBLE
2850,1596,2,2022-02-13,ACTIF,MOYEN
2851,1596,5,2022-11-21,ACTIF,FAIBLE
2852,1597,2,2022-07-04,ACTIF,ELEVE
2853,1597,3,2022-09-08,ACTIF,ELEVE
2854,1598,2,2022-04-29,ACTIF,FAIBLE
2855,1598,5,2022-11-30,ACTIF,MOYEN
2856,1599,2,2022-08-19,ACTIF,FAIBLE
2857,1599,3,2022-10-04,ACTIF,FAIBLE
2858,1601,2,2022-05-06,ACTIF,MOYEN
2859,1601,5,2022-08-24,ACTIF,FAIBLE
2860,1602,1,2022-09-30,ACTIF,FAIBLE
2861,1602,2,2022-02-03,ACTIF,ELEVE
2862,1602,3,2022-07-01,ACTIF,MOYEN
2863,1603,1,2022-04-25,ACTIF,FAIBLE
2864,1603,4,2022-07-02,ACTIF,MOYEN
2865,1604,2,2022-10-17,ACTIF,FAIBLE
2866,1604,3,2022-06-15,ACTIF,MOYEN
2867,1605,5,2022-07-01,ACTIF,FAIBLE
2868,1606,2,2022-05-06,ACTIF,ELEVE
2869,1606,5,2022-10-18,ACTIF,FAIBLE
2870,1607,1,2022-12-16,ACTIF,ELEVE
2871,1607,2,2022-02-23,ACTIF,ELEVE
2872,1607,5,2022-08-29,ACTIF,ELEVE
2873,1608,2,2022-11-18,ACTIF,MOYEN
2874,1608,5,2022-03-07,ACTIF,ELEVE
2875,1609,5,2022-12-02,ACTIF,FAIBLE
2876,1610,2,2022-10-16,ACTIF,ELEVE
2877,1610,5,2022-12-29,ACTIF,FAIBLE
2878,1611,5,2022-02-26,ACTIF,MOYEN
2879,1612,3,2022-09-17,ACTIF,MOYEN
2880,1612,5,2022-01-17,ACTIF,MOYEN
2881,1613,3,2022-10-08,RESILIE,ELEVE
2882,1613,5,2022-12-29,ACTIF,FAIBLE
2883,1614,5,2022-09-20,ACTIF,FAIBLE
2884,1615,1,2022-05-14,ACTIF,FAIBLE
2885,1615,2,2022-10-09,ACTIF,MOYEN
2886,1615,5,2022-04-03,ACTIF,ELEVE
2887,1616,1,2022-09-12,ACTIF,MOYEN
2888,1617,3,2022-07-20,ACTIF,FAIBLE
2889,1617,4,2022-01-21,ACTIF,FAIBLE
2890,1618,1,2022-05-30,ACTIF,ELEVE
2891,1619,5,2022-10-02,ACTIF,FAIBLE
2892,1620,2,2022-07-24,ACTIF,MOYEN
2893,1620,5,2022-05-19,ACTIF,ELEVE
2894,1621,1,2022-06-25,ACTIF,ELEVE
2895,1623,5,2022-07-20,ACTIF,FAIBLE
2896,1624,1,2022-09-26,ACTIF,FAIBLE
2897,1624,2,2022-04-11,ACTIF,MOYEN
2898,1624,4,2022-06-07,ACTIF,FAIBLE
2899,1624,5,2022-04-30,ACTIF,ELEVE
2900,1625,5,2022-10-25,ACTIF,FAIBLE
2901,1626,2,2022-01-22,ACTIF,MOYEN
2902,1626,5,2022-10-10,RESILIE,FAIBLE
2903,1627,1,2022-10-08,ACTIF,FAIBLE
2904,1627,2,2022-09-16,ACTIF,ELEVE
2905,1627,4,2022-07-12,ACTIF,ELEVE
2906,1627,5,2022-04-22,ACTIF,ELEVE
2907,1628,1,2022-08-23,ACTIF,FAIBLE
2908,1628,2,2022-10-02,ACTIF,MOYEN
2909,1628,5,2022-10-18,ACTIF,FAIBLE
2910,1629,1,2022-03-30,ACTIF,FAIBLE
2911,1629,5,2022-01-26,ACTIF,FAIBLE
2912,1630,1,2022-03-26,ACTIF,ELEVE
2913,1630,4,2022-06-18,ACTIF,FAIBLE
2914,1631,2,2022-07-07,ACTIF,MOYEN
2915,1631,5,2022-09-22,ACTIF,FAIBLE
2916,1632,4,2022-01-31,RESILIE,ELEVE
2917,1632,5,2022-10-02,ACTIF,FAIBLE
2918,1633,3,2022-04-16,ACTIF,ELEVE
2919,1633,5,2022-12-19,ACTIF,ELEVE
2920,1634,2,2022-07-21,ACTIF,FAIBLE
2921,1634,5,2022-06-12,ACTIF,MOYEN
2922,1635,3,2022-04-12,ACTIF,FAIBLE
2923,1637,1,2022-11-01,ACTIF,ELEVE
2924,1637,2,2022-10-08,ACTIF,FAIBLE
2925,1637,5,2022-08-25,ACTIF,ELEVE
2926,1638,4,2022-07-31,ACTIF,ELEVE
2927,1638,5,2022-04-03,ACTIF,ELEVE
2928,1639,5,2022-04-20,ACTIF,MOYEN
2929,1640,3,2022-02-14,ACTIF,FAIBLE
2930,1640,4,2022-01-22,ACTIF,MOYEN
2931,1640,5,2022-12-15,ACTIF,MOYEN
2932,1641,1,2022-02-02,ACTIF,ELEVE
2933,1641,3,2022-05-05,ACTIF,MOYEN
2934,1643,4,2022-02-20,ACTIF,FAIBLE
2935,1643,5,2022-03-07,ACTIF,MOYEN
2936,1644,1,2022-04-30,ACTIF,ELEVE
2937,1644,2,2022-08-15,ACTIF,ELEVE
2938,1645,1,2022-06-04,ACTIF,FAIBLE
2939,1645,5,2022-09-26,ACTIF,MOYEN
2940,1646,1,2022-10-29,ACTIF,FAIBLE
2941,1646,2,2022-11-12,ACTIF,FAIBLE
2942,1646,5,2022-06-17,ACTIF,ELEVE
2943,1648,4,2022-03-19,ACTIF,ELEVE
2944,1648,5,2022-10-12,ACTIF,ELEVE
2945,1649,5,2022-03-19,RESILIE,FAIBLE
2946,1650,4,2022-02-14,ACTIF,FAIBLE
2947,1650,5,2022-02-21,ACTIF,MOYEN
2948,1652,2,2022-10-21,ACTIF,ELEVE
2949,1652,3,2022-06-27,ACTIF,ELEVE
2950,1652,4,2022-05-07,ACTIF,FAIBLE
2951,1652,5,2022-07-11,ACTIF,FAIBLE
2952,1653,1,2022-08-06,ACTIF,FAIBLE
2953,1653,3,2022-07-11,ACTIF,FAIBLE
2954,1653,4,2022-02-20,ACTIF,MOYEN
2955,1654,2,2022-08-07,ACTIF,ELEVE
2956,1654,3,2022-12-15,ACTIF,FAIBLE
2957,1655,1,2022-11-01,ACTIF,ELEVE
2958,1655,3,2022-11-17,ACTIF,MOYEN
2959,1656,2,2022-05-16,ACTIF,MOYEN
2960,1656,4,2022-09-24,ACTIF,FAIBLE
2961,1657,5,2022-04-30,ACTIF,ELEVE
2962,1658,2,2022-05-01,ACTIF,MOYEN
2963,1658,5,2022-07-01,ACTIF,FAIBLE
2964,1659,4,2022-05-21,ACTIF,FAIBLE
2965,1659,5,2022-02-23,ACTIF,ELEVE
2966,1660,1,2022-05-09,ACTIF,ELEVE
2967,1660,4,2022-11-12,ACTIF,FAIBLE
2968,1660,5,2022-06-23,ACTIF,FAIBLE
2969,1661,1,2022-11-02,ACTIF,ELEVE
2970,1661,2,2022-05-18,ACTIF,FAIBLE
2971,1662,4,2022-11-21,ACTIF,FAIBLE
2972,1663,1,2022-01-21,ACTIF,FAIBLE
2973,1663,2,2022-08-04,ACTIF,FAIBLE
2974,1663,4,2022-06-23,ACTIF,MOYEN
2975,1664,1,2022-07-20,RESILIE,FAIBLE
2976,1664,4,2022-12-06,ACTIF,MOYEN
2977,1664,5,2022-12-27,ACTIF,ELEVE
2978,1665,1,2022-06-12,ACTIF,ELEVE
2979,1665,2,2022-03-11,ACTIF,ELEVE
2980,1665,3,2022-05-05,ACTIF,FAIBLE
2981,1665,5,2022-11-19,ACTIF,ELEVE
2982,1666,2,2022-01-24,ACTIF,ELEVE
2983,1667,1,2022-11-08,ACTIF,FAIBLE
2984,1667,5,2022-08-09,ACTIF,FAIBLE
2985,1669,1,2022-04-26,ACTIF,ELEVE
2986,1669,2,2022-08-21,ACTIF,ELEVE
2987,1670,3,2022-01-17,ACTIF,MOYEN
2988,1671,1,2022-01-31,ACTIF,FAIBLE
2989,1672,1,2022-06-14,ACTIF,FAIBLE
2990,1672,4,2022-11-10,ACTIF,MOYEN
2991,1672,5,2022-02-17,ACTIF,MOYEN
2992,1673,2,2022-10-29,ACTIF,FAIBLE
2993,1674,2,2022-09-13,RESILIE,FAIBLE
2994,1674,5,2022-09-02,ACTIF,ELEVE
2995,1675,1,2022-08-15,ACTIF,ELEVE
2996,1676,1,2022-02-14,ACTIF,ELEVE
2997,1676,2,2022-08-24,ACTIF,ELEVE
2998,1676,3,2022-04-27,ACTIF,MOYEN
2999,1676,4,2022-09-24,ACTIF,FAIBLE
3000,1676,5,2022-04-14,ACTIF,MOYEN
3001,1677,1,2022-04-29,ACTIF,ELEVE
3002,1677,2,2022-03-04,ACTIF,MOYEN
3003,1678,1,2022-02-20,ACTIF,MOYEN
3004,1678,3,2022-05-22,ACTIF,MOYEN
3005,1679,5,2022-11-24,ACTIF,ELEVE
3006,1680,2,2022-10-21,ACTIF,FAIBLE
3007,1680,5,2022-03-12,ACTIF,FAIBLE
3008,1681,4,2022-08-13,ACTIF,MOYEN
3009,1682,2,2022-07-04,ACTIF,FAIBLE
3010,1682,4,2022-12-30,ACTIF,FAIBLE
3011,1683,2,2022-11-05,ACTIF,ELEVE
3012,1684,2,2022-08-25,ACTIF,FAIBLE
3013,1685,1,2022-05-18,ACTIF,ELEVE
3014,1685,2,2022-12-31,ACTIF,MOYEN
3015,1687,5,2022-07-13,ACTIF,FAIBLE
3016,1688,1,2022-11-21,ACTIF,FAIBLE
3017,1688,2,2022-01-23,ACTIF,MOYEN
3018,1689,2,2022-10-12,ACTIF,MOYEN
3019,1690,2,2022-02-18,ACTIF,ELEVE
3020,1690,3,2022-01-24,ACTIF,MOYEN
3021,1690,5,2022-09-07,ACTIF,FAIBLE
3022,1691,2,2022-06-21,ACTIF,MOYEN
3023,1692,2,2022-06-23,ACTIF,FAIBLE
3024,1693,1,2022-03-16,ACTIF,ELEVE
3025,1693,2,2022-07-25,ACTIF,MOYEN
3026,1694,1,2022-07-28,ACTIF,FAIBLE
3027,1694,2,2022-09-16,ACTIF,FAIBLE
3028,1694,4,2022-02-06,ACTIF,FAIBLE
3029,1695,1,2022-12-23,ACTIF,FAIBLE
3030,1695,2,2022-06-29,ACTIF,ELEVE
3031,1695,3,2022-05-31,ACTIF,FAIBLE
3032,1695,4,2022-01-26,ACTIF,MOYEN
3033,1696,1,2022-11-07,ACTIF,ELEVE
3034,1697,1,2022-07-16,ACTIF,ELEVE
3035,1697,4,2022-12-30,ACTIF,MOYEN
3036,1697,5,2022-05-19,ACTIF,MOYEN
3037,1698,2,2022-10-16,ACTIF,FAIBLE
3038,1698,5,2022-06-12,ACTIF,FAIBLE
3039,1699,3,2022-08-27,ACTIF,ELEVE
3040,1699,5,2022-06-11,ACTIF,MOYEN
3041,1700,2,2022-04-30,ACTIF,MOYEN
3042,1700,5,2022-07-11,ACTIF,MOYEN
3043,1701,2,2022-07-13,ACTIF,MOYEN
3044,1701,5,2022-12-15,ACTIF,FAIBLE
3045,1702,2,2022-04-16,ACTIF,MOYEN
3046,1702,5,2022-12-13,ACTIF,ELEVE
3047,1703,1,2022-10-23,ACTIF,FAIBLE
3048,1703,2,2022-12-23,ACTIF,MOYEN
3049,1703,5,2022-08-25,ACTIF,FAIBLE
3050,1704,4,2022-02-20,ACTIF,ELEVE
3051,1704,5,2022-12-25,ACTIF,FAIBLE
3052,1705,3,2022-10-12,ACTIF,FAIBLE
3053,1705,5,2022-07-28,ACTIF,FAIBLE
3054,1706,2,2022-08-26,ACTIF,FAIBLE
3055,1707,1,2022-03-25,ACTIF,FAIBLE
3056,1707,2,2022-01-19,ACTIF,MOYEN
3057,1707,4,2022-12-10,ACTIF,ELEVE
3058,1707,5,2022-11-02,ACTIF,FAIBLE
3059,1708,4,2022-09-17,ACTIF,FAIBLE
3060,1709,2,2022-05-15,ACTIF,ELEVE
3061,1709,3,2022-04-08,ACTIF,ELEVE
3062,1710,2,2022-05-02,ACTIF,ELEVE
3063,1710,5,2022-04-15,ACTIF,FAIBLE
3064,1711,2,2022-12-15,ACTIF,FAIBLE
3065,1712,2,2022-04-05,ACTIF,ELEVE
3066,1712,4,2022-04-07,ACTIF,MOYEN
3067,1713,2,2022-07-08,ACTIF,ELEVE
3068,1714,1,2022-10-04,ACTIF,ELEVE
3069,1714,5,2022-12-06,ACTIF,ELEVE
3070,1715,2,2022-10-27,RESILIE,FAIBLE
3071,1716,2,2022-11-04,ACTIF,MOYEN
3072,1716,5,2022-10-07,ACTIF,ELEVE
3073,1717,3,2022-04-11,ACTIF,ELEVE
3074,1717,5,2022-12-29,ACTIF,FAIBLE
3075,1718,5,2022-02-11,ACTIF,ELEVE
3076,1719,2,2022-11-06,ACTIF,MOYEN
3077,1719,3,2022-02-28,ACTIF,MOYEN
3078,1719,4,2022-04-03,ACTIF,ELEVE
3079,1719,5,2022-06-15,ACTIF,MOYEN
3080,1720,3,2022-10-30,ACTIF,FAIBLE
3081,1720,4,2022-10-23,ACTIF,MOYEN
3082,1720,5,2022-04-21,ACTIF,FAIBLE
3083,1721,4,2022-05-09,ACTIF,FAIBLE
3084,1722,4,2022-12-14,ACTIF,ELEVE
3085,1722,5,2022-05-18,ACTIF,MOYEN
3086,1723,2,2022-07-19,ACTIF,MOYEN
3087,1723,5,2022-05-08,ACTIF,MOYEN
3088,1724,5,2022-02-28,ACTIF,ELEVE
3089,1725,1,2022-09-19,ACTIF,MOYEN
3090,1726,1,2022-07-08,ACTIF,ELEVE
3091,1726,2,2022-12-30,ACTIF,ELEVE
3092,1726,3,2022-06-14,ACTIF,MOYEN
3093,1726,5,2022-11-29,ACTIF,MOYEN
3094,1727,1,2022-06-01,ACTIF,MOYEN
3095,1727,2,2022-08-03,ACTIF,MOYEN
3096,1727,3,2022-09-18,ACTIF,ELEVE
3097,1729,2,2022-08-14,ACTIF,FAIBLE
3098,1729,4,2022-10-03,RESILIE,ELEVE
3099,1729,5,2022-09-24,ACTIF,MOYEN
3100,1730,1,2022-11-24,ACTIF,ELEVE
3101,1730,4,2022-03-18,ACTIF,FAIBLE
3102,1731,1,2022-11-15,ACTIF,MOYEN
3103,1731,2,2022-09-26,ACTIF,ELEVE
3104,1732,1,2022-11-30,ACTIF,MOYEN
3105,1732,5,2022-02-06,ACTIF,FAIBLE
3106,1733,2,2022-07-21,ACTIF,MOYEN
3107,1733,4,2022-04-02,ACTIF,ELEVE
3108,1733,5,2022-12-23,ACTIF,MOYEN
3109,1734,5,2022-06-26,ACTIF,MOYEN
3110,1735,4,2022-11-04,ACTIF,MOYEN
3111,1735,5,2022-08-24,ACTIF,MOYEN
3112,1736,4,2022-07-10,RESILIE,FAIBLE
3113,1736,5,2022-08-11,ACTIF,FAIBLE
3114,1737,1,2022-06-14,ACTIF,ELEVE
3115,1737,4,2022-02-28,ACTIF,MOYEN
3116,1738,5,2022-07-05,ACTIF,MOYEN
3117,1739,2,2022-04-23,ACTIF,MOYEN
3118,1739,3,2022-01-26,ACTIF,MOYEN
3119,1740,2,2022-11-13,ACTIF,MOYEN
3120,1740,4,2023-01-01,ACTIF,FAIBLE
3121,1741,2,2022-03-12,ACTIF,MOYEN
3122,1741,3,2022-05-10,ACTIF,MOYEN
3123,1741,4,2022-03-10,ACTIF,FAIBLE
3124,1741,5,2022-10-31,ACTIF,FAIBLE
3125,1742,3,2022-11-22,ACTIF,FAIBLE
3126,1743,1,2022-02-20,ACTIF,ELEVE
3127,1743,5,2022-08-29,ACTIF,ELEVE
3128,1744,1,2022-02-05,ACTIF,MOYEN
3129,1744,2,2022-10-28,ACTIF,MOYEN
3130,1744,5,2022-08-18,ACTIF,MOYEN
3131,1745,2,2022-02-22,ACTIF,ELEVE
3132,1745,3,2022-02-11,ACTIF,MOYEN
3133,1747,4,2022-11-19,ACTIF,MOYEN
3134,1748,2,2022-07-03,ACTIF,MOYEN
3135,1748,3,2022-03-24,ACTIF,FAIBLE
3136,1748,4,2022-05-31,ACTIF,ELEVE
3137,1748,5,2022-12-01,ACTIF,ELEVE
3138,1749,1,2022-10-29,ACTIF,ELEVE
3139,1749,2,2022-11-13,ACTIF,MOYEN
3140,1749,4,2022-12-27,ACTIF,MOYEN
3141,1749,5,2022-10-22,ACTIF,ELEVE
3142,1751,2,2022-11-01,RESILIE,FAIBLE
3143,1751,5,2022-11-11,ACTIF,FAIBLE
3144,1752,2,2022-02-12,ACTIF,ELEVE
3145,1752,5,2022-02-12,ACTIF,MOYEN
3146,1753,1,2022-07-10,ACTIF,ELEVE
3147,1753,3,2022-11-20,ACTIF,MOYEN
3148,1753,5,2022-09-16,ACTIF,MOYEN
3149,1754,4,2022-03-20,ACTIF,MOYEN
3150,1754,5,2022-09-02,ACTIF,ELEVE
3151,1756,2,2022-01-25,ACTIF,ELEVE
3152,1757,2,2022-01-31,ACTIF,FAIBLE
3153,1758,2,2022-06-30,RESILIE,MOYEN
3154,1759,5,2022-05-21,ACTIF,FAIBLE
3155,1760,4,2022-08-12,ACTIF,ELEVE
3156,1761,2,2022-05-15,ACTIF,FAIBLE
3157,1761,5,2022-01-21,ACTIF,FAIBLE
3158,1762,2,2023-01-01,ACTIF,ELEVE
3159,1762,5,2022-07-22,ACTIF,MOYEN
3160,1763,4,2022-05-23,RESILIE,MOYEN
3161,1764,1,2022-03-24,ACTIF,FAIBLE
3162,1764,2,2022-02-09,ACTIF,ELEVE
3163,1765,4,2022-01-20,ACTIF,FAIBLE
3164,1766,2,2022-08-01,ACTIF,MOYEN
3165,1766,5,2022-08-18,ACTIF,ELEVE
3166,1767,4,2022-06-26,ACTIF,FAIBLE
3167,1767,5,2022-06-04,ACTIF,FAIBLE
3168,1768,2,2022-06-01,ACTIF,ELEVE
3169,1769,1,2022-04-15,ACTIF,MOYEN
3170,1770,2,2022-07-03,ACTIF,MOYEN
3171,1770,5,2022-10-25,ACTIF,MOYEN
3172,1771,1,2022-08-05,ACTIF,MOYEN
3173,1772,4,2022-08-16,ACTIF,MOYEN
3174,1772,5,2022-10-16,ACTIF,MOYEN
3175,1773,4,2022-04-18,ACTIF,ELEVE
3176,1774,1,2022-12-06,ACTIF,MOYEN
3177,1774,5,2022-12-19,ACTIF,FAIBLE
3178,1775,2,2022-08-14,ACTIF,MOYEN
3179,1775,4,2022-02-11,ACTIF,FAIBLE
3180,1777,5,2022-12-09,ACTIF,MOYEN
3181,1778,1,2022-08-24,ACTIF,FAIBLE
3182,1779,3,2022-05-23,ACTIF,ELEVE
3183,1780,2,2022-05-27,ACTIF,FAIBLE
3184,1780,4,2022-06-27,ACTIF,FAIBLE
3185,1781,2,2022-05-29,ACTIF,FAIBLE
3186,1781,4,2022-06-02,ACTIF,MOYEN
3187,1781,5,2022-02-15,ACTIF,MOYEN
3188,1782,3,2022-12-01,ACTIF,ELEVE
3189,1782,5,2022-08-29,ACTIF,FAIBLE
3190,1783,2,2022-06-26,ACTIF,ELEVE
3191,1784,1,2022-03-22,ACTIF,ELEVE
3192,1784,2,2022-12-26,ACTIF,FAIBLE
3193,1785,1,2022-11-06,ACTIF,MOYEN
3194,1785,2,2022-09-14,ACTIF,ELEVE
3195,1785,3,2022-07-10,ACTIF,ELEVE
3196,1785,4,2022-02-04,ACTIF,FAIBLE
3197,1786,2,2022-04-21,ACTIF,ELEVE
3198,1786,4,2022-07-04,ACTIF,ELEVE
3199,1787,5,2022-10-01,ACTIF,MOYEN
3200,1790,1,2022-01-31,ACTIF,ELEVE
3201,1790,2,2022-10-19,ACTIF,ELEVE
3202,1791,1,2022-10-14,ACTIF,FAIBLE
3203,1792,1,2022-09-01,ACTIF,ELEVE
3204,1792,3,2022-11-20,ACTIF,ELEVE
3205,1794,5,2022-12-24,ACTIF,MOYEN
3206,1795,2,2022-05-03,ACTIF,FAIBLE
3207,1796,2,2022-07-03,ACTIF,FAIBLE
3208,1796,4,2022-03-24,ACTIF,FAIBLE
3209,1797,2,2022-05-25,ACTIF,MOYEN
3210,1797,4,2022-09-09,ACTIF,MOYEN
3211,1797,5,2022-08-08,ACTIF,MOYEN
3212,1798,1,2022-09-26,ACTIF,FAIBLE
3213,1798,2,2022-06-17,ACTIF,ELEVE
3214,1798,5,2022-09-17,ACTIF,FAIBLE
3215,1799,2,2022-10-20,ACTIF,ELEVE
3216,1799,4,2022-04-18,ACTIF,FAIBLE
3217,1800,2,2022-12-30,ACTIF,ELEVE
3218,1800,5,2022-03-21,ACTIF,MOYEN
3219,1802,5,2022-08-19,ACTIF,MOYEN
3220,1803,2,2022-05-22,RESILIE,FAIBLE
3221,1803,5,2022-12-15,ACTIF,FAIBLE
3222,1804,4,2022-07-04,RESILIE,FAIBLE
3223,1805,1,2022-09-25,ACTIF,MOYEN
3224,1805,5,2022-02-04,ACTIF,ELEVE
3225,1806,2,2022-12-21,ACTIF,FAIBLE
3226,1806,4,2022-06-18,ACTIF,MOYEN
3227,1806,5,2022-06-08,ACTIF,MOYEN
3228,1807,3,2022-09-05,ACTIF,ELEVE
3229,1808,2,2022-05-26,ACTIF,FAIBLE
3230,1808,3,2022-09-08,ACTIF,FAIBLE
3231,1808,4,2022-12-20,ACTIF,MOYEN
3232,1811,5,2022-01-26,ACTIF,FAIBLE
3233,1812,1,2022-12-03,ACTIF,MOYEN
3234,1812,2,2022-11-13,ACTIF,ELEVE
3235,1813,2,2022-11-10,ACTIF,ELEVE
3236,1814,5,2022-05-07,ACTIF,FAIBLE
3237,1815,1,2022-05-05,ACTIF,FAIBLE
3238,1815,2,2022-05-31,ACTIF,ELEVE
3239,1815,3,2022-09-10,ACTIF,FAIBLE
3240,1815,4,2022-09-12,ACTIF,MOYEN
3241,1815,5,2022-04-29,ACTIF,ELEVE
3242,1816,2,2022-03-02,ACTIF,MOYEN
3243,1816,3,2022-02-26,ACTIF,FAIBLE
3244,1817,2,2022-07-13,ACTIF,ELEVE
3245,1821,2,2022-04-11,ACTIF,MOYEN
3246,1821,5,2022-08-07,ACTIF,MOYEN
3247,1822,3,2022-03-08,ACTIF,FAIBLE
3248,1823,1,2022-10-14,RESILIE,FAIBLE
3249,1824,3,2022-07-05,ACTIF,FAIBLE
3250,1825,2,2022-09-04,ACTIF,FAIBLE
3251,1825,5,2022-08-18,ACTIF,ELEVE
3252,1826,1,2022-09-15,ACTIF,FAIBLE
3253,1826,5,2022-12-07,ACTIF,MOYEN
3254,1827,1,2022-04-14,ACTIF,MOYEN
3255,1829,1,2022-12-02,ACTIF,MOYEN
3256,1830,2,2022-05-31,ACTIF,ELEVE
3257,1831,1,2022-08-29,ACTIF,ELEVE
3258,1831,2,2022-03-06,ACTIF,ELEVE
3259,1832,1,2022-02-14,ACTIF,ELEVE
3260,1832,3,2022-11-14,ACTIF,MOYEN
3261,1832,4,2022-12-08,ACTIF,ELEVE
3262,1834,1,2022-08-05,ACTIF,FAIBLE
3263,1835,2,2022-10-23,ACTIF,ELEVE
3264,1835,3,2022-08-13,ACTIF,MOYEN
3265,1836,1,2022-11-06,ACTIF,ELEVE
3266,1836,4,2022-04-28,ACTIF,MOYEN
3267,1836,5,2022-05-23,ACTIF,MOYEN
3268,1837,1,2022-10-10,ACTIF,MOYEN
3269,1837,5,2022-03-31,ACTIF,MOYEN
3270,1838,1,2022-08-21,ACTIF,MOYEN
3271,1838,2,2022-10-17,ACTIF,MOYEN
3272,1838,5,2022-06-19,ACTIF,FAIBLE
3273,1839,1,2022-08-04,ACTIF,ELEVE
3274,1839,2,2022-09-20,ACTIF,FAIBLE
3275,1839,4,2022-07-06,ACTIF,FAIBLE
3276,1839,5,2022-11-13,ACTIF,FAIBLE
3277,1840,1,2022-10-12,ACTIF,FAIBLE
3278,1840,2,2022-05-01,ACTIF,FAIBLE
3279,1840,5,2022-12-25,ACTIF,ELEVE
3280,1841,2,2022-06-01,ACTIF,FAIBLE
3281,1841,3,2022-08-30,ACTIF,ELEVE
3282,1842,1,2022-04-19,ACTIF,FAIBLE
3283,1843,1,2022-11-15,ACTIF,FAIBLE
3284,1843,2,2022-09-09,ACTIF,FAIBLE
3285,1843,4,2022-10-26,ACTIF,MOYEN
3286,1844,1,2022-12-02,ACTIF,MOYEN
3287,1844,2,2022-08-29,ACTIF,MOYEN
3288,1845,4,2022-10-22,ACTIF,ELEVE
3289,1845,5,2022-08-27,ACTIF,FAIBLE
3290,1846,2,2022-11-22,ACTIF,MOYEN
3291,1846,5,2022-05-27,ACTIF,MOYEN
3292,1847,4,2022-01-23,ACTIF,ELEVE
3293,1847,5,2022-05-23,ACTIF,MOYEN
3294,1848,4,2022-05-30,ACTIF,FAIBLE
3295,1849,2,2022-03-08,ACTIF,MOYEN
3296,1849,4,2022-12-10,ACTIF,ELEVE
3297,1849,5,2022-04-12,ACTIF,ELEVE
3298,1850,4,2022-10-29,ACTIF,ELEVE
3299,1850,5,2022-09-07,ACTIF,MOYEN
3300,1851,5,2022-09-29,ACTIF,MOYEN
3301,1852,2,2022-11-14,ACTIF,FAIBLE
3302,1853,1,2022-10-12,ACTIF,FAIBLE
3303,1853,2,2022-10-18,ACTIF,ELEVE
3304,1853,3,2022-12-07,ACTIF,FAIBLE
3305,1853,4,2022-03-06,ACTIF,ELEVE
3306,1853,5,2022-10-27,ACTIF,ELEVE
3307,1854,1,2022-11-01,ACTIF,FAIBLE
3308,1854,2,2022-03-21,ACTIF,MOYEN
3309,1855,2,2022-08-01,ACTIF,MOYEN
3310,1855,4,2022-01-22,ACTIF,ELEVE
3311,1856,1,2022-03-18,ACTIF,ELEVE
3312,1856,3,2022-05-22,ACTIF,FAIBLE
3313,1857,1,2022-08-07,ACTIF,ELEVE
3314,1858,1,2022-04-23,ACTIF,FAIBLE
3315,1858,2,2022-10-20,ACTIF,FAIBLE
3316,1859,1,2022-11-14,ACTIF,MOYEN
3317,1859,3,2022-07-22,ACTIF,MOYEN
3318,1860,3,2022-01-17,ACTIF,ELEVE
3319,1860,5,2022-12-21,ACTIF,FAIBLE
3320,1861,2,2022-04-05,ACTIF,ELEVE
3321,1862,1,2022-04-11,ACTIF,ELEVE
3322,1862,2,2022-11-10,ACTIF,ELEVE
3323,1863,2,2022-11-24,ACTIF,FAIBLE
3324,1863,5,2022-10-11,ACTIF,ELEVE
3325,1864,2,2022-10-06,ACTIF,ELEVE
3326,1864,4,2022-10-07,ACTIF,ELEVE
3327,1864,5,2022-12-21,ACTIF,ELEVE
3328,1865,1,2022-10-27,ACTIF,MOYEN
3329,1865,2,2022-12-07,ACTIF,FAIBLE
3330,1865,3,2022-11-11,ACTIF,ELEVE
3331,1865,4,2022-12-28,ACTIF,ELEVE
3332,1865,5,2022-11-01,ACTIF,MOYEN
3333,1866,1,2022-02-06,ACTIF,FAIBLE
3334,1867,1,2022-05-30,ACTIF,ELEVE
3335,1867,2,2022-11-27,ACTIF,FAIBLE
3336,1867,3,2022-06-08,ACTIF,MOYEN
3337,1867,4,2022-09-20,ACTIF,MOYEN
3338,1867,5,2022-02-07,ACTIF,ELEVE
3339,1868,5,2022-10-19,RESILIE,FAIBLE
3340,1869,2,2022-01-26,ACTIF,FAIBLE
3341,1870,1,2022-09-27,ACTIF,MOYEN
3342,1870,5,2022-04-01,ACTIF,ELEVE
3343,1871,1,2022-07-11,ACTIF,ELEVE
3344,1871,4,2022-10-23,ACTIF,MOYEN
3345,1872,1,2022-03-10,ACTIF,MOYEN
3346,1872,3,2022-05-04,ACTIF,MOYEN
3347,1872,4,2022-04-21,ACTIF,MOYEN
3348,1873,1,2022-09-20,ACTIF,ELEVE
3349,1873,2,2022-07-11,ACTIF,FAIBLE
3350,1873,3,2022-12-15,ACTIF,MOYEN
3351,1873,4,2022-06-02,ACTIF,MOYEN
3352,1874,2,2022-09-21,ACTIF,FAIBLE
3353,1875,1,2022-02-12,ACTIF,ELEVE
3354,1875,2,2022-03-24,ACTIF,ELEVE
3355,1875,3,2022-11-28,ACTIF,FAIBLE
3356,1875,5,2022-08-17,ACTIF,FAIBLE
3357,1877,2,2022-12-29,ACTIF,FAIBLE
3358,1877,3,2022-10-31,ACTIF,MOYEN
3359,1877,5,2022-08-25,ACTIF,ELEVE
3360,1879,2,2022-03-28,ACTIF,MOYEN
3361,1881,4,2022-10-04,ACTIF,MOYEN
3362,1881,5,2022-02-12,ACTIF,FAIBLE
3363,1882,1,2022-12-10,ACTIF,MOYEN
3364,1882,2,2022-06-11,ACTIF,MOYEN
3365,1883,2,2022-09-06,ACTIF,FAIBLE
3366,1883,3,2022-06-24,ACTIF,MOYEN
3367,1883,5,2022-04-26,ACTIF,MOYEN
3368,1884,2,2022-03-11,ACTIF,FAIBLE
3369,1884,5,2022-12-12,ACTIF,MOYEN
3370,1885,4,2022-04-17,ACTIF,ELEVE
3371,1885,5,2022-04-23,ACTIF,FAIBLE
3372,1886,2,2022-11-27,ACTIF,ELEVE
3373,1887,1,2022-01-18,ACTIF,FAIBLE
3374,1887,2,2022-09-08,ACTIF,MOYEN
3375,1887,3,2022-02-11,ACTIF,MOYEN
3376,1888,5,2022-08-16,ACTIF,ELEVE
3377,1890,4,2022-10-01,ACTIF,MOYEN
3378,1891,1,2022-10-12,ACTIF,ELEVE
3379,1891,2,2022-06-22,ACTIF,ELEVE
3380,1891,5,2022-11-28,ACTIF,MOYEN
3381,1892,1,2022-02-19,ACTIF,ELEVE
3382,1892,3,2022-01-30,ACTIF,MOYEN
3383,1892,4,2022-08-18,ACTIF,FAIBLE
3384,1893,2,2022-12-03,ACTIF,ELEVE
3385,1893,5,2022-08-30,ACTIF,MOYEN
3386,1894,3,2022-04-13,ACTIF,MOYEN
3387,1894,4,2022-09-26,ACTIF,ELEVE
3388,1895,1,2022-10-09,ACTIF,ELEVE
3389,1895,2,2022-06-22,ACTIF,FAIBLE
3390,1895,5,2022-11-10,ACTIF,ELEVE
3391,1896,1,2022-07-24,ACTIF,ELEVE
3392,1896,3,2022-07-12,ACTIF,MOYEN
3393,1896,4,2022-03-09,RESILIE,MOYEN
3394,1897,5,2022-03-21,ACTIF,ELEVE
3395,1898,1,2022-09-26,ACTIF,ELEVE
3396,1898,2,2022-09-10,ACTIF,MOYEN
3397,1898,4,2022-02-23,RESILIE,FAIBLE
3398,1898,5,2022-12-05,ACTIF,MOYEN
3399,1899,2,2022-05-02,ACTIF,MOYEN
3400,1899,3,2022-12-14,ACTIF,ELEVE
3401,1899,5,2022-07-22,ACTIF,MOYEN
3402,1901,1,2022-04-13,ACTIF,MOYEN
3403,1901,2,2022-03-02,ACTIF,MOYEN
3404,1901,4,2022-07-14,ACTIF,FAIBLE
3405,1902,4,2022-12-19,ACTIF,MOYEN
3406,1902,5,2022-02-11,ACTIF,ELEVE
3407,1903,1,2022-05-21,ACTIF,MOYEN
3408,1903,2,2022-04-12,ACTIF,MOYEN
3409,1903,5,2022-05-17,ACTIF,FAIBLE
3410,1904,5,2022-07-22,ACTIF,ELEVE
3411,1905,2,2022-12-06,ACTIF,FAIBLE
3412,1905,3,2022-09-24,ACTIF,FAIBLE
3413,1906,5,2022-05-18,ACTIF,ELEVE
3414,1907,3,2022-05-29,ACTIF,FAIBLE
3415,1907,5,2022-08-03,ACTIF,ELEVE
3416,1908,1,2022-07-11,ACTIF,ELEVE
3417,1908,5,2022-10-11,ACTIF,FAIBLE
3418,1910,1,2022-06-20,ACTIF,MOYEN
3419,1910,3,2022-09-05,ACTIF,MOYEN
3420,1911,1,2022-06-30,ACTIF,ELEVE
3421,1911,4,2022-08-07,ACTIF,MOYEN
3422,1911,5,2022-11-14,ACTIF,MOYEN
3423,1912,3,2022-04-12,ACTIF,MOYEN
3424,1912,4,2022-01-25,ACTIF,FAIBLE
3425,1914,5,2022-02-25,ACTIF,ELEVE
3426,1915,1,2022-06-19,ACTIF,ELEVE
3427,1915,2,2022-04-04,ACTIF,ELEVE
3428,1915,3,2022-03-30,ACTIF,FAIBLE
3429,1916,2,2022-01-17,ACTIF,ELEVE
3430,1916,5,2022-03-31,ACTIF,MOYEN
3431,1917,1,2022-06-12,ACTIF,FAIBLE
3432,1917,2,2022-03-24,ACTIF,ELEVE
3433,1917,3,2022-04-23,ACTIF,FAIBLE
3434,1917,5,2022-12-19,ACTIF,ELEVE
3435,1918,2,2022-12-10,ACTIF,ELEVE
3436,1918,5,2022-05-13,ACTIF,FAIBLE
3437,1919,2,2022-09-21,ACTIF,MOYEN
3438,1920,4,2022-10-18,ACTIF,ELEVE
3439,1921,2,2022-02-20,ACTIF,MOYEN
3440,1921,3,2022-12-10,ACTIF,MOYEN
3441,1921,4,2022-05-21,ACTIF,FAIBLE
3442,1921,5,2022-04-22,ACTIF,FAIBLE
3443,1922,1,2022-09-13,ACTIF,ELEVE
3444,1922,2,2022-04-27,ACTIF,MOYEN
3445,1922,3,2022-06-29,ACTIF,ELEVE
3446,1923,2,2022-04-19,ACTIF,ELEVE
3447,1923,4,2022-06-08,ACTIF,MOYEN
3448,1923,5,2022-04-21,ACTIF,FAIBLE
3449,1924,2,2022-02-27,ACTIF,FAIBLE
3450,1924,4,2022-04-09,ACTIF,FAIBLE
3451,1925,3,2022-11-09,ACTIF,ELEVE
3452,1926,4,2022-04-13,ACTIF,MOYEN
3453,1926,5,2022-11-14,ACTIF,FAIBLE
3454,1927,2,2022-01-29,ACTIF,ELEVE
3455,1927,4,2022-05-12,ACTIF,ELEVE
3456,1927,5,2022-08-16,ACTIF,FAIBLE
3457,1928,2,2022-12-11,ACTIF,MOYEN
3458,1928,4,2022-07-10,ACTIF,ELEVE
3459,1929,2,2022-10-10,ACTIF,MOYEN
3460,1932,1,2022-04-20,ACTIF,MOYEN
3461,1933,1,2022-09-19,ACTIF,FAIBLE
3462,1933,3,2022-08-27,ACTIF,ELEVE
3463,1933,5,2022-12-30,ACTIF,MOYEN
3464,1934,3,2022-11-29,ACTIF,FAIBLE
3465,1934,4,2022-07-22,ACTIF,ELEVE
3466,1934,5,2022-10-27,ACTIF,ELEVE
3467,1935,3,2022-12-20,ACTIF,FAIBLE
3468,1935,5,2022-12-31,ACTIF,MOYEN
3469,1936,4,2022-03-13,ACTIF,ELEVE
3470,1937,2,2022-08-14,ACTIF,FAIBLE
3471,1937,4,2022-12-19,ACTIF,MOYEN
3472,1939,4,2022-04-28,ACTIF,MOYEN
3473,1939,5,2022-06-12,ACTIF,MOYEN
3474,1940,2,2022-08-24,ACTIF,MOYEN
3475,1940,4,2022-08-12,ACTIF,ELEVE
3476,1941,1,2022-02-15,ACTIF,ELEVE
3477,1942,1,2022-06-01,ACTIF,FAIBLE
3478,1942,2,2022-02-18,ACTIF,MOYEN
3479,1943,1,2022-07-21,ACTIF,FAIBLE
3480,1943,4,2022-07-21,ACTIF,FAIBLE
3481,1944,1,2022-08-31,ACTIF,MOYEN
3482,1944,2,2022-08-26,ACTIF,MOYEN
3483,1944,4,2022-04-09,ACTIF,ELEVE
3484,1945,1,2022-09-11,ACTIF,ELEVE
3485,1945,2,2022-02-25,ACTIF,ELEVE
3486,1945,3,2022-02-03,ACTIF,FAIBLE
3487,1946,2,2022-08-04,ACTIF,ELEVE
3488,1946,4,2022-10-03,ACTIF,MOYEN
3489,1947,1,2022-06-08,ACTIF,MOYEN
3490,1947,5,2022-04-12,ACTIF,ELEVE
3491,1948,1,2022-06-15,ACTIF,ELEVE
3492,1948,2,2022-11-03,ACTIF,ELEVE
3493,1948,5,2022-05-31,ACTIF,FAIBLE
3494,1949,1,2022-02-05,ACTIF,ELEVE
3495,1949,4,2022-07-13,ACTIF,MOYEN
3496,1949,5,2022-07-21,ACTIF,ELEVE
3497,1950,2,2022-08-02,ACTIF,MOYEN
3498,1950,5,2022-03-16,ACTIF,MOYEN
3499,1951,2,2022-02-21,ACTIF,MOYEN
3500,1951,4,2022-03-24,ACTIF,MOYEN
3501,1952,1,2022-05-13,ACTIF,ELEVE
3502,1952,2,2022-07-06,ACTIF,FAIBLE
3503,1953,2,2022-05-02,ACTIF,MOYEN
3504,1953,4,2022-03-10,ACTIF,ELEVE
3505,1954,1,2022-05-26,ACTIF,ELEVE
3506,1954,2,2022-06-27,ACTIF,MOYEN
3507,1954,4,2022-04-28,ACTIF,MOYEN
3508,1954,5,2022-01-19,ACTIF,MOYEN
3509,1955,4,2022-04-16,ACTIF,MOYEN
3510,1957,1,2022-05-13,ACTIF,FAIBLE
3511,1957,2,2022-01-23,ACTIF,ELEVE
3512,1957,4,2022-02-23,RESILIE,ELEVE
3513,1958,2,2022-02-15,ACTIF,FAIBLE
3514,1958,5,2022-12-01,ACTIF,MOYEN
3515,1959,1,2022-11-12,ACTIF,FAIBLE
3516,1959,5,2022-06-21,ACTIF,ELEVE
3517,1960,4,2022-07-17,ACTIF,MOYEN
3518,1960,5,2022-07-04,ACTIF,FAIBLE
3519,1963,2,2022-02-20,ACTIF,FAIBLE
3520,1964,2,2022-08-22,ACTIF,MOYEN
3521,1964,4,2022-08-01,ACTIF,MOYEN
3522,1964,5,2022-09-25,ACTIF,FAIBLE
3523,1965,2,2022-02-12,ACTIF,ELEVE
3524,1966,2,2022-03-06,ACTIF,MOYEN
3525,1966,3,2022-10-30,ACTIF,FAIBLE
3526,1966,5,2022-08-02,ACTIF,ELEVE
3527,1967,1,2022-04-03,ACTIF,ELEVE
3528,1967,2,2022-03-16,ACTIF,ELEVE
3529,1967,5,2022-12-31,ACTIF,ELEVE
3530,1969,1,2022-06-03,ACTIF,FAIBLE
3531,1969,4,2022-12-17,ACTIF,ELEVE
3532,1970,2,2022-08-14,ACTIF,FAIBLE
3533,1970,5,2022-11-10,ACTIF,ELEVE
3534,1971,1,2022-08-04,ACTIF,MOYEN
3535,1971,4,2022-07-09,ACTIF,MOYEN
3536,1972,2,2022-02-09,ACTIF,ELEVE
3537,1972,4,2022-12-02,ACTIF,ELEVE
3538,1972,5,2022-11-14,ACTIF,ELEVE
3539,1973,5,2022-02-24,ACTIF,ELEVE
3540,1974,1,2022-02-19,ACTIF,FAIBLE
3541,1974,2,2022-08-04,ACTIF,FAIBLE
3542,1975,4,2022-03-17,ACTIF,ELEVE
3543,1977,2,2022-03-04,ACTIF,MOYEN
3544,1977,5,2022-03-17,ACTIF,MOYEN
3545,1978,1,2022-01-27,RESILIE,ELEVE
3546,1978,5,2022-04-27,ACTIF,ELEVE
3547,1979,1,2022-09-01,ACTIF,MOYEN
3548,1979,3,2022-04-16,ACTIF,ELEVE
3549,1979,5,2022-10-29,ACTIF,MOYEN
3550,1980,1,2022-11-10,ACTIF,FAIBLE
3551,1980,5,2022-08-06,RESILIE,MOYEN
3552,1981,4,2022-06-26,ACTIF,FAIBLE
3553,1982,2,2022-11-18,ACTIF,FAIBLE
3554,1982,4,2022-09-07,ACTIF,ELEVE
3555,1983,1,2022-09-25,ACTIF,ELEVE
3556,1983,2,2022-01-17,ACTIF,FAIBLE
3557,1983,4,2022-04-03,ACTIF,FAIBLE
3558,1983,5,2022-08-11,ACTIF,FAIBLE
3559,1985,2,2022-08-09,ACTIF,MOYEN
3560,1985,3,2022-08-06,ACTIF,MOYEN
3561,1985,5,2022-05-10,ACTIF,ELEVE
3562,1986,4,2022-12-13,ACTIF,FAIBLE
3563,1986,5,2022-09-11,ACTIF,ELEVE
3564,1987,2,2022-01-25,ACTIF,MOYEN
3565,1987,5,2022-07-30,ACTIF,FAIBLE
3566,1988,1,2022-12-14,ACTIF,MOYEN
3567,1988,2,2022-07-04,ACTIF,ELEVE
3568,1988,3,2022-10-14,ACTIF,ELEVE
3569,1990,2,2022-06-05,ACTIF,MOYEN
3570,1990,4,2022-02-06,ACTIF,FAIBLE
3571,1990,5,2022-08-29,ACTIF,MOYEN
3572,1991,2,2022-05-10,ACTIF,ELEVE
3573,1991,5,2022-05-14,ACTIF,MOYEN
3574,1992,5,2022-05-10,ACTIF,ELEVE
3575,1993,1,2022-08-04,ACTIF,FAIBLE
3576,1993,4,2022-11-05,ACTIF,FAIBLE
3577,1993,5,2022-11-15,ACTIF,FAIBLE
3578,1994,3,2022-04-29,ACTIF,MOYEN
3579,1994,5,2022-02-20,ACTIF,FAIBLE
3580,1996,2,2022-07-28,ACTIF,MOYEN
3581,1997,1,2022-06-23,ACTIF,FAIBLE
3582,1997,4,2022-11-07,ACTIF,FAIBLE
3583,1997,5,2022-12-08,ACTIF,FAIBLE
3584,1998,1,2022-06-15,ACTIF,ELEVE
3585,1998,5,2022-04-27,ACTIF,ELEVE
3586,1999,4,2022-03-18,ACTIF,MOYEN
3587,2000,2,2022-08-11,RESILIE,MOYEN
3588,2000,3,2022-10-27,ACTIF,ELEVE
3589,2000,5,2022-04-29,ACTIF,FAIBLE
